iso_timestamp,unix_ts,cpu_pct,mem_used_gb,mem_total_gb,mem_pct,disk_used_gb,disk_total_gb,disk_pct,load_1m,load_5m,load_15m
2026-05-18T00:00:01+00:00,1779062401.234,99.86,106.114,125.789,84.36,138.077,155.643,88.71,35.26,35.92,36.00
2026-05-18T00:00:06+00:00,1779062406.264,99.84,106.119,125.789,84.36,138.084,155.643,88.72,35.16,35.89,35.99
2026-05-18T00:00:11+00:00,1779062411.266,99.85,106.132,125.789,84.37,138.091,155.643,88.72,34.99,35.84,35.97
2026-05-18T00:00:16+00:00,1779062416.267,99.84,106.147,125.789,84.39,138.098,155.643,88.73,35.71,35.97,36.01
2026-05-18T00:00:21+00:00,1779062421.269,99.81,106.110,125.789,84.36,138.107,155.643,88.73,35.41,35.91,35.99
2026-05-18T00:00:26+00:00,1779062426.270,99.82,106.147,125.789,84.38,138.117,155.643,88.74,35.14,35.84,35.97
2026-05-18T00:00:31+00:00,1779062431.271,99.82,106.200,125.789,84.43,138.134,155.643,88.75,34.89,35.78,35.95
2026-05-18T00:00:36+00:00,1779062436.273,99.82,106.217,125.789,84.44,138.157,155.643,88.77,34.66,35.71,35.93
2026-05-18T00:00:41+00:00,1779062441.274,99.83,106.183,125.789,84.41,138.174,155.643,88.78,34.60,35.69,35.92
2026-05-18T00:00:46+00:00,1779062446.275,99.84,106.175,125.789,84.41,138.184,155.643,88.78,34.47,35.64,35.90
2026-05-18T00:00:51+00:00,1779062451.277,99.85,106.176,125.789,84.41,138.195,155.643,88.79,34.28,35.58,35.88
2026-05-18T00:00:56+00:00,1779062456.278,99.82,106.181,125.789,84.41,138.204,155.643,88.80,34.09,35.52,35.86
2026-05-18T00:01:01+00:00,1779062461.280,99.83,106.189,125.789,84.42,138.212,155.643,88.80,34.01,35.48,35.84
2026-05-18T00:01:06+00:00,1779062466.281,99.84,106.195,125.789,84.42,138.219,155.643,88.81,33.93,35.44,35.83
2026-05-18T00:01:11+00:00,1779062471.282,99.84,106.204,125.789,84.43,138.225,155.643,88.81,33.77,35.38,35.81
2026-05-18T00:01:16+00:00,1779062476.284,99.84,106.217,125.789,84.44,138.232,155.643,88.81,33.63,35.32,35.78
2026-05-18T00:01:21+00:00,1779062481.286,99.84,106.230,125.789,84.45,138.239,155.643,88.82,34.70,35.52,35.85
2026-05-18T00:01:26+00:00,1779062486.288,99.84,106.233,125.789,84.45,138.249,155.643,88.82,35.44,35.66,35.89
2026-05-18T00:01:31+00:00,1779062491.289,99.84,106.242,125.789,84.46,138.257,155.643,88.83,35.33,35.63,35.88
2026-05-18T00:01:36+00:00,1779062496.291,99.83,106.255,125.789,84.47,138.263,155.643,88.83,35.06,35.57,35.86
2026-05-18T00:01:41+00:00,1779062501.292,99.84,106.275,125.789,84.49,138.270,155.643,88.84,34.82,35.51,35.84
2026-05-18T00:01:46+00:00,1779062506.293,99.84,106.285,125.789,84.50,138.277,155.643,88.84,34.67,35.47,35.82
2026-05-18T00:01:51+00:00,1779062511.295,99.84,106.306,125.789,84.51,138.285,155.643,88.85,34.62,35.44,35.81
2026-05-18T00:01:56+00:00,1779062516.296,99.79,106.358,125.789,84.55,138.293,155.643,88.85,34.49,35.40,35.80
2026-05-18T00:02:01+00:00,1779062521.297,99.83,106.377,125.789,84.57,138.306,155.643,88.86,34.29,35.35,35.78
2026-05-18T00:02:06+00:00,1779062526.299,99.84,106.392,125.789,84.58,138.325,155.643,88.87,34.10,35.29,35.75
2026-05-18T00:02:11+00:00,1779062531.300,99.78,106.388,125.789,84.58,138.341,155.643,88.88,33.94,35.24,35.73
2026-05-18T00:02:16+00:00,1779062536.301,99.81,106.384,125.789,84.57,138.352,155.643,88.89,33.86,35.20,35.72
2026-05-18T00:02:21+00:00,1779062541.303,99.84,106.389,125.789,84.58,138.362,155.643,88.90,34.11,35.23,35.73
2026-05-18T00:02:26+00:00,1779062546.304,99.86,106.391,125.789,84.58,138.372,155.643,88.90,34.34,35.26,35.73
2026-05-18T00:02:31+00:00,1779062551.306,99.84,106.392,125.789,84.58,138.381,155.643,88.91,34.24,35.22,35.72
2026-05-18T00:02:36+00:00,1779062556.307,99.83,106.398,125.789,84.58,138.390,155.643,88.92,34.06,35.17,35.70
2026-05-18T00:02:41+00:00,1779062561.308,99.81,106.407,125.789,84.59,138.396,155.643,88.92,34.61,35.27,35.73
2026-05-18T00:02:46+00:00,1779062566.310,99.84,106.420,125.789,84.60,138.405,155.643,88.92,34.48,35.23,35.71
2026-05-18T00:02:51+00:00,1779062571.311,99.84,106.427,125.789,84.61,138.413,155.643,88.93,35.08,35.34,35.75
2026-05-18T00:02:56+00:00,1779062576.312,99.85,106.443,125.789,84.62,138.421,155.643,88.94,35.08,35.33,35.74
2026-05-18T00:03:01+00:00,1779062581.314,99.84,106.465,125.789,84.64,138.430,155.643,88.94,35.79,35.48,35.79
2026-05-18T00:03:06+00:00,1779062586.315,99.85,106.471,125.789,84.64,138.438,155.643,88.95,35.57,35.44,35.77
2026-05-18T00:03:11+00:00,1779062591.317,99.84,106.481,125.789,84.65,138.444,155.643,88.95,35.28,35.38,35.75
2026-05-18T00:03:16+00:00,1779062596.318,99.85,106.490,125.789,84.66,138.451,155.643,88.95,35.42,35.41,35.76
2026-05-18T00:03:21+00:00,1779062601.319,99.86,106.498,125.789,84.66,138.457,155.643,88.96,36.03,35.53,35.80
2026-05-18T00:03:26+00:00,1779062606.321,99.85,106.551,125.789,84.71,138.467,155.643,88.96,35.70,35.47,35.78
2026-05-18T00:03:31+00:00,1779062611.322,99.86,106.530,125.789,84.69,138.482,155.643,88.97,35.65,35.47,35.77
2026-05-18T00:03:36+00:00,1779062616.324,99.84,106.538,125.789,84.70,138.504,155.643,88.99,35.60,35.46,35.77
2026-05-18T00:03:41+00:00,1779062621.325,99.84,106.505,125.789,84.67,138.522,155.643,89.00,36.43,35.63,35.82
2026-05-18T00:03:46+00:00,1779062626.326,99.84,106.491,125.789,84.66,138.534,155.643,89.01,36.31,35.62,35.82
2026-05-18T00:03:51+00:00,1779062631.327,99.85,106.496,125.789,84.66,138.545,155.643,89.01,36.21,35.61,35.81
2026-05-18T00:03:56+00:00,1779062636.329,99.82,106.503,125.789,84.67,138.556,155.643,89.02,35.95,35.57,35.80
2026-05-18T00:04:01+00:00,1779062641.330,99.85,106.507,125.789,84.67,138.565,155.643,89.03,35.88,35.56,35.79
2026-05-18T00:04:06+00:00,1779062646.331,99.85,106.517,125.789,84.68,138.572,155.643,89.03,36.53,35.70,35.84
2026-05-18T00:04:11+00:00,1779062651.333,99.85,106.528,125.789,84.69,138.579,155.643,89.04,36.24,35.65,35.82
2026-05-18T00:04:16+00:00,1779062656.334,99.81,106.538,125.789,84.70,138.585,155.643,89.04,36.54,35.73,35.85
2026-05-18T00:04:21+00:00,1779062661.335,99.84,106.552,125.789,84.71,138.591,155.643,89.04,37.22,35.88,35.89
2026-05-18T00:04:26+00:00,1779062666.337,99.83,106.565,125.789,84.72,138.599,155.643,89.05,36.88,35.83,35.88
2026-05-18T00:04:31+00:00,1779062671.338,99.83,106.570,125.789,84.72,138.607,155.643,89.05,36.81,35.84,35.88
2026-05-18T00:04:36+00:00,1779062676.340,99.83,106.575,125.789,84.73,138.614,155.643,89.06,36.59,35.81,35.87
2026-05-18T00:04:41+00:00,1779062681.341,99.82,106.587,125.789,84.73,138.621,155.643,89.06,37.26,35.96,35.92
2026-05-18T00:04:46+00:00,1779062686.342,99.79,106.598,125.789,84.74,138.630,155.643,89.07,36.84,35.89,35.90
2026-05-18T00:04:51+00:00,1779062691.344,99.82,106.653,125.789,84.79,138.637,155.643,89.07,37.25,35.99,35.93
2026-05-18T00:04:56+00:00,1779062696.345,99.81,106.660,125.789,84.79,138.646,155.643,89.08,36.83,35.93,35.91
2026-05-18T00:05:01+00:00,1779062701.346,99.86,106.691,125.789,84.82,138.662,155.643,89.09,36.53,35.88,35.89
2026-05-18T00:05:06+00:00,1779062706.348,99.82,106.690,125.789,84.82,138.684,155.643,89.10,36.48,35.88,35.89
2026-05-18T00:05:11+00:00,1779062711.349,99.78,106.663,125.789,84.80,138.698,155.643,89.11,36.20,35.83,35.88
2026-05-18T00:05:16+00:00,1779062716.350,99.81,106.658,125.789,84.79,138.709,155.643,89.12,35.95,35.79,35.86
2026-05-18T00:05:21+00:00,1779062721.352,99.81,106.658,125.789,84.79,138.719,155.643,89.13,35.71,35.74,35.85
2026-05-18T00:05:26+00:00,1779062726.353,99.82,106.661,125.789,84.79,138.728,155.643,89.13,35.41,35.68,35.83
2026-05-18T00:05:31+00:00,1779062731.354,99.81,106.666,125.789,84.80,138.738,155.643,89.14,35.38,35.66,35.82
2026-05-18T00:05:36+00:00,1779062736.356,99.82,106.670,125.789,84.80,138.745,155.643,89.14,35.35,35.65,35.82
2026-05-18T00:05:41+00:00,1779062741.357,99.83,106.679,125.789,84.81,138.753,155.643,89.15,35.16,35.61,35.80
2026-05-18T00:05:46+00:00,1779062746.358,99.84,106.683,125.789,84.81,138.762,155.643,89.15,34.91,35.55,35.78
2026-05-18T00:05:51+00:00,1779062751.360,99.82,106.700,125.789,84.82,138.769,155.643,89.16,35.08,35.57,35.79
2026-05-18T00:05:56+00:00,1779062756.361,99.81,106.708,125.789,84.83,138.777,155.643,89.16,34.83,35.51,35.77
2026-05-18T00:06:01+00:00,1779062761.362,99.77,106.721,125.789,84.84,138.784,155.643,89.17,34.76,35.49,35.76
2026-05-18T00:06:06+00:00,1779062766.364,99.81,106.723,125.789,84.84,138.790,155.643,89.17,34.62,35.45,35.74
2026-05-18T00:06:11+00:00,1779062771.365,99.82,106.729,125.789,84.85,138.797,155.643,89.18,34.57,35.42,35.73
2026-05-18T00:06:16+00:00,1779062776.367,99.82,106.738,125.789,84.86,138.806,155.643,89.18,34.69,35.43,35.73
2026-05-18T00:06:21+00:00,1779062781.368,99.83,106.794,125.789,84.90,138.816,155.643,89.19,34.71,35.43,35.73
2026-05-18T00:06:26+00:00,1779062786.369,99.71,106.855,125.789,84.95,138.829,155.643,89.20,35.21,35.52,35.76
2026-05-18T00:06:31+00:00,1779062791.371,99.79,106.878,125.789,84.97,138.849,155.643,89.21,35.60,35.59,35.78
2026-05-18T00:06:36+00:00,1779062796.372,99.82,106.866,125.789,84.96,138.870,155.643,89.22,35.31,35.53,35.76
2026-05-18T00:06:41+00:00,1779062801.373,99.82,106.830,125.789,84.93,138.884,155.643,89.23,35.37,35.54,35.76
2026-05-18T00:06:46+00:00,1779062806.375,99.83,106.830,125.789,84.93,138.895,155.643,89.24,36.14,35.70,35.81
2026-05-18T00:06:51+00:00,1779062811.376,99.82,106.834,125.789,84.93,138.906,155.643,89.25,35.81,35.64,35.79
2026-05-18T00:06:56+00:00,1779062816.377,99.82,106.839,125.789,84.94,138.916,155.643,89.25,35.82,35.64,35.79
2026-05-18T00:07:01+00:00,1779062821.379,99.77,106.841,125.789,84.94,138.925,155.643,89.26,35.52,35.58,35.77
2026-05-18T00:07:06+00:00,1779062826.380,99.83,106.848,125.789,84.94,138.932,155.643,89.26,35.23,35.52,35.75
2026-05-18T00:07:11+00:00,1779062831.382,99.84,106.855,125.789,84.95,138.939,155.643,89.27,34.97,35.46,35.73
2026-05-18T00:07:16+00:00,1779062836.383,99.83,106.866,125.789,84.96,138.947,155.643,89.27,35.14,35.49,35.74
2026-05-18T00:07:21+00:00,1779062841.384,99.83,106.876,125.789,84.96,138.956,155.643,89.28,35.21,35.50,35.74
2026-05-18T00:07:26+00:00,1779062846.386,99.83,106.883,125.789,84.97,138.964,155.643,89.28,34.95,35.44,35.72
2026-05-18T00:07:31+00:00,1779062851.387,99.82,106.893,125.789,84.98,138.970,155.643,89.29,35.27,35.50,35.74
2026-05-18T00:07:36+00:00,1779062856.388,99.82,106.901,125.789,84.98,138.976,155.643,89.29,35.41,35.52,35.74
2026-05-18T00:07:41+00:00,1779062861.390,99.82,106.910,125.789,84.99,138.983,155.643,89.30,35.86,35.62,35.77
2026-05-18T00:07:46+00:00,1779062866.391,99.84,106.924,125.789,85.00,138.991,155.643,89.30,35.63,35.57,35.76
2026-05-18T00:07:51+00:00,1779062871.392,99.76,106.956,125.789,85.03,139.001,155.643,89.31,35.34,35.51,35.74
2026-05-18T00:07:56+00:00,1779062876.394,99.82,106.987,125.789,85.05,139.016,155.643,89.32,35.63,35.57,35.75
2026-05-18T00:08:01+00:00,1779062881.395,99.84,107.001,125.789,85.06,139.036,155.643,89.33,36.14,35.68,35.79
2026-05-18T00:08:06+00:00,1779062886.396,99.83,106.984,125.789,85.05,139.050,155.643,89.34,35.89,35.63,35.77
2026-05-18T00:08:11+00:00,1779062891.398,99.82,106.996,125.789,85.06,139.062,155.643,89.35,35.58,35.57,35.75
2026-05-18T00:08:16+00:00,1779062896.399,99.81,106.995,125.789,85.06,139.072,155.643,89.35,36.01,35.66,35.78
2026-05-18T00:08:21+00:00,1779062901.401,99.84,106.999,125.789,85.06,139.083,155.643,89.36,35.85,35.64,35.77
2026-05-18T00:08:26+00:00,1779062906.402,99.82,107.008,125.789,85.07,139.092,155.643,89.37,35.70,35.61,35.76
2026-05-18T00:08:31+00:00,1779062911.404,99.84,107.021,125.789,85.08,139.100,155.643,89.37,35.49,35.56,35.75
2026-05-18T00:08:36+00:00,1779062916.405,99.81,107.025,125.789,85.08,139.109,155.643,89.38,36.09,35.69,35.78
2026-05-18T00:08:41+00:00,1779062921.406,99.83,107.048,125.789,85.10,139.116,155.643,89.38,35.76,35.63,35.76
2026-05-18T00:08:46+00:00,1779062926.408,99.82,107.054,125.789,85.11,139.123,155.643,89.39,35.54,35.58,35.75
2026-05-18T00:08:51+00:00,1779062931.409,99.83,107.062,125.789,85.11,139.132,155.643,89.39,35.34,35.54,35.73
2026-05-18T00:08:56+00:00,1779062936.410,99.82,107.080,125.789,85.13,139.140,155.643,89.40,35.15,35.50,35.72
2026-05-18T00:09:01+00:00,1779062941.412,99.84,107.085,125.789,85.13,139.148,155.643,89.40,34.90,35.44,35.70
2026-05-18T00:09:06+00:00,1779062946.413,99.83,107.089,125.789,85.13,139.155,155.643,89.41,34.74,35.40,35.68
2026-05-18T00:09:11+00:00,1779062951.414,99.81,107.093,125.789,85.14,139.163,155.643,89.41,34.76,35.39,35.68
2026-05-18T00:09:16+00:00,1779062956.416,99.81,107.088,125.789,85.13,139.172,155.643,89.42,34.62,35.35,35.67
2026-05-18T00:09:21+00:00,1779062961.417,99.80,107.149,125.789,85.18,139.187,155.643,89.43,34.41,35.30,35.65
2026-05-18T00:09:26+00:00,1779062966.418,99.82,107.154,125.789,85.19,139.207,155.643,89.44,35.02,35.41,35.68
2026-05-18T00:09:31+00:00,1779062971.420,99.81,107.154,125.789,85.19,139.226,155.643,89.45,34.94,35.38,35.67
2026-05-18T00:09:36+00:00,1779062976.421,99.81,107.136,125.789,85.17,139.239,155.643,89.46,35.42,35.48,35.70
2026-05-18T00:09:41+00:00,1779062981.422,99.82,107.137,125.789,85.17,139.251,155.643,89.47,36.03,35.60,35.74
2026-05-18T00:09:46+00:00,1779062986.424,99.82,107.144,125.789,85.18,139.262,155.643,89.48,35.95,35.59,35.73
2026-05-18T00:09:51+00:00,1779062991.425,99.82,107.146,125.789,85.18,139.271,155.643,89.48,35.63,35.53,35.71
2026-05-18T00:09:56+00:00,1779062996.426,99.81,107.153,125.789,85.18,139.280,155.643,89.49,35.42,35.49,35.70
2026-05-18T00:10:01+00:00,1779063001.428,99.82,107.161,125.789,85.19,139.288,155.643,89.49,35.23,35.45,35.68
2026-05-18T00:10:06+00:00,1779063006.429,99.83,107.168,125.789,85.20,139.295,155.643,89.50,35.13,35.42,35.68
2026-05-18T00:10:11+00:00,1779063011.430,99.82,107.178,125.789,85.20,139.302,155.643,89.50,34.88,35.37,35.66
2026-05-18T00:10:16+00:00,1779063016.432,99.84,107.189,125.789,85.21,139.311,155.643,89.51,34.81,35.34,35.65
2026-05-18T00:10:21+00:00,1779063021.433,99.82,107.196,125.789,85.22,139.319,155.643,89.51,34.58,35.29,35.63
2026-05-18T00:10:26+00:00,1779063026.434,99.82,107.209,125.789,85.23,139.325,155.643,89.52,34.54,35.27,35.62
2026-05-18T00:10:31+00:00,1779063031.436,99.82,107.221,125.789,85.24,139.333,155.643,89.52,34.41,35.23,35.60
2026-05-18T00:10:36+00:00,1779063036.437,99.82,107.228,125.789,85.24,139.341,155.643,89.53,34.70,35.27,35.62
2026-05-18T00:10:41+00:00,1779063041.438,99.77,107.240,125.789,85.25,139.350,155.643,89.53,34.48,35.22,35.60
2026-05-18T00:10:46+00:00,1779063046.440,99.81,107.276,125.789,85.28,139.361,155.643,89.54,34.36,35.18,35.58
2026-05-18T00:10:51+00:00,1779063051.442,99.82,107.310,125.789,85.31,139.380,155.643,89.55,34.50,35.20,35.58
2026-05-18T00:10:56+00:00,1779063056.443,99.85,107.300,125.789,85.30,139.402,155.643,89.57,34.78,35.24,35.60
2026-05-18T00:11:01+00:00,1779063061.444,99.86,107.277,125.789,85.28,139.415,155.643,89.57,34.55,35.19,35.58
2026-05-18T00:11:06+00:00,1779063066.446,99.82,107.293,125.789,85.30,139.426,155.643,89.58,35.31,35.34,35.62
2026-05-18T00:11:11+00:00,1779063071.447,99.81,107.304,125.789,85.30,139.436,155.643,89.59,36.01,35.48,35.67
2026-05-18T00:11:16+00:00,1779063076.448,99.81,107.315,125.789,85.31,139.447,155.643,89.59,36.41,35.57,35.70
2026-05-18T00:11:21+00:00,1779063081.449,99.80,107.327,125.789,85.32,139.456,155.643,89.60,36.93,35.69,35.74
2026-05-18T00:11:26+00:00,1779063086.451,99.84,107.334,125.789,85.33,139.462,155.643,89.60,36.70,35.67,35.73
2026-05-18T00:11:31+00:00,1779063091.452,99.83,107.357,125.789,85.35,139.470,155.643,89.61,36.32,35.61,35.71
2026-05-18T00:11:36+00:00,1779063096.454,99.84,107.373,125.789,85.36,139.477,155.643,89.61,36.30,35.61,35.71
2026-05-18T00:11:41+00:00,1779063101.455,99.84,107.380,125.789,85.37,139.485,155.643,89.62,37.07,35.79,35.77
2026-05-18T00:11:46+00:00,1779063106.456,99.83,107.386,125.789,85.37,139.493,155.643,89.62,37.63,35.92,35.81
2026-05-18T00:11:51+00:00,1779063111.457,99.81,107.396,125.789,85.38,139.500,155.643,89.63,37.58,35.94,35.82
2026-05-18T00:11:56+00:00,1779063116.459,99.84,107.402,125.789,85.38,139.506,155.643,89.63,37.21,35.89,35.80
2026-05-18T00:12:01+00:00,1779063121.460,99.84,107.412,125.789,85.39,139.513,155.643,89.64,37.27,35.93,35.81
2026-05-18T00:12:06+00:00,1779063126.461,99.82,107.478,125.789,85.44,139.522,155.643,89.64,37.49,35.99,35.84
2026-05-18T00:12:11+00:00,1779063131.463,99.86,107.485,125.789,85.45,139.533,155.643,89.65,37.05,35.93,35.82
2026-05-18T00:12:16+00:00,1779063136.464,99.83,107.494,125.789,85.46,139.547,155.643,89.66,36.57,35.85,35.79
2026-05-18T00:12:21+00:00,1779063141.465,99.81,107.514,125.789,85.47,139.571,155.643,89.67,36.68,35.88,35.80
2026-05-18T00:12:26+00:00,1779063146.467,99.84,107.481,125.789,85.45,139.586,155.643,89.68,36.79,35.92,35.81
2026-05-18T00:12:31+00:00,1779063151.468,99.84,107.475,125.789,85.44,139.598,155.643,89.69,36.40,35.85,35.79
2026-05-18T00:12:36+00:00,1779063156.470,99.83,107.473,125.789,85.44,139.609,155.643,89.70,36.53,35.89,35.81
2026-05-18T00:12:41+00:00,1779063161.471,99.82,107.478,125.789,85.44,139.619,155.643,89.70,36.17,35.82,35.79
2026-05-18T00:12:46+00:00,1779063166.472,99.84,107.484,125.789,85.45,139.628,155.643,89.71,36.56,35.91,35.81
2026-05-18T00:12:51+00:00,1779063171.473,99.82,107.490,125.789,85.45,139.637,155.643,89.72,36.27,35.86,35.80
2026-05-18T00:12:56+00:00,1779063176.475,99.82,107.496,125.789,85.46,139.645,155.643,89.72,36.81,35.98,35.84
2026-05-18T00:13:01+00:00,1779063181.476,99.84,107.503,125.789,85.46,139.652,155.643,89.73,36.59,35.95,35.83
2026-05-18T00:13:06+00:00,1779063186.478,99.83,107.509,125.789,85.47,139.660,155.643,89.73,37.18,36.08,35.87
2026-05-18T00:13:11+00:00,1779063191.479,99.84,107.517,125.789,85.47,139.668,155.643,89.74,38.13,36.30,35.94
2026-05-18T00:13:16+00:00,1779063196.480,99.86,107.524,125.789,85.48,139.677,155.643,89.74,38.60,36.42,35.99
2026-05-18T00:13:21+00:00,1779063201.482,99.84,107.552,125.789,85.50,139.683,155.643,89.75,38.15,36.37,35.97
2026-05-18T00:13:26+00:00,1779063206.483,99.84,107.561,125.789,85.51,139.690,155.643,89.75,37.74,36.31,35.95
2026-05-18T00:13:31+00:00,1779063211.484,99.83,107.573,125.789,85.52,139.698,155.643,89.76,38.16,36.42,35.99
2026-05-18T00:13:36+00:00,1779063216.486,99.85,107.579,125.789,85.52,139.704,155.643,89.76,38.71,36.56,36.04
2026-05-18T00:13:41+00:00,1779063221.487,99.82,108.235,125.789,86.04,139.712,155.643,89.76,38.17,36.49,36.02
2026-05-18T00:13:46+00:00,1779063226.488,99.86,108.264,125.789,86.07,139.726,155.643,89.77,37.75,36.43,36.00
2026-05-18T00:13:51+00:00,1779063231.490,99.87,107.620,125.789,85.56,139.743,155.643,89.78,38.50,36.61,36.06
2026-05-18T00:13:56+00:00,1779063236.491,99.83,107.604,125.789,85.54,139.761,155.643,89.80,38.22,36.58,36.05
2026-05-18T00:14:01+00:00,1779063241.492,99.87,107.604,125.789,85.54,139.771,155.643,89.80,37.96,36.55,36.05
2026-05-18T00:14:06+00:00,1779063246.494,99.86,107.612,125.789,85.55,139.781,155.643,89.81,37.56,36.49,36.03
2026-05-18T00:14:11+00:00,1779063251.495,99.84,107.622,125.789,85.56,139.790,155.643,89.81,37.19,36.43,36.02
2026-05-18T00:14:16+00:00,1779063256.496,99.83,107.630,125.789,85.56,139.799,155.643,89.82,37.34,36.48,36.03
2026-05-18T00:14:21+00:00,1779063261.498,99.85,107.641,125.789,85.57,139.807,155.643,89.83,36.91,36.40,36.01
2026-05-18T00:14:26+00:00,1779063266.499,99.84,107.650,125.789,85.58,139.814,155.643,89.83,37.08,36.45,36.03
2026-05-18T00:14:31+00:00,1779063271.500,99.82,107.658,125.789,85.59,139.821,155.643,89.83,37.15,36.47,36.04
2026-05-18T00:14:36+00:00,1779063276.502,99.82,107.670,125.789,85.60,139.828,155.643,89.84,37.06,36.46,36.04
2026-05-18T00:14:41+00:00,1779063281.503,99.83,107.678,125.789,85.60,139.835,155.643,89.84,37.38,36.54,36.06
2026-05-18T00:14:46+00:00,1779063286.504,99.82,107.690,125.789,85.61,139.844,155.643,89.85,37.03,36.48,36.05
2026-05-18T00:14:51+00:00,1779063291.506,99.83,107.704,125.789,85.62,139.852,155.643,89.85,36.62,36.41,36.02
2026-05-18T00:14:56+00:00,1779063296.507,99.84,107.715,125.789,85.63,139.859,155.643,89.86,36.73,36.43,36.04
2026-05-18T00:15:01+00:00,1779063301.509,99.85,107.724,125.789,85.64,139.866,155.643,89.86,36.35,36.36,36.01
2026-05-18T00:15:06+00:00,1779063306.510,99.85,107.727,125.789,85.64,139.874,155.643,89.87,36.41,36.37,36.02
2026-05-18T00:15:11+00:00,1779063311.511,99.86,107.844,125.789,85.73,139.883,155.643,89.87,37.09,36.51,36.07
2026-05-18T00:15:16+00:00,1779063316.513,99.71,107.840,125.789,85.73,139.895,155.643,89.88,36.69,36.44,36.04
2026-05-18T00:15:21+00:00,1779063321.514,99.81,107.848,125.789,85.74,139.915,155.643,89.90,36.55,36.41,36.04
2026-05-18T00:15:26+00:00,1779063326.515,99.81,107.830,125.789,85.72,139.935,155.643,89.91,36.91,36.49,36.07
2026-05-18T00:15:31+00:00,1779063331.517,99.82,107.820,125.789,85.72,139.948,155.643,89.92,37.24,36.57,36.09
2026-05-18T00:15:36+00:00,1779063336.518,99.83,107.804,125.789,85.70,139.961,155.643,89.92,37.86,36.71,36.14
2026-05-18T00:15:41+00:00,1779063341.519,99.83,107.807,125.789,85.71,139.972,155.643,89.93,37.39,36.63,36.12
2026-05-18T00:15:46+00:00,1779063346.521,99.82,107.816,125.789,85.71,139.982,155.643,89.94,37.60,36.68,36.14
2026-05-18T00:15:51+00:00,1779063351.522,99.86,107.814,125.789,85.71,139.989,155.643,89.94,38.11,36.81,36.18
2026-05-18T00:15:56+00:00,1779063356.523,99.84,107.821,125.789,85.72,139.996,155.643,89.95,38.10,36.83,36.19
2026-05-18T00:16:01+00:00,1779063361.525,99.86,107.824,125.789,85.72,140.002,155.643,89.95,37.61,36.74,36.17
2026-05-18T00:16:06+00:00,1779063366.526,99.84,107.830,125.789,85.72,140.010,155.643,89.96,37.48,36.73,36.17
2026-05-18T00:16:11+00:00,1779063371.527,99.84,107.841,125.789,85.73,140.019,155.643,89.96,37.20,36.69,36.16
2026-05-18T00:16:16+00:00,1779063376.529,99.80,107.843,125.789,85.73,140.028,155.643,89.97,37.19,36.69,36.16
2026-05-18T00:16:21+00:00,1779063381.530,99.82,107.853,125.789,85.74,140.037,155.643,89.97,36.77,36.61,36.14
2026-05-18T00:16:26+00:00,1779063386.532,99.84,107.871,125.789,85.76,140.045,155.643,89.98,36.47,36.55,36.12
2026-05-18T00:16:31+00:00,1779063391.533,99.84,107.874,125.789,85.76,140.053,155.643,89.98,36.67,36.59,36.14
2026-05-18T00:16:36+00:00,1779063396.534,99.86,107.882,125.789,85.76,140.059,155.643,89.99,36.70,36.60,36.14
2026-05-18T00:16:41+00:00,1779063401.536,99.85,107.990,125.789,85.85,140.068,155.643,89.99,36.56,36.57,36.14
2026-05-18T00:16:46+00:00,1779063406.537,99.84,107.990,125.789,85.85,140.085,155.643,90.00,36.68,36.60,36.15
2026-05-18T00:16:51+00:00,1779063411.538,99.83,107.984,125.789,85.85,140.107,155.643,90.02,36.38,36.54,36.13
2026-05-18T00:16:56+00:00,1779063416.539,99.81,107.941,125.789,85.81,140.124,155.643,90.03,36.03,36.46,36.11
2026-05-18T00:17:01+00:00,1779063421.541,99.86,107.942,125.789,85.81,140.134,155.643,90.04,35.79,36.41,36.09
2026-05-18T00:17:06+00:00,1779063426.542,99.84,107.961,125.789,85.83,140.144,155.643,90.04,35.64,36.37,36.08
2026-05-18T00:17:11+00:00,1779063431.543,99.84,107.961,125.789,85.83,140.154,155.643,90.05,35.43,36.31,36.06
2026-05-18T00:17:16+00:00,1779063436.545,99.84,107.965,125.789,85.83,140.163,155.643,90.05,35.32,36.27,36.05
2026-05-18T00:17:21+00:00,1779063441.546,99.86,107.973,125.789,85.84,140.169,155.643,90.06,35.37,36.27,36.05
2026-05-18T00:17:26+00:00,1779063446.547,99.83,107.984,125.789,85.85,140.175,155.643,90.06,35.74,36.33,36.07
2026-05-18T00:17:31+00:00,1779063451.549,99.82,107.993,125.789,85.85,140.182,155.643,90.07,36.16,36.41,36.10
2026-05-18T00:17:36+00:00,1779063456.550,99.85,107.995,125.789,85.85,140.190,155.643,90.07,36.95,36.56,36.15
2026-05-18T00:17:41+00:00,1779063461.552,99.85,108.009,125.789,85.87,140.198,155.643,90.08,36.72,36.52,36.14
2026-05-18T00:17:46+00:00,1779063466.553,99.84,108.018,125.789,85.87,140.206,155.643,90.08,36.50,36.48,36.13
2026-05-18T00:17:51+00:00,1779063471.554,99.84,108.020,125.789,85.87,140.213,155.643,90.09,36.62,36.51,36.14
2026-05-18T00:17:56+00:00,1779063476.556,99.84,108.035,125.789,85.89,140.220,155.643,90.09,36.41,36.46,36.13
2026-05-18T00:18:01+00:00,1779063481.557,99.86,108.039,125.789,85.89,140.226,155.643,90.10,36.06,36.39,36.10
2026-05-18T00:18:06+00:00,1779063486.558,99.84,108.049,125.789,85.90,140.235,155.643,90.10,36.69,36.52,36.15
2026-05-18T00:18:11+00:00,1779063491.560,99.86,108.147,125.789,85.98,140.245,155.643,90.11,36.48,36.47,36.13
2026-05-18T00:18:16+00:00,1779063496.561,99.84,108.174,125.789,86.00,140.260,155.643,90.12,36.12,36.40,36.11
2026-05-18T00:18:21+00:00,1779063501.562,99.82,108.165,125.789,85.99,140.282,155.643,90.13,35.87,36.34,36.10
2026-05-18T00:18:26+00:00,1779063506.564,99.84,108.133,125.789,85.96,140.302,155.643,90.14,35.64,36.29,36.08
2026-05-18T00:18:31+00:00,1779063511.565,99.82,108.115,125.789,85.95,140.313,155.643,90.15,35.59,36.27,36.07
2026-05-18T00:18:36+00:00,1779063516.566,99.85,108.114,125.789,85.95,140.323,155.643,90.16,35.38,36.21,36.06
2026-05-18T00:18:41+00:00,1779063521.568,99.86,108.118,125.789,85.95,140.331,155.643,90.16,35.19,36.16,36.04
2026-05-18T00:18:46+00:00,1779063526.569,99.83,108.126,125.789,85.96,140.339,155.643,90.17,35.81,36.27,36.08
2026-05-18T00:18:51+00:00,1779063531.570,99.81,108.129,125.789,85.96,140.347,155.643,90.17,35.51,36.20,36.05
2026-05-18T00:18:56+00:00,1779063536.572,99.84,108.199,125.789,86.02,140.353,155.643,90.18,35.31,36.15,36.04
2026-05-18T00:19:01+00:00,1779063541.573,99.84,108.185,125.789,86.01,140.359,155.643,90.18,35.12,36.09,36.02
2026-05-18T00:19:06+00:00,1779063546.574,99.86,108.183,125.789,86.00,140.365,155.643,90.18,35.19,36.09,36.02
2026-05-18T00:19:11+00:00,1779063551.576,99.84,108.190,125.789,86.01,140.373,155.643,90.19,35.02,36.04,36.00
2026-05-18T00:19:16+00:00,1779063556.577,99.84,108.193,125.789,86.01,140.382,155.643,90.20,35.34,36.09,36.02
2026-05-18T00:19:21+00:00,1779063561.578,99.84,108.198,125.789,86.02,140.389,155.643,90.20,36.03,36.22,36.06
2026-05-18T00:19:26+00:00,1779063566.580,99.84,108.201,125.789,86.02,140.395,155.643,90.20,35.79,36.17,36.05
2026-05-18T00:19:31+00:00,1779063571.581,99.84,108.204,125.789,86.02,140.403,155.643,90.21,35.56,36.11,36.03
2026-05-18T00:19:36+00:00,1779063576.582,99.84,108.204,125.789,86.02,140.411,155.643,90.21,34.88,35.96,35.98
2026-05-18T00:19:41+00:00,1779063581.584,99.79,108.271,125.789,86.07,140.420,155.643,90.22,34.89,35.95,35.98
2026-05-18T00:19:46+00:00,1779063586.585,99.83,108.368,125.789,86.15,140.432,155.643,90.23,34.98,35.95,35.98
2026-05-18T00:19:51+00:00,1779063591.586,99.87,108.430,125.789,86.20,140.450,155.643,90.24,35.14,35.97,35.98
2026-05-18T00:19:56+00:00,1779063596.588,99.85,108.423,125.789,86.19,140.467,155.643,90.25,34.89,35.90,35.96
2026-05-18T00:20:01+00:00,1779063601.589,99.85,108.405,125.789,86.18,140.479,155.643,90.26,34.66,35.83,35.94
2026-05-18T00:20:06+00:00,1779063606.590,99.86,108.404,125.789,86.18,140.489,155.643,90.26,34.52,35.79,35.92
2026-05-18T00:20:11+00:00,1779063611.592,99.82,108.424,125.789,86.20,140.499,155.643,90.27,34.40,35.74,35.91
2026-05-18T00:20:16+00:00,1779063616.593,99.86,108.448,125.789,86.21,140.509,155.643,90.28,35.17,35.88,35.95
2026-05-18T00:20:21+00:00,1779063621.594,99.83,108.470,125.789,86.23,140.517,155.643,90.28,35.00,35.83,35.93
2026-05-18T00:20:26+00:00,1779063626.596,99.82,108.342,125.789,86.13,140.522,155.643,90.28,35.24,35.87,35.95
2026-05-18T00:20:31+00:00,1779063631.597,99.83,108.346,125.789,86.13,140.528,155.643,90.29,34.98,35.80,35.92
2026-05-18T00:20:36+00:00,1779063636.598,99.84,108.357,125.789,86.14,140.535,155.643,90.29,34.74,35.74,35.90
2026-05-18T00:20:41+00:00,1779063641.600,99.84,108.363,125.789,86.15,140.543,155.643,90.30,35.32,35.84,35.94
2026-05-18T00:20:46+00:00,1779063646.601,99.82,108.371,125.789,86.15,140.552,155.643,90.30,35.38,35.85,35.94
2026-05-18T00:20:51+00:00,1779063651.603,99.84,108.380,125.789,86.16,140.560,155.643,90.31,35.10,35.78,35.92
2026-05-18T00:20:56+00:00,1779063656.604,99.84,108.393,125.789,86.17,140.568,155.643,90.31,34.78,35.70,35.89
2026-05-18T00:21:01+00:00,1779063661.605,99.83,108.399,125.789,86.18,140.575,155.643,90.32,35.35,35.81,35.92
2026-05-18T00:21:06+00:00,1779063666.607,99.82,108.412,125.789,86.19,140.584,155.643,90.32,35.73,35.88,35.94
2026-05-18T00:21:11+00:00,1779063671.608,99.82,108.483,125.789,86.24,140.593,155.643,90.33,35.59,35.85,35.93
2026-05-18T00:21:16+00:00,1779063676.609,99.82,108.620,125.789,86.35,140.608,155.643,90.34,36.18,35.96,35.97
2026-05-18T00:21:21+00:00,1779063681.611,99.84,108.632,125.789,86.36,140.630,155.643,90.35,35.85,35.90,35.95
2026-05-18T00:21:26+00:00,1779063686.612,99.81,108.609,125.789,86.34,140.648,155.643,90.37,35.54,35.83,35.93
2026-05-18T00:21:31+00:00,1779063691.614,99.81,108.595,125.789,86.33,140.660,155.643,90.37,35.74,35.87,35.94
2026-05-18T00:21:36+00:00,1779063696.615,99.82,108.588,125.789,86.33,140.671,155.643,90.38,35.52,35.82,35.92
2026-05-18T00:21:41+00:00,1779063701.616,99.82,108.598,125.789,86.33,140.682,155.643,90.39,35.56,35.83,35.92
2026-05-18T00:21:46+00:00,1779063706.618,99.83,108.596,125.789,86.33,140.691,155.643,90.39,35.27,35.76,35.90
2026-05-18T00:21:51+00:00,1779063711.619,99.82,108.605,125.789,86.34,140.698,155.643,90.40,35.17,35.73,35.89
2026-05-18T00:21:56+00:00,1779063716.620,99.81,108.618,125.789,86.35,140.706,155.643,90.40,34.91,35.67,35.87
2026-05-18T00:22:01+00:00,1779063721.622,99.82,108.620,125.789,86.35,140.712,155.643,90.41,34.84,35.64,35.86
2026-05-18T00:22:06+00:00,1779063726.623,99.84,108.604,125.789,86.34,140.719,155.643,90.41,34.61,35.58,35.84
2026-05-18T00:22:11+00:00,1779063731.624,99.82,108.605,125.789,86.34,140.726,155.643,90.42,35.21,35.69,35.87
2026-05-18T00:22:16+00:00,1779063736.626,99.82,108.601,125.789,86.34,140.733,155.643,90.42,35.75,35.79,35.91
2026-05-18T00:22:21+00:00,1779063741.627,99.82,108.603,125.789,86.34,140.741,155.643,90.43,35.61,35.76,35.90
2026-05-18T00:22:26+00:00,1779063746.628,99.81,108.600,125.789,86.34,140.747,155.643,90.43,35.32,35.70,35.87
2026-05-18T00:22:31+00:00,1779063751.630,99.81,108.602,125.789,86.34,140.755,155.643,90.43,35.29,35.69,35.87
2026-05-18T00:22:36+00:00,1779063756.631,99.82,108.594,125.789,86.33,140.763,155.643,90.44,35.11,35.64,35.85
2026-05-18T00:22:41+00:00,1779063761.632,99.81,108.654,125.789,86.38,140.771,155.643,90.44,34.86,35.58,35.83
2026-05-18T00:22:46+00:00,1779063766.634,99.84,108.648,125.789,86.37,140.785,155.643,90.45,34.71,35.54,35.82
2026-05-18T00:22:51+00:00,1779063771.635,99.83,108.640,125.789,86.37,140.806,155.643,90.47,34.49,35.48,35.80
2026-05-18T00:22:56+00:00,1779063776.636,99.84,108.604,125.789,86.34,140.825,155.643,90.48,34.93,35.56,35.82
2026-05-18T00:23:01+00:00,1779063781.638,99.82,108.583,125.789,86.32,140.836,155.643,90.49,34.70,35.50,35.80
2026-05-18T00:23:06+00:00,1779063786.639,99.82,108.590,125.789,86.33,140.847,155.643,90.49,34.96,35.54,35.81
2026-05-18T00:23:11+00:00,1779063791.640,99.82,108.596,125.789,86.33,140.857,155.643,90.50,35.45,35.63,35.84
2026-05-18T00:23:16+00:00,1779063796.642,99.82,108.598,125.789,86.33,140.868,155.643,90.51,35.57,35.65,35.85
2026-05-18T00:23:21+00:00,1779063801.643,99.83,108.608,125.789,86.34,140.876,155.643,90.51,35.37,35.61,35.83
2026-05-18T00:23:26+00:00,1779063806.644,99.82,108.617,125.789,86.35,140.881,155.643,90.52,35.58,35.65,35.84
2026-05-18T00:23:31+00:00,1779063811.646,99.81,108.620,125.789,86.35,140.889,155.643,90.52,35.93,35.72,35.86
2026-05-18T00:23:36+00:00,1779063816.647,99.82,108.629,125.789,86.36,140.897,155.643,90.53,35.62,35.66,35.84
2026-05-18T00:23:41+00:00,1779063821.648,99.83,108.639,125.789,86.37,140.905,155.643,90.53,35.49,35.63,35.83
2026-05-18T00:23:46+00:00,1779063826.650,99.82,108.645,125.789,86.37,140.912,155.643,90.54,35.93,35.72,35.86
2026-05-18T00:23:51+00:00,1779063831.651,99.81,108.651,125.789,86.38,140.920,155.643,90.54,36.66,35.88,35.91
2026-05-18T00:23:56+00:00,1779063836.652,99.82,108.661,125.789,86.38,140.927,155.643,90.55,36.28,35.81,35.89
2026-05-18T00:24:01+00:00,1779063841.654,99.76,108.668,125.789,86.39,140.935,155.643,90.55,36.02,35.76,35.87
2026-05-18T00:24:06+00:00,1779063846.655,99.84,108.781,125.789,86.48,140.943,155.643,90.56,35.78,35.72,35.86
2026-05-18T00:24:11+00:00,1779063851.656,99.80,108.778,125.789,86.48,140.955,155.643,90.56,35.47,35.66,35.84
2026-05-18T00:24:16+00:00,1779063856.658,99.83,108.787,125.789,86.48,140.972,155.643,90.57,35.20,35.60,35.82
2026-05-18T00:24:21+00:00,1779063861.659,99.83,108.795,125.789,86.49,140.995,155.643,90.59,35.50,35.65,35.83
2026-05-18T00:24:26+00:00,1779063866.660,99.81,108.744,125.789,86.45,141.010,155.643,90.60,35.30,35.61,35.82
2026-05-18T00:24:31+00:00,1779063871.662,99.82,108.733,125.789,86.44,141.021,155.643,90.61,35.84,35.71,35.85
2026-05-18T00:24:36+00:00,1779063876.663,99.83,108.736,125.789,86.44,141.031,155.643,90.61,36.81,35.92,35.92
2026-05-18T00:24:41+00:00,1779063881.664,99.81,108.745,125.789,86.45,141.041,155.643,90.62,37.31,36.04,35.95
2026-05-18T00:24:46+00:00,1779063886.666,99.82,108.750,125.789,86.45,141.049,155.643,90.62,36.88,35.97,35.93
2026-05-18T00:24:51+00:00,1779063891.667,99.84,108.752,125.789,86.46,141.056,155.643,90.63,36.49,35.90,35.91
2026-05-18T00:24:56+00:00,1779063896.668,99.84,108.755,125.789,86.46,141.063,155.643,90.63,36.21,35.85,35.90
2026-05-18T00:25:01+00:00,1779063901.670,99.84,108.760,125.789,86.46,141.070,155.643,90.64,36.03,35.82,35.89
2026-05-18T00:25:06+00:00,1779063906.671,99.82,108.768,125.789,86.47,141.079,155.643,90.64,36.27,35.88,35.90
2026-05-18T00:25:11+00:00,1779063911.672,99.82,108.807,125.789,86.50,141.089,155.643,90.65,36.25,35.88,35.90
2026-05-18T00:25:16+00:00,1779063916.674,99.79,108.816,125.789,86.51,141.098,155.643,90.66,36.07,35.85,35.89
2026-05-18T00:25:21+00:00,1779063921.675,99.84,108.827,125.789,86.52,141.105,155.643,90.66,35.90,35.82,35.88
2026-05-18T00:25:26+00:00,1779063926.676,99.83,108.832,125.789,86.52,141.113,155.643,90.66,35.67,35.77,35.87
2026-05-18T00:25:31+00:00,1779063931.678,99.82,108.835,125.789,86.52,141.121,155.643,90.67,35.38,35.71,35.85
2026-05-18T00:25:36+00:00,1779063936.679,99.77,109.461,125.789,87.02,141.129,155.643,90.68,35.11,35.64,35.83
2026-05-18T00:25:41+00:00,1779063941.680,99.83,109.494,125.789,87.05,141.144,155.643,90.68,35.66,35.75,35.86
2026-05-18T00:25:46+00:00,1779063946.682,99.83,109.514,125.789,87.06,141.165,155.643,90.70,36.17,35.85,35.89
2026-05-18T00:25:51+00:00,1779063951.683,99.82,109.494,125.789,87.05,141.181,155.643,90.71,35.91,35.81,35.88
2026-05-18T00:25:56+00:00,1779063956.684,99.84,109.484,125.789,87.04,141.192,155.643,90.72,35.68,35.76,35.86
2026-05-18T00:26:01+00:00,1779063961.686,99.83,109.499,125.789,87.05,141.203,155.643,90.72,36.51,35.93,35.92
2026-05-18T00:26:06+00:00,1779063966.687,99.84,109.516,125.789,87.06,141.213,155.643,90.73,36.46,35.93,35.92
2026-05-18T00:26:11+00:00,1779063971.688,99.83,109.535,125.789,87.08,141.224,155.643,90.74,36.75,36.00,35.94
2026-05-18T00:26:16+00:00,1779063976.690,99.83,108.896,125.789,86.57,141.233,155.643,90.74,36.45,35.95,35.92
2026-05-18T00:26:21+00:00,1779063981.691,99.84,108.907,125.789,86.58,141.242,155.643,90.75,36.33,35.93,35.92
2026-05-18T00:26:26+00:00,1779063986.692,99.82,108.915,125.789,86.59,141.250,155.643,90.75,36.30,35.93,35.92
2026-05-18T00:26:31+00:00,1779063991.693,99.83,108.926,125.789,86.59,141.258,155.643,90.76,36.60,36.00,35.94
2026-05-18T00:26:36+00:00,1779063996.695,99.83,108.936,125.789,86.60,141.267,155.643,90.76,36.23,35.94,35.92
2026-05-18T00:26:41+00:00,1779064001.696,99.81,108.952,125.789,86.62,141.274,155.643,90.77,36.05,35.90,35.91
2026-05-18T00:26:46+00:00,1779064006.698,99.84,108.957,125.789,86.62,141.281,155.643,90.77,35.81,35.86,35.89
2026-05-18T00:26:51+00:00,1779064011.699,99.84,108.964,125.789,86.62,141.289,155.643,90.78,35.58,35.81,35.88
2026-05-18T00:26:56+00:00,1779064016.700,99.84,108.973,125.789,86.63,141.297,155.643,90.78,36.50,35.99,35.94
2026-05-18T00:27:01+00:00,1779064021.702,99.84,109.085,125.789,86.72,141.305,155.643,90.79,36.22,35.94,35.92
2026-05-18T00:27:06+00:00,1779064026.703,99.86,109.089,125.789,86.72,141.316,155.643,90.80,36.60,36.03,35.95
2026-05-18T00:27:11+00:00,1779064031.705,99.82,109.123,125.789,86.75,141.334,155.643,90.81,36.31,35.98,35.93
2026-05-18T00:27:16+00:00,1779064036.706,99.79,109.117,125.789,86.75,141.355,155.643,90.82,36.05,35.93,35.91
2026-05-18T00:27:21+00:00,1779064041.707,99.83,109.083,125.789,86.72,141.370,155.643,90.83,35.80,35.88,35.90
2026-05-18T00:27:26+00:00,1779064046.709,99.83,109.071,125.789,86.71,141.382,155.643,90.84,35.82,35.88,35.90
2026-05-18T00:27:31+00:00,1779064051.710,99.82,109.071,125.789,86.71,141.394,155.643,90.85,35.59,35.83,35.88
2026-05-18T00:27:36+00:00,1779064056.711,99.84,109.071,125.789,86.71,141.406,155.643,90.85,36.59,36.04,35.95
2026-05-18T00:27:41+00:00,1779064061.713,99.84,109.079,125.789,86.72,141.415,155.643,90.86,36.30,35.98,35.93
2026-05-18T00:27:46+00:00,1779064066.714,99.84,109.085,125.789,86.72,141.422,155.643,90.86,35.95,35.92,35.91
2026-05-18T00:27:51+00:00,1779064071.715,99.83,109.090,125.789,86.73,141.428,155.643,90.87,36.52,36.04,35.95
2026-05-18T00:27:56+00:00,1779064076.716,99.84,109.098,125.789,86.73,141.435,155.643,90.87,36.16,35.97,35.93
2026-05-18T00:28:01+00:00,1779064081.718,99.85,109.106,125.789,86.74,141.444,155.643,90.88,35.82,35.90,35.91
2026-05-18T00:28:06+00:00,1779064086.719,99.87,109.115,125.789,86.74,141.451,155.643,90.88,36.00,35.94,35.92
2026-05-18T00:28:11+00:00,1779064091.720,99.86,109.125,125.789,86.75,141.459,155.643,90.89,35.68,35.87,35.90
2026-05-18T00:28:16+00:00,1779064096.722,99.85,109.131,125.789,86.76,141.465,155.643,90.89,35.38,35.81,35.88
2026-05-18T00:28:21+00:00,1779064101.723,99.86,109.153,125.789,86.77,141.473,155.643,90.90,35.27,35.78,35.87
2026-05-18T00:28:26+00:00,1779064106.724,99.85,109.164,125.789,86.78,141.482,155.643,90.90,35.41,35.80,35.87
2026-05-18T00:28:31+00:00,1779064111.726,99.86,109.277,125.789,86.87,141.490,155.643,90.91,35.94,35.90,35.91
2026-05-18T00:28:36+00:00,1779064116.727,99.84,109.267,125.789,86.87,141.501,155.643,90.91,35.62,35.84,35.88
2026-05-18T00:28:41+00:00,1779064121.728,99.87,109.267,125.789,86.87,141.520,155.643,90.93,35.41,35.79,35.87
2026-05-18T00:28:46+00:00,1779064126.730,99.88,109.263,125.789,86.86,141.539,155.643,90.94,36.02,35.91,35.91
2026-05-18T00:28:51+00:00,1779064131.731,99.87,109.224,125.789,86.83,141.550,155.643,90.95,36.02,35.91,35.91
2026-05-18T00:28:56+00:00,1779064136.732,99.86,109.219,125.789,86.83,141.561,155.643,90.95,35.78,35.86,35.89
2026-05-18T00:29:01+00:00,1779064141.734,99.83,109.219,125.789,86.83,141.572,155.643,90.96,36.03,35.91,35.91
2026-05-18T00:29:06+00:00,1779064146.735,99.82,109.229,125.789,86.84,141.582,155.643,90.97,35.79,35.87,35.89
2026-05-18T00:29:11+00:00,1779064151.736,99.83,109.230,125.789,86.84,141.592,155.643,90.97,35.57,35.82,35.88
2026-05-18T00:29:16+00:00,1779064156.738,99.84,109.246,125.789,86.85,141.597,155.643,90.98,35.36,35.77,35.86
2026-05-18T00:29:21+00:00,1779064161.739,99.84,109.253,125.789,86.85,141.604,155.643,90.98,35.09,35.71,35.84
2026-05-18T00:29:26+00:00,1779064166.741,99.84,109.267,125.789,86.87,141.611,155.643,90.98,35.49,35.78,35.86
2026-05-18T00:29:31+00:00,1779064171.742,99.84,109.287,125.789,86.88,141.619,155.643,90.99,35.85,35.85,35.89
2026-05-18T00:29:36+00:00,1779064176.743,99.82,109.297,125.789,86.89,141.627,155.643,91.00,35.70,35.82,35.88
2026-05-18T00:29:41+00:00,1779064181.745,99.84,109.310,125.789,86.90,141.635,155.643,91.00,35.40,35.76,35.85
2026-05-18T00:29:46+00:00,1779064186.746,99.82,109.314,125.789,86.90,141.642,155.643,91.00,35.61,35.79,35.87
2026-05-18T00:29:51+00:00,1779064191.747,99.84,109.323,125.789,86.91,141.649,155.643,91.01,35.80,35.83,35.88
2026-05-18T00:29:56+00:00,1779064196.749,99.83,109.332,125.789,86.92,141.657,155.643,91.01,36.30,35.93,35.91
2026-05-18T00:30:01+00:00,1779064201.750,99.83,109.446,125.789,87.01,141.666,155.643,91.02,36.52,35.98,35.93
2026-05-18T00:30:06+00:00,1779064206.751,99.84,109.460,125.789,87.02,141.678,155.643,91.03,36.15,35.92,35.91
2026-05-18T00:30:11+00:00,1779064211.753,99.82,109.479,125.789,87.03,141.693,155.643,91.04,35.98,35.89,35.90
2026-05-18T00:30:16+00:00,1779064216.754,99.83,109.471,125.789,87.03,141.716,155.643,91.05,35.66,35.82,35.88
2026-05-18T00:30:21+00:00,1779064221.755,99.84,109.431,125.789,87.00,141.731,155.643,91.06,35.53,35.79,35.87
2026-05-18T00:30:26+00:00,1779064226.757,99.85,109.415,125.789,86.98,141.742,155.643,91.07,35.41,35.76,35.85
2026-05-18T00:30:31+00:00,1779064231.758,99.84,109.424,125.789,86.99,141.752,155.643,91.08,35.45,35.77,35.86
2026-05-18T00:30:36+00:00,1779064236.760,99.86,109.424,125.789,86.99,141.762,155.643,91.08,35.18,35.70,35.83
2026-05-18T00:30:41+00:00,1779064241.761,99.82,109.425,125.789,86.99,141.772,155.643,91.09,35.00,35.66,35.82
2026-05-18T00:30:46+00:00,1779064246.762,99.84,109.434,125.789,87.00,141.781,155.643,91.09,34.76,35.60,35.80
2026-05-18T00:30:51+00:00,1779064251.763,99.83,109.440,125.789,87.00,141.787,155.643,91.10,34.78,35.59,35.79
2026-05-18T00:30:56+00:00,1779064256.765,99.84,109.446,125.789,87.01,141.792,155.643,91.10,35.76,35.78,35.85
2026-05-18T00:31:01+00:00,1779064261.766,99.83,109.452,125.789,87.01,141.800,155.643,91.11,35.70,35.76,35.85
2026-05-18T00:31:06+00:00,1779064266.767,99.84,109.519,125.789,87.07,141.809,155.643,91.11,36.12,35.85,35.88
2026-05-18T00:31:11+00:00,1779064271.769,99.83,109.504,125.789,87.05,141.817,155.643,91.12,35.79,35.79,35.86
2026-05-18T00:31:16+00:00,1779064276.770,99.83,109.502,125.789,87.05,141.824,155.643,91.12,35.81,35.79,35.86
2026-05-18T00:31:21+00:00,1779064281.771,99.86,109.507,125.789,87.06,141.830,155.643,91.13,36.39,35.91,35.90
2026-05-18T00:31:26+00:00,1779064286.773,99.86,109.507,125.789,87.06,141.837,155.643,91.13,37.08,36.06,35.95
2026-05-18T00:31:31+00:00,1779064291.774,99.81,109.517,125.789,87.06,141.844,155.643,91.13,36.67,35.99,35.92
2026-05-18T00:31:36+00:00,1779064296.775,99.79,109.598,125.789,87.13,141.854,155.643,91.14,37.26,36.13,35.97
2026-05-18T00:31:41+00:00,1779064301.777,99.83,109.578,125.789,87.11,141.867,155.643,91.15,37.32,36.16,35.98
2026-05-18T00:31:46+00:00,1779064306.778,99.78,109.579,125.789,87.11,141.885,155.643,91.16,37.05,36.12,35.97
2026-05-18T00:31:51+00:00,1779064311.780,99.84,109.558,125.789,87.10,141.902,155.643,91.17,36.73,36.07,35.95
2026-05-18T00:31:56+00:00,1779064316.781,99.84,109.534,125.789,87.08,141.913,155.643,91.18,37.15,36.17,35.98
2026-05-18T00:32:01+00:00,1779064321.782,99.85,109.538,125.789,87.08,141.923,155.643,91.19,37.06,36.17,35.98
2026-05-18T00:32:06+00:00,1779064326.784,99.85,109.539,125.789,87.08,141.934,155.643,91.19,36.97,36.16,35.99
2026-05-18T00:32:11+00:00,1779064331.785,99.82,109.552,125.789,87.09,141.943,155.643,91.20,37.29,36.24,36.01
2026-05-18T00:32:16+00:00,1779064336.786,99.84,109.560,125.789,87.10,141.951,155.643,91.20,36.87,36.17,35.99
2026-05-18T00:32:21+00:00,1779064341.788,99.82,109.569,125.789,87.11,141.957,155.643,91.21,36.56,36.12,35.97
2026-05-18T00:32:26+00:00,1779064346.789,99.86,109.571,125.789,87.11,141.965,155.643,91.21,37.00,36.22,36.01
2026-05-18T00:32:31+00:00,1779064351.790,99.84,109.578,125.789,87.11,141.971,155.643,91.22,37.56,36.35,36.05
2026-05-18T00:32:36+00:00,1779064356.792,99.84,109.586,125.789,87.12,141.978,155.643,91.22,37.27,36.31,36.04
2026-05-18T00:32:41+00:00,1779064361.793,99.82,109.600,125.789,87.13,141.987,155.643,91.23,37.09,36.29,36.03
2026-05-18T00:32:46+00:00,1779064366.794,99.80,109.628,125.789,87.15,141.994,155.643,91.23,37.32,36.35,36.05
2026-05-18T00:32:51+00:00,1779064371.796,99.84,109.632,125.789,87.16,142.000,155.643,91.23,36.98,36.29,36.04
2026-05-18T00:32:56+00:00,1779064376.797,99.83,109.643,125.789,87.16,142.007,155.643,91.24,37.38,36.39,36.07
2026-05-18T00:33:01+00:00,1779064381.798,99.83,109.653,125.789,87.17,142.014,155.643,91.24,36.95,36.31,36.05
2026-05-18T00:33:06+00:00,1779064386.800,99.84,109.743,125.789,87.24,142.023,155.643,91.25,36.79,36.29,36.04
2026-05-18T00:33:11+00:00,1779064391.801,99.84,109.742,125.789,87.24,142.033,155.643,91.26,36.49,36.24,36.03
2026-05-18T00:33:16+00:00,1779064396.802,99.85,109.774,125.789,87.27,142.049,155.643,91.27,37.17,36.38,36.07
2026-05-18T00:33:21+00:00,1779064401.804,99.83,109.760,125.789,87.26,142.071,155.643,91.28,36.76,36.31,36.05
2026-05-18T00:33:26+00:00,1779064406.805,99.82,109.731,125.789,87.23,142.088,155.643,91.29,36.37,36.24,36.03
2026-05-18T00:33:31+00:00,1779064411.806,99.85,109.718,125.789,87.22,142.099,155.643,91.30,36.43,36.25,36.04
2026-05-18T00:33:36+00:00,1779064416.808,99.82,109.702,125.789,87.21,142.110,155.643,91.31,36.07,36.18,36.01
2026-05-18T00:33:41+00:00,1779064421.809,99.73,109.706,125.789,87.21,142.120,155.643,91.31,36.55,36.28,36.05
2026-05-18T00:33:46+00:00,1779064426.810,99.84,109.701,125.789,87.21,142.130,155.643,91.32,36.42,36.25,36.04
2026-05-18T00:33:51+00:00,1779064431.812,99.84,109.715,125.789,87.22,142.138,155.643,91.32,36.15,36.20,36.02
2026-05-18T00:33:56+00:00,1779064436.813,99.86,109.730,125.789,87.23,142.144,155.643,91.33,35.81,36.13,36.00
2026-05-18T00:34:01+00:00,1779064441.814,99.84,109.736,125.789,87.24,142.150,155.643,91.33,35.67,36.10,35.99
2026-05-18T00:34:06+00:00,1779064446.816,99.84,109.746,125.789,87.25,142.157,155.643,91.34,35.38,36.03,35.97
2026-05-18T00:34:11+00:00,1779064451.817,99.83,109.761,125.789,87.26,142.165,155.643,91.34,35.10,35.96,35.95
2026-05-18T00:34:16+00:00,1779064456.818,99.82,109.770,125.789,87.27,142.174,155.643,91.35,34.94,35.91,35.93
2026-05-18T00:34:21+00:00,1779064461.820,99.82,109.778,125.789,87.27,142.181,155.643,91.35,35.90,36.10,35.99
2026-05-18T00:34:26+00:00,1779064466.821,99.82,109.785,125.789,87.28,142.187,155.643,91.35,36.07,36.13,36.00
2026-05-18T00:34:31+00:00,1779064471.822,99.86,109.793,125.789,87.28,142.195,155.643,91.36,36.06,36.12,36.00
2026-05-18T00:34:36+00:00,1779064476.823,99.83,109.804,125.789,87.29,142.203,155.643,91.37,36.30,36.17,36.02
2026-05-18T00:34:41+00:00,1779064481.825,99.79,109.910,125.789,87.38,142.212,155.643,91.37,36.44,36.20,36.03
2026-05-18T00:34:46+00:00,1779064486.826,99.84,109.903,125.789,87.37,142.225,155.643,91.38,36.72,36.27,36.05
2026-05-18T00:34:51+00:00,1779064491.828,99.81,109.908,125.789,87.38,142.246,155.643,91.39,36.50,36.23,36.04
2026-05-18T00:34:56+00:00,1779064496.829,99.82,109.869,125.789,87.34,142.266,155.643,91.41,36.30,36.19,36.03
2026-05-18T00:35:01+00:00,1779064501.830,99.82,109.848,125.789,87.33,142.277,155.643,91.41,36.84,36.30,36.06
2026-05-18T00:35:06+00:00,1779064506.832,99.83,109.850,125.789,87.33,142.287,155.643,91.42,36.53,36.25,36.05
2026-05-18T00:35:11+00:00,1779064511.833,99.82,109.856,125.789,87.33,142.298,155.643,91.43,37.05,36.36,36.09
2026-05-18T00:35:16+00:00,1779064516.834,99.81,109.865,125.789,87.34,142.308,155.643,91.43,36.65,36.29,36.06
2026-05-18T00:35:21+00:00,1779064521.836,99.84,109.868,125.789,87.34,142.316,155.643,91.44,36.51,36.27,36.06
2026-05-18T00:35:26+00:00,1779064526.838,99.81,109.875,125.789,87.35,142.321,155.643,91.44,36.15,36.20,36.04
2026-05-18T00:35:31+00:00,1779064531.839,99.82,109.878,125.789,87.35,142.327,155.643,91.45,35.82,36.13,36.01
2026-05-18T00:35:36+00:00,1779064536.840,99.82,109.885,125.789,87.36,142.335,155.643,91.45,36.15,36.19,36.04
2026-05-18T00:35:41+00:00,1779064541.842,99.81,109.891,125.789,87.36,142.344,155.643,91.46,36.78,36.32,36.08
2026-05-18T00:35:46+00:00,1779064546.843,99.81,109.970,125.789,87.42,142.353,155.643,91.46,36.48,36.27,36.06
2026-05-18T00:35:51+00:00,1779064551.845,99.83,109.957,125.789,87.41,142.361,155.643,91.47,36.28,36.23,36.05
2026-05-18T00:35:56+00:00,1779064556.846,99.83,109.955,125.789,87.41,142.367,155.643,91.47,35.94,36.16,36.03
2026-05-18T00:36:01+00:00,1779064561.847,99.81,109.957,125.789,87.41,142.373,155.643,91.47,36.74,36.32,36.08
2026-05-18T00:36:06+00:00,1779064566.849,99.81,109.964,125.789,87.42,142.381,155.643,91.48,36.44,36.27,36.07
2026-05-18T00:36:11+00:00,1779064571.850,99.82,110.041,125.789,87.48,142.392,155.643,91.49,36.09,36.19,36.04
2026-05-18T00:36:16+00:00,1779064576.851,99.81,110.066,125.789,87.50,142.406,155.643,91.50,36.24,36.22,36.05
2026-05-18T00:36:21+00:00,1779064581.853,99.78,110.063,125.789,87.50,142.427,155.643,91.51,36.14,36.20,36.05
2026-05-18T00:36:26+00:00,1779064586.854,99.79,110.028,125.789,87.47,142.446,155.643,91.52,35.89,36.15,36.03
2026-05-18T00:36:31+00:00,1779064591.855,99.81,110.006,125.789,87.45,142.458,155.643,91.53,35.58,36.08,36.01
2026-05-18T00:36:36+00:00,1779064596.857,99.82,110.006,125.789,87.45,142.468,155.643,91.54,35.29,36.01,35.99
2026-05-18T00:36:41+00:00,1779064601.858,99.81,110.006,125.789,87.45,142.479,155.643,91.54,35.11,35.96,35.97
2026-05-18T00:36:46+00:00,1779064606.859,99.81,110.010,125.789,87.46,142.488,155.643,91.55,35.26,35.98,35.98
2026-05-18T00:36:51+00:00,1779064611.861,99.82,110.020,125.789,87.46,142.497,155.643,91.55,35.00,35.91,35.96
2026-05-18T00:36:56+00:00,1779064616.862,99.82,110.023,125.789,87.47,142.504,155.643,91.56,35.24,35.95,35.97
2026-05-18T00:37:01+00:00,1779064621.863,99.82,110.029,125.789,87.47,142.510,155.643,91.56,35.94,36.08,36.01
2026-05-18T00:37:06+00:00,1779064626.865,99.82,110.034,125.789,87.48,142.517,155.643,91.57,35.70,36.03,35.99
2026-05-18T00:37:11+00:00,1779064631.866,99.81,110.048,125.789,87.49,142.525,155.643,91.57,35.49,35.98,35.98
2026-05-18T00:37:16+00:00,1779064636.868,99.81,110.050,125.789,87.49,142.534,155.643,91.58,35.93,36.06,36.01
2026-05-18T00:37:21+00:00,1779064641.869,99.81,110.053,125.789,87.49,142.541,155.643,91.58,36.10,36.10,36.02
2026-05-18T00:37:26+00:00,1779064646.870,99.82,110.064,125.789,87.50,142.549,155.643,91.59,35.77,36.03,35.99
2026-05-18T00:37:31+00:00,1779064651.872,99.82,110.074,125.789,87.51,142.558,155.643,91.59,35.47,35.96,35.97
2026-05-18T00:37:36+00:00,1779064656.873,99.82,110.179,125.789,87.59,142.566,155.643,91.60,35.19,35.90,35.95
2026-05-18T00:37:41+00:00,1779064661.874,99.81,110.171,125.789,87.58,142.579,155.643,91.61,34.93,35.83,35.93
2026-05-18T00:37:46+00:00,1779064666.876,99.84,110.177,125.789,87.59,142.598,155.643,91.62,34.70,35.77,35.91
2026-05-18T00:37:51+00:00,1779064671.877,99.82,110.147,125.789,87.57,142.617,155.643,91.63,34.72,35.75,35.90
2026-05-18T00:37:56+00:00,1779064676.878,99.82,110.125,125.789,87.55,142.629,155.643,91.64,35.14,35.82,35.93
2026-05-18T00:38:01+00:00,1779064681.880,99.81,110.121,125.789,87.54,142.639,155.643,91.65,35.21,35.83,35.93
2026-05-18T00:38:06+00:00,1779064686.881,99.82,110.124,125.789,87.55,142.649,155.643,91.65,36.00,35.98,35.98
2026-05-18T00:38:11+00:00,1779064691.882,99.83,110.135,125.789,87.56,142.659,155.643,91.66,36.40,36.06,36.00
2026-05-18T00:38:16+00:00,1779064696.884,99.82,110.140,125.789,87.56,142.667,155.643,91.66,36.05,36.00,35.98
2026-05-18T00:38:21+00:00,1779064701.885,99.82,110.145,125.789,87.56,142.674,155.643,91.67,35.80,35.95,35.96
2026-05-18T00:38:26+00:00,1779064706.886,99.81,110.159,125.789,87.57,142.682,155.643,91.67,35.50,35.88,35.94
2026-05-18T00:38:31+00:00,1779064711.888,99.79,110.174,125.789,87.59,142.691,155.643,91.68,35.30,35.83,35.93
2026-05-18T00:38:36+00:00,1779064716.889,99.81,110.180,125.789,87.59,142.699,155.643,91.68,35.83,35.93,35.96
2026-05-18T00:38:41+00:00,1779064721.890,99.81,110.197,125.789,87.60,142.708,155.643,91.69,36.25,36.02,35.99
2026-05-18T00:38:46+00:00,1779064726.892,99.82,110.208,125.789,87.61,142.715,155.643,91.69,35.91,35.95,35.97
2026-05-18T00:38:51+00:00,1779064731.893,99.82,110.220,125.789,87.62,142.721,155.643,91.70,35.83,35.94,35.96
2026-05-18T00:38:56+00:00,1779064736.894,99.77,110.230,125.789,87.63,142.729,155.643,91.70,35.85,35.94,35.96
2026-05-18T00:39:01+00:00,1779064741.896,99.83,110.242,125.789,87.64,142.737,155.643,91.71,35.94,35.95,35.97
2026-05-18T00:39:06+00:00,1779064746.897,99.82,110.346,125.789,87.72,142.746,155.643,91.71,35.70,35.91,35.95
2026-05-18T00:39:11+00:00,1779064751.898,99.80,110.362,125.789,87.74,142.762,155.643,91.72,35.49,35.86,35.93
2026-05-18T00:39:16+00:00,1779064756.900,99.80,110.356,125.789,87.73,142.785,155.643,91.74,35.21,35.79,35.91
2026-05-18T00:39:21+00:00,1779064761.901,99.83,110.326,125.789,87.71,142.803,155.643,91.75,35.03,35.75,35.90
2026-05-18T00:39:26+00:00,1779064766.902,99.81,110.313,125.789,87.70,142.815,155.643,91.76,34.79,35.68,35.88
2026-05-18T00:39:31+00:00,1779064771.904,99.81,110.315,125.789,87.70,142.827,155.643,91.77,35.45,35.81,35.91
2026-05-18T00:39:36+00:00,1779064776.905,99.83,110.309,125.789,87.69,142.837,155.643,91.77,35.25,35.76,35.90
2026-05-18T00:39:41+00:00,1779064781.906,99.82,110.319,125.789,87.70,142.846,155.643,91.78,35.55,35.81,35.92
2026-05-18T00:39:46+00:00,1779064786.908,99.82,110.336,125.789,87.72,142.853,155.643,91.78,35.51,35.80,35.91
2026-05-18T00:39:51+00:00,1779064791.909,99.81,110.347,125.789,87.72,142.860,155.643,91.79,36.19,35.94,35.95
2026-05-18T00:39:56+00:00,1779064796.910,99.82,110.350,125.789,87.73,142.867,155.643,91.79,36.01,35.90,35.94
2026-05-18T00:40:01+00:00,1779064801.912,99.80,110.366,125.789,87.74,142.876,155.643,91.80,35.69,35.84,35.92
2026-05-18T00:40:06+00:00,1779064806.913,99.81,110.370,125.789,87.74,142.885,155.643,91.80,35.95,35.89,35.94
2026-05-18T00:40:11+00:00,1779064811.915,99.82,110.381,125.789,87.75,142.894,155.643,91.81,35.88,35.88,35.93
2026-05-18T00:40:16+00:00,1779064816.916,99.81,110.387,125.789,87.76,142.899,155.643,91.81,35.89,35.88,35.93
2026-05-18T00:40:21+00:00,1779064821.917,99.79,110.402,125.789,87.77,142.905,155.643,91.82,35.66,35.83,35.92
2026-05-18T00:40:26+00:00,1779064826.919,99.81,110.411,125.789,87.77,142.914,155.643,91.82,35.44,35.78,35.90
2026-05-18T00:40:31+00:00,1779064831.920,99.82,110.515,125.789,87.86,142.923,155.643,91.83,35.65,35.82,35.91
2026-05-18T00:40:36+00:00,1779064836.921,99.77,110.516,125.789,87.86,142.933,155.643,91.83,35.44,35.77,35.90
2026-05-18T00:40:41+00:00,1779064841.922,99.81,110.516,125.789,87.86,142.951,155.643,91.85,35.40,35.76,35.89
2026-05-18T00:40:46+00:00,1779064846.924,99.82,110.504,125.789,87.85,142.975,155.643,91.86,35.13,35.70,35.87
2026-05-18T00:40:51+00:00,1779064851.925,99.82,110.457,125.789,87.81,142.988,155.643,91.87,34.88,35.64,35.85
2026-05-18T00:40:56+00:00,1779064856.926,99.81,110.462,125.789,87.82,142.998,155.643,91.88,34.65,35.58,35.83
2026-05-18T00:41:01+00:00,1779064861.928,99.81,110.474,125.789,87.82,143.008,155.643,91.88,34.60,35.55,35.82
2026-05-18T00:41:06+00:00,1779064866.929,99.81,110.479,125.789,87.83,143.018,155.643,91.89,34.39,35.49,35.80
2026-05-18T00:41:11+00:00,1779064871.930,99.81,110.486,125.789,87.83,143.027,155.643,91.89,34.92,35.58,35.83
2026-05-18T00:41:16+00:00,1779064876.932,99.82,110.494,125.789,87.84,143.033,155.643,91.90,34.84,35.56,35.82
2026-05-18T00:41:21+00:00,1779064881.933,99.82,110.500,125.789,87.85,143.039,155.643,91.90,34.62,35.50,35.79
2026-05-18T00:41:26+00:00,1779064886.934,99.77,110.510,125.789,87.85,143.047,155.643,91.91,34.41,35.44,35.77
2026-05-18T00:41:31+00:00,1779064891.936,99.82,110.517,125.789,87.86,143.055,155.643,91.91,34.29,35.40,35.76
2026-05-18T00:41:36+00:00,1779064896.937,99.83,110.531,125.789,87.87,143.064,155.643,91.92,34.11,35.34,35.74
2026-05-18T00:41:41+00:00,1779064901.939,99.81,110.541,125.789,87.88,143.073,155.643,91.92,34.02,35.30,35.72
2026-05-18T00:41:46+00:00,1779064906.940,99.82,110.544,125.789,87.88,143.080,155.643,91.93,34.50,35.38,35.75
2026-05-18T00:41:51+00:00,1779064911.941,99.81,110.551,125.789,87.89,143.086,155.643,91.93,34.38,35.34,35.73
2026-05-18T00:41:56+00:00,1779064916.943,99.82,110.560,125.789,87.89,143.094,155.643,91.94,34.27,35.30,35.72
2026-05-18T00:42:01+00:00,1779064921.944,99.83,110.662,125.789,87.97,143.103,155.643,91.94,34.17,35.26,35.70
2026-05-18T00:42:06+00:00,1779064926.945,99.83,110.676,125.789,87.99,143.114,155.643,91.95,33.99,35.21,35.68
2026-05-18T00:42:11+00:00,1779064931.946,99.82,110.683,125.789,87.99,143.130,155.643,91.96,34.79,35.35,35.73
2026-05-18T00:42:16+00:00,1779064936.948,99.83,110.683,125.789,87.99,143.153,155.643,91.98,35.13,35.42,35.75
2026-05-18T00:42:21+00:00,1779064941.949,99.82,110.635,125.789,87.95,143.169,155.643,91.99,34.96,35.37,35.73
2026-05-18T00:42:26+00:00,1779064946.951,99.84,110.628,125.789,87.95,143.180,155.643,91.99,35.36,35.45,35.75
2026-05-18T00:42:31+00:00,1779064951.952,99.82,110.637,125.789,87.95,143.189,155.643,92.00,35.09,35.39,35.73
2026-05-18T00:42:36+00:00,1779064956.953,99.82,110.639,125.789,87.96,143.198,155.643,92.00,34.93,35.35,35.72
2026-05-18T00:42:41+00:00,1779064961.954,99.82,110.650,125.789,87.97,143.207,155.643,92.01,34.69,35.30,35.70
2026-05-18T00:42:46+00:00,1779064966.956,99.81,110.638,125.789,87.96,143.214,155.643,92.01,34.48,35.24,35.68
2026-05-18T00:42:51+00:00,1779064971.957,99.82,110.656,125.789,87.97,143.220,155.643,92.02,34.84,35.31,35.70
2026-05-18T00:42:56+00:00,1779064976.958,99.82,110.661,125.789,87.97,143.226,155.643,92.02,35.57,35.45,35.74
2026-05-18T00:43:01+00:00,1779064981.960,99.86,110.670,125.789,87.98,143.234,155.643,92.03,36.01,35.54,35.77
2026-05-18T00:43:06+00:00,1779064986.961,99.81,110.683,125.789,87.99,143.242,155.643,92.03,35.69,35.48,35.75
2026-05-18T00:43:11+00:00,1779064991.962,99.82,110.692,125.789,88.00,143.251,155.643,92.04,35.55,35.46,35.74
2026-05-18T00:43:16+00:00,1779064996.964,99.83,110.698,125.789,88.00,143.258,155.643,92.04,35.35,35.42,35.72
2026-05-18T00:43:21+00:00,1779065001.965,99.82,110.708,125.789,88.01,143.264,155.643,92.05,35.80,35.51,35.75
2026-05-18T00:43:26+00:00,1779065006.966,99.84,110.714,125.789,88.02,143.271,155.643,92.05,36.46,35.65,35.80
2026-05-18T00:43:31+00:00,1779065011.968,99.84,110.726,125.789,88.03,143.279,155.643,92.06,36.82,35.74,35.82
2026-05-18T00:43:36+00:00,1779065016.969,99.82,110.836,125.789,88.11,143.287,155.643,92.06,37.16,35.83,35.85
2026-05-18T00:43:41+00:00,1779065021.970,99.85,110.829,125.789,88.11,143.300,155.643,92.07,37.30,35.88,35.87
2026-05-18T00:43:46+00:00,1779065026.972,99.86,110.828,125.789,88.11,143.319,155.643,92.08,37.60,35.97,35.90
2026-05-18T00:43:51+00:00,1779065031.973,99.84,110.797,125.789,88.08,143.336,155.643,92.09,37.23,35.92,35.88
2026-05-18T00:43:56+00:00,1779065036.974,99.85,110.775,125.789,88.06,143.347,155.643,92.10,36.81,35.85,35.86
2026-05-18T00:44:01+00:00,1779065041.976,99.85,110.788,125.789,88.07,143.357,155.643,92.11,37.07,35.92,35.88
2026-05-18T00:44:06+00:00,1779065046.977,99.81,110.792,125.789,88.08,143.366,155.643,92.11,36.98,35.92,35.88
2026-05-18T00:44:11+00:00,1779065051.978,99.84,110.800,125.789,88.08,143.376,155.643,92.12,37.06,35.96,35.90
2026-05-18T00:44:16+00:00,1779065056.980,99.82,110.805,125.789,88.09,143.384,155.643,92.12,36.66,35.89,35.87
2026-05-18T00:44:21+00:00,1779065061.981,99.84,110.806,125.789,88.09,143.390,155.643,92.13,36.52,35.88,35.87
2026-05-18T00:44:26+00:00,1779065066.982,99.83,110.814,125.789,88.10,143.398,155.643,92.13,36.16,35.81,35.85
2026-05-18T00:44:31+00:00,1779065071.984,99.84,110.819,125.789,88.10,143.406,155.643,92.14,35.99,35.78,35.84
2026-05-18T00:44:36+00:00,1779065076.985,99.82,110.827,125.789,88.11,143.414,155.643,92.14,37.03,36.00,35.91
2026-05-18T00:44:41+00:00,1779065081.986,99.84,110.835,125.789,88.11,143.422,155.643,92.15,36.63,35.93,35.89
2026-05-18T00:44:46+00:00,1779065086.988,99.82,110.843,125.789,88.12,143.430,155.643,92.15,36.26,35.87,35.87
2026-05-18T00:44:51+00:00,1779065091.989,99.84,110.848,125.789,88.12,143.436,155.643,92.16,36.16,35.85,35.86
2026-05-18T00:44:56+00:00,1779065096.990,99.83,110.856,125.789,88.13,143.444,155.643,92.16,35.82,35.79,35.84
2026-05-18T00:45:01+00:00,1779065101.992,99.84,110.977,125.789,88.23,143.453,155.643,92.17,36.64,35.96,35.90
2026-05-18T00:45:06+00:00,1779065106.993,99.84,110.974,125.789,88.22,143.464,155.643,92.18,36.27,35.89,35.87
2026-05-18T00:45:11+00:00,1779065111.994,99.82,110.990,125.789,88.24,143.480,155.643,92.19,36.41,35.93,35.89
2026-05-18T00:45:16+00:00,1779065116.996,99.81,110.976,125.789,88.22,143.503,155.643,92.20,36.05,35.86,35.87
2026-05-18T00:45:21+00:00,1779065121.997,99.82,110.949,125.789,88.20,143.519,155.643,92.21,35.81,35.81,35.85
2026-05-18T00:45:26+00:00,1779065126.998,99.84,110.946,125.789,88.20,143.530,155.643,92.22,35.90,35.83,35.86
2026-05-18T00:45:31+00:00,1779065132.000,99.86,110.941,125.789,88.20,143.540,155.643,92.22,35.91,35.84,35.86
2026-05-18T00:45:37+00:00,1779065137.001,99.83,110.943,125.789,88.20,143.551,155.643,92.23,36.32,35.92,35.89
2026-05-18T00:45:42+00:00,1779065142.002,99.82,110.948,125.789,88.20,143.560,155.643,92.24,35.97,35.86,35.86
2026-05-18T00:45:47+00:00,1779065147.004,99.84,110.963,125.789,88.21,143.567,155.643,92.24,36.70,36.01,35.91
2026-05-18T00:45:52+00:00,1779065152.005,99.83,110.968,125.789,88.22,143.574,155.643,92.25,36.48,35.98,35.90
2026-05-18T00:45:57+00:00,1779065157.006,99.86,110.967,125.789,88.22,143.581,155.643,92.25,37.48,36.19,35.97
2026-05-18T00:46:02+00:00,1779065162.008,99.84,110.987,125.789,88.23,143.589,155.643,92.26,38.00,36.32,36.02
2026-05-18T00:46:07+00:00,1779065167.009,99.85,110.989,125.789,88.23,143.599,155.643,92.26,38.65,36.48,36.07
2026-05-18T00:46:12+00:00,1779065172.010,99.83,111.000,125.789,88.24,143.609,155.643,92.27,38.11,36.41,36.05
2026-05-18T00:46:17+00:00,1779065177.012,99.84,111.011,125.789,88.25,143.616,155.643,92.27,37.62,36.34,36.03
2026-05-18T00:46:22+00:00,1779065182.013,99.86,111.022,125.789,88.26,143.620,155.643,92.28,37.57,36.35,36.03
2026-05-18T00:46:27+00:00,1779065187.015,99.83,111.027,125.789,88.26,143.627,155.643,92.28,37.69,36.39,36.05
2026-05-18T00:46:32+00:00,1779065192.016,99.83,111.038,125.789,88.27,143.636,155.643,92.29,37.23,36.32,36.03
2026-05-18T00:46:37+00:00,1779065197.017,99.81,111.144,125.789,88.36,143.645,155.643,92.29,36.81,36.25,36.00
2026-05-18T00:46:42+00:00,1779065202.018,99.82,111.141,125.789,88.36,143.663,155.643,92.30,36.43,36.18,35.98
2026-05-18T00:46:47+00:00,1779065207.020,99.84,111.134,125.789,88.35,143.687,155.643,92.32,37.11,36.32,36.03
2026-05-18T00:46:52+00:00,1779065212.021,99.84,111.093,125.789,88.32,143.701,155.643,92.33,36.94,36.30,36.03
2026-05-18T00:46:57+00:00,1779065217.022,99.84,111.097,125.789,88.32,143.711,155.643,92.33,36.87,36.30,36.02
2026-05-18T00:47:02+00:00,1779065222.024,99.84,111.100,125.789,88.32,143.722,155.643,92.34,37.36,36.41,36.06
2026-05-18T00:47:07+00:00,1779065227.025,99.82,111.106,125.789,88.33,143.731,155.643,92.35,37.17,36.38,36.06
2026-05-18T00:47:12+00:00,1779065232.026,99.85,111.108,125.789,88.33,143.740,155.643,92.35,36.76,36.31,36.03
2026-05-18T00:47:17+00:00,1779065237.028,99.84,111.112,125.789,88.33,143.746,155.643,92.36,36.54,36.27,36.02
2026-05-18T00:47:22+00:00,1779065242.029,99.84,111.119,125.789,88.34,143.752,155.643,92.36,36.41,36.25,36.02
2026-05-18T00:47:27+00:00,1779065247.031,99.82,111.135,125.789,88.35,143.760,155.643,92.37,36.22,36.21,36.01
2026-05-18T00:47:32+00:00,1779065252.032,99.81,111.141,125.789,88.36,143.769,155.643,92.37,36.76,36.33,36.04
2026-05-18T00:47:37+00:00,1779065257.033,99.86,111.147,125.789,88.36,143.777,155.643,92.38,36.38,36.25,36.02
2026-05-18T00:47:42+00:00,1779065262.035,99.85,111.154,125.789,88.37,143.786,155.643,92.38,36.83,36.35,36.05
2026-05-18T00:47:47+00:00,1779065267.036,99.81,111.171,125.789,88.38,143.793,155.643,92.39,37.32,36.46,36.09
2026-05-18T00:47:52+00:00,1779065272.037,99.82,111.179,125.789,88.39,143.799,155.643,92.39,37.30,36.47,36.10
2026-05-18T00:47:57+00:00,1779065277.038,99.83,111.195,125.789,88.40,143.806,155.643,92.39,38.00,36.63,36.15
2026-05-18T00:48:02+00:00,1779065282.040,99.83,111.303,125.789,88.48,143.813,155.643,92.40,37.76,36.60,36.14
2026-05-18T00:48:07+00:00,1779065287.041,99.82,111.303,125.789,88.48,143.824,155.643,92.41,37.37,36.54,36.13
2026-05-18T00:48:12+00:00,1779065292.043,99.81,111.331,125.789,88.51,143.838,155.643,92.42,37.02,36.48,36.11
2026-05-18T00:48:17+00:00,1779065297.044,99.81,111.334,125.789,88.51,143.860,155.643,92.43,37.42,36.57,36.14
2026-05-18T00:48:22+00:00,1779065302.045,99.81,111.281,125.789,88.47,143.878,155.643,92.44,37.55,36.61,36.16
2026-05-18T00:48:27+00:00,1779065307.046,99.81,111.273,125.789,88.46,143.888,155.643,92.45,37.18,36.55,36.14
2026-05-18T00:48:32+00:00,1779065312.048,99.84,111.274,125.789,88.46,143.898,155.643,92.45,37.97,36.73,36.20
2026-05-18T00:48:37+00:00,1779065317.049,99.81,111.279,125.789,88.47,143.908,155.643,92.46,37.57,36.66,36.18
2026-05-18T00:48:42+00:00,1779065322.050,99.81,111.279,125.789,88.47,143.918,155.643,92.47,37.13,36.59,36.16
2026-05-18T00:48:47+00:00,1779065327.052,99.82,111.282,125.789,88.47,143.926,155.643,92.47,36.72,36.51,36.14
2026-05-18T00:48:52+00:00,1779065332.053,99.82,111.289,125.789,88.47,143.932,155.643,92.48,37.54,36.69,36.19
2026-05-18T00:48:57+00:00,1779065337.054,99.80,111.298,125.789,88.48,143.938,155.643,92.48,37.42,36.67,36.19
2026-05-18T00:49:02+00:00,1779065342.056,99.85,111.301,125.789,88.48,143.945,155.643,92.48,37.06,36.61,36.18
2026-05-18T00:49:07+00:00,1779065347.057,99.85,111.306,125.789,88.49,143.953,155.643,92.49,36.66,36.54,36.15
2026-05-18T00:49:12+00:00,1779065352.059,99.85,111.317,125.789,88.50,143.962,155.643,92.50,36.36,36.48,36.14
2026-05-18T00:49:17+00:00,1779065357.060,99.83,111.327,125.789,88.50,143.969,155.643,92.50,36.01,36.40,36.11
2026-05-18T00:49:22+00:00,1779065362.062,99.82,111.339,125.789,88.51,143.975,155.643,92.50,35.69,36.33,36.09
2026-05-18T00:49:27+00:00,1779065367.063,99.86,111.345,125.789,88.52,143.983,155.643,92.51,35.40,36.26,36.07
2026-05-18T00:49:32+00:00,1779065372.065,99.82,111.359,125.789,88.53,143.990,155.643,92.51,35.68,36.30,36.08
2026-05-18T00:49:37+00:00,1779065377.066,99.82,111.453,125.789,88.60,143.998,155.643,92.52,35.47,36.25,36.07
2026-05-18T00:49:42+00:00,1779065382.067,99.86,111.448,125.789,88.60,144.011,155.643,92.53,35.35,36.21,36.06
2026-05-18T00:49:47+00:00,1779065387.069,99.85,111.452,125.789,88.60,144.028,155.643,92.54,35.08,36.14,36.04
2026-05-18T00:49:52+00:00,1779065392.070,99.84,111.429,125.789,88.58,144.047,155.643,92.55,34.92,36.09,36.02
2026-05-18T00:49:57+00:00,1779065397.071,99.86,111.406,125.789,88.57,144.057,155.643,92.56,34.92,36.07,36.01
2026-05-18T00:50:02+00:00,1779065402.073,99.84,111.410,125.789,88.57,144.067,155.643,92.56,34.77,36.02,36.00
2026-05-18T00:50:07+00:00,1779065407.074,99.83,111.412,125.789,88.57,144.076,155.643,92.57,34.63,35.97,35.98
2026-05-18T00:50:12+00:00,1779065412.075,99.82,111.426,125.789,88.58,144.085,155.643,92.57,34.66,35.95,35.97
2026-05-18T00:50:17+00:00,1779065417.077,99.82,111.436,125.789,88.59,144.093,155.643,92.58,35.16,36.04,36.00
2026-05-18T00:50:22+00:00,1779065422.078,99.83,111.449,125.789,88.60,144.100,155.643,92.58,34.99,35.98,35.99
2026-05-18T00:50:27+00:00,1779065427.080,99.82,111.453,125.789,88.60,144.107,155.643,92.59,34.91,35.95,35.97
2026-05-18T00:50:32+00:00,1779065432.081,99.82,111.469,125.789,88.62,144.114,155.643,92.59,34.68,35.89,35.95
2026-05-18T00:50:37+00:00,1779065437.082,99.82,111.481,125.789,88.63,144.122,155.643,92.60,34.46,35.82,35.93
2026-05-18T00:50:42+00:00,1779065442.083,99.82,111.488,125.789,88.63,144.129,155.643,92.60,34.27,35.76,35.91
2026-05-18T00:50:47+00:00,1779065447.085,99.81,111.496,125.789,88.64,144.137,155.643,92.61,35.05,35.89,35.95
2026-05-18T00:50:52+00:00,1779065452.086,99.82,111.499,125.789,88.64,144.144,155.643,92.61,35.12,35.90,35.95
2026-05-18T00:50:57+00:00,1779065457.087,99.84,111.505,125.789,88.64,144.151,155.643,92.62,35.03,35.86,35.94
2026-05-18T00:51:02+00:00,1779065462.089,99.83,111.507,125.789,88.65,144.159,155.643,92.62,34.95,35.83,35.93
2026-05-18T00:51:07+00:00,1779065467.090,99.81,111.607,125.789,88.73,144.169,155.643,92.63,34.79,35.79,35.92
2026-05-18T00:51:12+00:00,1779065472.091,99.82,111.633,125.789,88.75,144.183,155.643,92.64,35.21,35.86,35.94
2026-05-18T00:51:17+00:00,1779065477.093,99.82,111.636,125.789,88.75,144.204,155.643,92.65,35.11,35.83,35.93
2026-05-18T00:51:22+00:00,1779065482.094,99.83,111.630,125.789,88.74,144.223,155.643,92.66,34.94,35.78,35.91
2026-05-18T00:51:27+00:00,1779065487.095,99.81,111.615,125.789,88.73,144.235,155.643,92.67,34.71,35.71,35.89
2026-05-18T00:51:32+00:00,1779065492.097,99.82,111.614,125.789,88.73,144.246,155.643,92.68,34.57,35.67,35.87
2026-05-18T00:51:37+00:00,1779065497.098,99.82,111.617,125.789,88.73,144.257,155.643,92.69,34.36,35.61,35.85
2026-05-18T00:51:42+00:00,1779065502.099,99.82,111.613,125.789,88.73,144.266,155.643,92.69,34.25,35.56,35.84
2026-05-18T00:51:47+00:00,1779065507.101,99.82,111.615,125.789,88.73,144.274,155.643,92.70,34.07,35.51,35.82
2026-05-18T00:51:52+00:00,1779065512.102,99.81,111.623,125.789,88.74,144.282,155.643,92.70,34.39,35.55,35.83
2026-05-18T00:51:57+00:00,1779065517.103,99.81,111.634,125.789,88.75,144.290,155.643,92.71,34.44,35.54,35.82
2026-05-18T00:52:02+00:00,1779065522.105,99.82,111.636,125.789,88.75,144.299,155.643,92.71,35.28,35.69,35.87
2026-05-18T00:52:07+00:00,1779065527.106,99.82,111.645,125.789,88.76,144.308,155.643,92.72,35.02,35.63,35.85
2026-05-18T00:52:12+00:00,1779065532.107,99.80,111.653,125.789,88.76,144.317,155.643,92.72,35.50,35.72,35.88
2026-05-18T00:52:17+00:00,1779065537.109,99.82,111.655,125.789,88.76,144.324,155.643,92.73,35.46,35.71,35.88
2026-05-18T00:52:22+00:00,1779065542.110,99.82,111.660,125.789,88.77,144.330,155.643,92.73,35.42,35.70,35.87
2026-05-18T00:52:27+00:00,1779065547.112,99.83,111.667,125.789,88.77,144.339,155.643,92.74,35.23,35.65,35.85
2026-05-18T00:52:32+00:00,1779065552.113,99.84,111.731,125.789,88.82,144.349,155.643,92.74,34.97,35.59,35.83
2026-05-18T00:52:37+00:00,1779065557.114,99.81,111.734,125.789,88.83,144.359,155.643,92.75,34.73,35.53,35.81
2026-05-18T00:52:42+00:00,1779065562.115,99.85,111.740,125.789,88.83,144.377,155.643,92.76,35.71,35.72,35.87
2026-05-18T00:52:47+00:00,1779065567.117,99.83,111.729,125.789,88.82,144.400,155.643,92.78,35.42,35.66,35.85
2026-05-18T00:52:52+00:00,1779065572.118,99.84,111.698,125.789,88.80,144.415,155.643,92.79,35.30,35.63,35.84
2026-05-18T00:52:57+00:00,1779065577.119,99.82,111.708,125.789,88.81,144.425,155.643,92.79,35.60,35.69,35.86
2026-05-18T00:53:02+00:00,1779065582.121,99.84,111.711,125.789,88.81,144.435,155.643,92.80,35.47,35.66,35.85
2026-05-18T00:53:07+00:00,1779065587.122,99.85,111.709,125.789,88.81,144.445,155.643,92.81,35.27,35.62,35.83
2026-05-18T00:53:12+00:00,1779065592.123,99.84,111.715,125.789,88.81,144.454,155.643,92.81,35.97,35.76,35.88
2026-05-18T00:53:17+00:00,1779065597.125,99.84,111.725,125.789,88.82,144.461,155.643,92.82,35.81,35.73,35.87
2026-05-18T00:53:22+00:00,1779065602.126,99.80,111.740,125.789,88.83,144.468,155.643,92.82,35.51,35.66,35.85
2026-05-18T00:53:27+00:00,1779065607.127,99.82,111.744,125.789,88.83,144.476,155.643,92.83,35.31,35.62,35.83
2026-05-18T00:53:32+00:00,1779065612.129,99.82,111.756,125.789,88.84,144.485,155.643,92.83,35.52,35.66,35.84
2026-05-18T00:53:37+00:00,1779065617.130,99.83,111.767,125.789,88.85,144.493,155.643,92.84,35.24,35.60,35.82
2026-05-18T00:53:42+00:00,1779065622.131,99.83,111.784,125.789,88.87,144.501,155.643,92.84,35.54,35.66,35.84
2026-05-18T00:53:47+00:00,1779065627.133,99.83,111.790,125.789,88.87,144.507,155.643,92.85,35.98,35.74,35.87
2026-05-18T00:53:52+00:00,1779065632.134,99.82,111.801,125.789,88.88,144.514,155.643,92.85,35.66,35.68,35.85
2026-05-18T00:53:57+00:00,1779065637.135,99.84,111.811,125.789,88.89,144.522,155.643,92.85,35.45,35.64,35.83
2026-05-18T00:54:02+00:00,1779065642.137,99.84,111.887,125.789,88.95,144.531,155.643,92.86,35.33,35.61,35.82
2026-05-18T00:54:07+00:00,1779065647.138,99.84,111.906,125.789,88.96,144.544,155.643,92.87,35.14,35.57,35.80
2026-05-18T00:54:12+00:00,1779065652.140,99.80,111.948,125.789,89.00,144.563,155.643,92.88,36.01,35.74,35.86
2026-05-18T00:54:17+00:00,1779065657.141,99.82,111.938,125.789,88.99,144.585,155.643,92.90,36.25,35.79,35.88
2026-05-18T00:54:22+00:00,1779065662.142,99.83,111.894,125.789,88.95,144.597,155.643,92.90,37.19,36.00,35.94
2026-05-18T00:54:27+00:00,1779065667.144,99.82,111.893,125.789,88.95,144.607,155.643,92.91,37.10,36.00,35.94
2026-05-18T00:54:32+00:00,1779065672.145,99.84,111.892,125.789,88.95,144.618,155.643,92.92,36.93,35.98,35.94
2026-05-18T00:54:37+00:00,1779065677.146,99.82,111.896,125.789,88.96,144.627,155.643,92.92,37.74,36.16,36.00
2026-05-18T00:54:42+00:00,1779065682.148,99.84,111.895,125.789,88.96,144.636,155.643,92.93,38.08,36.26,36.03
2026-05-18T00:54:47+00:00,1779065687.149,99.84,111.906,125.789,88.96,144.643,155.643,92.93,38.63,36.41,36.08
2026-05-18T00:54:52+00:00,1779065692.150,99.81,111.909,125.789,88.97,144.649,155.643,92.94,38.82,36.48,36.10
2026-05-18T00:54:57+00:00,1779065697.152,99.82,111.917,125.789,88.97,144.657,155.643,92.94,38.84,36.52,36.12
2026-05-18T00:55:02+00:00,1779065702.153,99.85,111.930,125.789,88.98,144.666,155.643,92.95,38.29,36.45,36.10
2026-05-18T00:55:07+00:00,1779065707.154,99.82,111.939,125.789,88.99,144.675,155.643,92.95,37.79,36.38,36.07
2026-05-18T00:55:12+00:00,1779065712.156,99.82,111.940,125.789,88.99,144.682,155.643,92.96,37.32,36.30,36.05
2026-05-18T00:55:17+00:00,1779065717.157,99.82,111.946,125.789,89.00,144.688,155.643,92.96,37.70,36.40,36.08
2026-05-18T00:55:22+00:00,1779065722.158,99.84,111.982,125.789,89.02,144.696,155.643,92.97,37.40,36.36,36.07
2026-05-18T00:55:27+00:00,1779065727.160,99.83,111.984,125.789,89.03,144.703,155.643,92.97,37.13,36.32,36.06
2026-05-18T00:55:32+00:00,1779065732.161,99.81,112.041,125.789,89.07,144.712,155.643,92.98,36.72,36.25,36.04
2026-05-18T00:55:37+00:00,1779065737.162,99.82,112.048,125.789,89.08,144.725,155.643,92.99,36.50,36.21,36.03
2026-05-18T00:55:42+00:00,1779065742.164,99.82,112.051,125.789,89.08,144.745,155.643,93.00,36.78,36.27,36.05
2026-05-18T00:55:47+00:00,1779065747.165,99.83,112.022,125.789,89.06,144.762,155.643,93.01,36.64,36.25,36.04
2026-05-18T00:55:52+00:00,1779065752.166,99.83,112.009,125.789,89.05,144.773,155.643,93.02,37.15,36.36,36.08
2026-05-18T00:55:57+00:00,1779065757.168,99.84,112.011,125.789,89.05,144.783,155.643,93.02,36.81,36.31,36.07
2026-05-18T00:56:02+00:00,1779065762.169,99.84,112.005,125.789,89.04,144.793,155.643,93.03,36.59,36.27,36.05
2026-05-18T00:56:07+00:00,1779065767.170,99.82,112.017,125.789,89.05,144.803,155.643,93.04,36.22,36.20,36.03
2026-05-18T00:56:12+00:00,1779065772.172,99.84,112.024,125.789,89.06,144.812,155.643,93.04,36.44,36.24,36.05
2026-05-18T00:56:17+00:00,1779065777.173,99.81,112.034,125.789,89.07,144.820,155.643,93.05,36.09,36.17,36.03
2026-05-18T00:56:22+00:00,1779065782.174,99.83,112.040,125.789,89.07,144.829,155.643,93.05,36.24,36.20,36.04
2026-05-18T00:56:27+00:00,1779065787.176,99.83,112.050,125.789,89.08,144.837,155.643,93.06,35.98,36.15,36.02
2026-05-18T00:56:32+00:00,1779065792.177,99.83,112.063,125.789,89.09,144.845,155.643,93.06,35.66,36.08,36.00
2026-05-18T00:56:37+00:00,1779065797.178,99.84,112.073,125.789,89.10,144.852,155.643,93.07,35.37,36.01,35.98
2026-05-18T00:56:42+00:00,1779065802.179,99.84,112.085,125.789,89.11,144.860,155.643,93.07,35.42,36.01,35.98
2026-05-18T00:56:47+00:00,1779065807.181,99.82,112.092,125.789,89.11,144.867,155.643,93.08,35.31,35.98,35.97
2026-05-18T00:56:52+00:00,1779065812.182,99.83,112.104,125.789,89.12,144.875,155.643,93.08,35.20,35.95,35.96
2026-05-18T00:56:57+00:00,1779065817.183,99.82,112.184,125.789,89.18,144.884,155.643,93.09,35.91,36.08,36.00
2026-05-18T00:57:02+00:00,1779065822.185,99.86,112.194,125.789,89.19,144.895,155.643,93.09,35.59,36.01,35.98
2026-05-18T00:57:07+00:00,1779065827.186,99.82,112.219,125.789,89.21,144.914,155.643,93.11,35.79,36.04,35.99
2026-05-18T00:57:12+00:00,1779065832.188,99.82,112.202,125.789,89.20,144.936,155.643,93.12,36.28,36.14,36.02
2026-05-18T00:57:17+00:00,1779065837.189,99.85,112.172,125.789,89.18,144.948,155.643,93.13,36.02,36.09,36.01
2026-05-18T00:57:22+00:00,1779065842.190,99.85,112.169,125.789,89.17,144.960,155.643,93.14,36.58,36.21,36.04
2026-05-18T00:57:27+00:00,1779065847.192,99.84,112.170,125.789,89.17,144.971,155.643,93.14,36.37,36.17,36.03
2026-05-18T00:57:32+00:00,1779065852.193,99.81,112.177,125.789,89.18,144.982,155.643,93.15,36.10,36.12,36.02
2026-05-18T00:57:37+00:00,1779065857.194,99.84,112.186,125.789,89.19,144.990,155.643,93.16,35.85,36.06,36.00
2026-05-18T00:57:42+00:00,1779065862.196,99.83,112.188,125.789,89.19,144.998,155.643,93.16,36.19,36.13,36.02
2026-05-18T00:57:47+00:00,1779065867.197,99.82,112.195,125.789,89.19,145.005,155.643,93.17,36.01,36.09,36.01
2026-05-18T00:57:52+00:00,1779065872.198,99.82,112.209,125.789,89.20,145.014,155.643,93.17,35.61,36.01,35.98
2026-05-18T00:57:57+00:00,1779065877.200,99.82,112.219,125.789,89.21,145.023,155.643,93.18,35.40,35.96,35.97
2026-05-18T00:58:02+00:00,1779065882.201,99.84,112.222,125.789,89.22,145.032,155.643,93.18,35.13,35.89,35.94
2026-05-18T00:58:07+00:00,1779065887.202,99.84,112.233,125.789,89.22,145.039,155.643,93.19,35.44,35.94,35.96
2026-05-18T00:58:12+00:00,1779065892.204,99.83,112.245,125.789,89.23,145.045,155.643,93.19,35.24,35.90,35.95
2026-05-18T00:58:17+00:00,1779065897.205,99.86,112.260,125.789,89.24,145.054,155.643,93.20,35.86,36.01,35.98
2026-05-18T00:58:22+00:00,1779065902.206,99.86,112.267,125.789,89.25,145.063,155.643,93.20,36.36,36.11,36.02
2026-05-18T00:58:27+00:00,1779065907.208,99.82,112.326,125.789,89.30,145.072,155.643,93.21,36.01,36.04,35.99
2026-05-18T00:58:32+00:00,1779065912.209,99.84,112.337,125.789,89.31,145.086,155.643,93.22,35.69,35.98,35.97
2026-05-18T00:58:37+00:00,1779065917.210,99.86,112.336,125.789,89.31,145.107,155.643,93.23,35.87,36.01,35.98
2026-05-18T00:58:42+00:00,1779065922.212,99.86,112.318,125.789,89.29,145.124,155.643,93.24,35.88,36.01,35.98
2026-05-18T00:58:47+00:00,1779065927.213,99.84,112.297,125.789,89.27,145.135,155.643,93.25,36.21,36.08,36.01
2026-05-18T00:58:52+00:00,1779065932.214,99.85,112.299,125.789,89.28,145.145,155.643,93.26,35.87,36.01,35.98
2026-05-18T00:58:57+00:00,1779065937.215,99.83,112.313,125.789,89.29,145.155,155.643,93.26,36.37,36.11,36.02
2026-05-18T00:59:02+00:00,1779065942.217,99.83,112.317,125.789,89.29,145.164,155.643,93.27,36.02,36.04,36.00
2026-05-18T00:59:07+00:00,1779065947.219,99.84,112.327,125.789,89.30,145.171,155.643,93.27,35.77,35.99,35.98
2026-05-18T00:59:12+00:00,1779065952.220,99.83,112.334,125.789,89.30,145.176,155.643,93.28,35.47,35.92,35.96
2026-05-18T00:59:17+00:00,1779065957.221,99.85,112.336,125.789,89.31,145.184,155.643,93.28,35.27,35.87,35.94
2026-05-18T00:59:22+00:00,1779065962.223,99.84,112.344,125.789,89.31,145.191,155.643,93.29,35.09,35.83,35.93
2026-05-18T00:59:27+00:00,1779065967.224,99.86,112.349,125.789,89.32,145.199,155.643,93.29,35.72,35.95,35.96
2026-05-18T00:59:32+00:00,1779065972.225,99.83,112.360,125.789,89.32,145.206,155.643,93.29,35.51,35.90,35.95
2026-05-18T00:59:37+00:00,1779065977.227,99.82,112.373,125.789,89.33,145.213,155.643,93.30,35.47,35.88,35.94
2026-05-18T00:59:42+00:00,1779065982.228,99.86,112.384,125.789,89.34,145.219,155.643,93.30,35.19,35.82,35.92
2026-05-18T00:59:47+00:00,1779065987.230,99.85,112.394,125.789,89.35,145.226,155.643,93.31,35.97,35.97,35.97
2026-05-18T00:59:52+00:00,1779065992.231,99.84,112.402,125.789,89.36,145.234,155.643,93.31,35.74,35.92,35.95
2026-05-18T00:59:57+00:00,1779065997.232,99.85,112.472,125.789,89.41,145.243,155.643,93.32,35.52,35.87,35.94
2026-05-18T01:00:02+00:00,1779066002.234,99.84,112.487,125.789,89.43,145.256,155.643,93.33,36.04,35.97,35.97
2026-05-18T01:00:07+00:00,1779066007.235,99.85,112.511,125.789,89.44,145.273,155.643,93.34,35.71,35.91,35.95
2026-05-18T01:00:12+00:00,1779066012.237,99.84,112.509,125.789,89.44,145.296,155.643,93.35,35.42,35.84,35.93
2026-05-18T01:00:17+00:00,1779066017.238,99.85,112.468,125.789,89.41,145.309,155.643,93.36,35.86,35.93,35.95
2026-05-18T01:00:22+00:00,1779066022.239,99.82,112.470,125.789,89.41,145.319,155.643,93.37,36.51,36.06,36.00
2026-05-18T01:00:27+00:00,1779066027.241,99.83,112.474,125.789,89.41,145.330,155.643,93.37,36.15,35.99,35.98
2026-05-18T01:00:32+00:00,1779066032.242,99.84,112.486,125.789,89.42,145.340,155.643,93.38,35.90,35.94,35.96
2026-05-18T01:00:37+00:00,1779066037.243,99.84,112.490,125.789,89.43,145.348,155.643,93.39,36.47,36.06,36.00
2026-05-18T01:00:42+00:00,1779066042.245,99.84,112.503,125.789,89.44,145.355,155.643,93.39,36.19,36.01,35.98
2026-05-18T01:00:47+00:00,1779066047.246,99.84,112.503,125.789,89.44,145.361,155.643,93.39,36.34,36.04,35.99
2026-05-18T01:00:52+00:00,1779066052.248,99.84,112.512,125.789,89.45,145.369,155.643,93.40,35.99,35.98,35.97
2026-05-18T01:00:57+00:00,1779066057.249,99.84,112.519,125.789,89.45,145.378,155.643,93.41,35.91,35.96,35.97
2026-05-18T01:01:02+00:00,1779066062.250,99.84,112.534,125.789,89.46,145.386,155.643,93.41,35.68,35.91,35.95
2026-05-18T01:01:07+00:00,1779066067.252,99.84,112.541,125.789,89.47,145.395,155.643,93.42,35.38,35.85,35.93
2026-05-18T01:01:12+00:00,1779066072.253,99.85,112.551,125.789,89.48,145.402,155.643,93.42,35.19,35.80,35.91
2026-05-18T01:01:17+00:00,1779066077.255,99.86,112.563,125.789,89.49,145.408,155.643,93.42,35.41,35.83,35.92
2026-05-18T01:01:22+00:00,1779066082.256,99.82,112.575,125.789,89.50,145.416,155.643,93.43,35.14,35.77,35.90
2026-05-18T01:01:27+00:00,1779066087.257,99.85,112.583,125.789,89.50,145.423,155.643,93.43,34.97,35.72,35.89
2026-05-18T01:01:32+00:00,1779066092.258,99.83,112.607,125.789,89.52,145.432,155.643,93.44,35.61,35.85,35.93
2026-05-18T01:01:37+00:00,1779066097.260,99.85,112.632,125.789,89.54,145.448,155.643,93.45,35.40,35.80,35.91
2026-05-18T01:01:42+00:00,1779066102.261,99.84,112.641,125.789,89.55,145.468,155.643,93.46,35.21,35.75,35.89
2026-05-18T01:01:47+00:00,1779066107.262,99.84,112.611,125.789,89.52,145.481,155.643,93.47,35.03,35.71,35.88
2026-05-18T01:01:52+00:00,1779066112.264,99.82,112.610,125.789,89.52,145.492,155.643,93.48,35.83,35.86,35.93
2026-05-18T01:01:57+00:00,1779066117.265,99.84,112.616,125.789,89.53,145.501,155.643,93.48,35.68,35.83,35.92
2026-05-18T01:02:02+00:00,1779066122.266,99.79,112.627,125.789,89.54,145.510,155.643,93.49,35.55,35.80,35.91
2026-05-18T01:02:07+00:00,1779066127.268,99.85,112.638,125.789,89.55,145.519,155.643,93.50,36.07,35.90,35.94
2026-05-18T01:02:12+00:00,1779066132.269,99.85,112.645,125.789,89.55,145.526,155.643,93.50,35.82,35.85,35.92
2026-05-18T01:02:17+00:00,1779066137.270,99.83,112.657,125.789,89.56,145.533,155.643,93.50,35.51,35.79,35.90
2026-05-18T01:02:22+00:00,1779066142.272,99.82,112.670,125.789,89.57,145.542,155.643,93.51,35.31,35.74,35.89
2026-05-18T01:02:27+00:00,1779066147.273,99.86,112.682,125.789,89.58,145.549,155.643,93.52,36.01,35.88,35.93
2026-05-18T01:02:32+00:00,1779066152.274,99.84,112.696,125.789,89.59,145.556,155.643,93.52,35.69,35.81,35.91
2026-05-18T01:02:37+00:00,1779066157.276,99.83,112.705,125.789,89.60,145.563,155.643,93.52,36.43,35.97,35.96
2026-05-18T01:02:42+00:00,1779066162.277,99.80,112.715,125.789,89.61,145.570,155.643,93.53,36.08,35.90,35.94
2026-05-18T01:02:47+00:00,1779066167.278,99.84,112.722,125.789,89.61,145.577,155.643,93.53,35.99,35.89,35.93
2026-05-18T01:02:52+00:00,1779066172.280,99.82,112.733,125.789,89.62,145.585,155.643,93.54,35.75,35.84,35.91
2026-05-18T01:02:57+00:00,1779066177.281,99.82,112.807,125.789,89.68,145.594,155.643,93.54,36.09,35.91,35.94
2026-05-18T01:03:02+00:00,1779066182.283,99.82,112.815,125.789,89.69,145.603,155.643,93.55,35.76,35.84,35.91
2026-05-18T01:03:07+00:00,1779066187.284,99.85,112.828,125.789,89.70,145.617,155.643,93.56,35.46,35.78,35.89
2026-05-18T01:03:12+00:00,1779066192.285,99.83,112.844,125.789,89.71,145.635,155.643,93.57,35.18,35.72,35.87
2026-05-18T01:03:17+00:00,1779066197.287,99.81,112.832,125.789,89.70,145.654,155.643,93.58,35.01,35.67,35.86
2026-05-18T01:03:22+00:00,1779066202.288,99.84,112.804,125.789,89.68,145.667,155.643,93.59,34.85,35.63,35.84
2026-05-18T01:03:27+00:00,1779066207.289,99.83,112.803,125.789,89.68,145.677,155.643,93.60,34.62,35.57,35.82
2026-05-18T01:03:32+00:00,1779066212.291,99.84,112.800,125.789,89.67,145.688,155.643,93.60,34.49,35.52,35.80
2026-05-18T01:03:37+00:00,1779066217.292,99.86,112.799,125.789,89.67,145.698,155.643,93.61,34.37,35.48,35.79
2026-05-18T01:03:42+00:00,1779066222.293,99.80,112.806,125.789,89.68,145.706,155.643,93.62,34.90,35.57,35.82
2026-05-18T01:03:47+00:00,1779066227.295,99.84,112.815,125.789,89.69,145.713,155.643,93.62,34.67,35.51,35.80
2026-05-18T01:03:52+00:00,1779066232.296,99.83,112.829,125.789,89.70,145.721,155.643,93.63,35.02,35.57,35.81
2026-05-18T01:03:57+00:00,1779066237.297,99.85,112.834,125.789,89.70,145.729,155.643,93.63,35.01,35.56,35.81
2026-05-18T01:04:02+00:00,1779066242.299,99.84,112.844,125.789,89.71,145.737,155.643,93.64,34.85,35.52,35.79
2026-05-18T01:04:07+00:00,1779066247.300,99.84,112.853,125.789,89.72,145.746,155.643,93.64,34.62,35.46,35.77
2026-05-18T01:04:12+00:00,1779066252.302,99.84,112.868,125.789,89.73,145.754,155.643,93.65,34.49,35.42,35.76
2026-05-18T01:04:17+00:00,1779066257.303,99.86,112.875,125.789,89.73,145.759,155.643,93.65,34.37,35.38,35.74
2026-05-18T01:04:22+00:00,1779066262.304,99.83,112.887,125.789,89.74,145.767,155.643,93.65,34.18,35.32,35.72
2026-05-18T01:04:27+00:00,1779066267.306,99.84,112.902,125.789,89.76,145.775,155.643,93.66,34.33,35.33,35.73
2026-05-18T01:04:32+00:00,1779066272.307,99.79,112.905,125.789,89.76,145.783,155.643,93.67,34.22,35.29,35.71
2026-05-18T01:04:37+00:00,1779066277.308,99.86,112.937,125.789,89.78,145.796,155.643,93.67,34.04,35.24,35.69
2026-05-18T01:04:42+00:00,1779066282.310,99.85,112.968,125.789,89.81,145.817,155.643,93.69,34.04,35.22,35.68
2026-05-18T01:04:47+00:00,1779066287.311,99.84,112.958,125.789,89.80,145.837,155.643,93.70,35.00,35.40,35.74
2026-05-18T01:04:52+00:00,1779066292.312,99.84,112.944,125.789,89.79,145.848,155.643,93.71,34.84,35.36,35.72
2026-05-18T01:04:57+00:00,1779066297.314,99.82,112.949,125.789,89.79,145.859,155.643,93.71,35.57,35.50,35.77
2026-05-18T01:05:02+00:00,1779066302.315,99.83,112.955,125.789,89.80,145.869,155.643,93.72,35.53,35.49,35.76
2026-05-18T01:05:07+00:00,1779066307.316,99.84,112.962,125.789,89.80,145.878,155.643,93.73,35.32,35.45,35.75
2026-05-18T01:05:12+00:00,1779066312.318,99.83,112.969,125.789,89.81,145.886,155.643,93.73,35.22,35.43,35.74
2026-05-18T01:05:17+00:00,1779066317.319,99.84,112.973,125.789,89.81,145.891,155.643,93.73,35.04,35.39,35.72
2026-05-18T01:05:22+00:00,1779066322.320,99.83,112.979,125.789,89.82,145.897,155.643,93.74,34.72,35.31,35.70
2026-05-18T01:05:27+00:00,1779066327.322,99.83,112.990,125.789,89.83,145.904,155.643,93.74,35.30,35.42,35.73
2026-05-18T01:05:32+00:00,1779066332.323,99.83,113.002,125.789,89.84,145.913,155.643,93.75,35.19,35.40,35.72
2026-05-18T01:05:37+00:00,1779066337.325,99.84,113.013,125.789,89.84,145.921,155.643,93.75,35.02,35.36,35.71
2026-05-18T01:05:42+00:00,1779066342.326,99.83,113.025,125.789,89.85,145.927,155.643,93.76,34.86,35.32,35.69
2026-05-18T01:05:47+00:00,1779066347.327,99.82,113.035,125.789,89.86,145.933,155.643,93.76,34.63,35.27,35.67
2026-05-18T01:05:52+00:00,1779066352.329,99.81,113.047,125.789,89.87,145.941,155.643,93.77,34.58,35.24,35.66
2026-05-18T01:05:57+00:00,1779066357.330,99.83,113.053,125.789,89.88,145.949,155.643,93.77,34.37,35.19,35.64
2026-05-18T01:06:02+00:00,1779066362.331,99.86,113.084,125.789,89.90,145.958,155.643,93.78,34.18,35.14,35.62
2026-05-18T01:06:07+00:00,1779066367.333,99.81,113.148,125.789,89.95,145.974,155.643,93.79,34.09,35.10,35.61
2026-05-18T01:06:12+00:00,1779066372.334,99.83,113.156,125.789,89.96,145.999,155.643,93.80,34.40,35.15,35.62
2026-05-18T01:06:17+00:00,1779066377.335,99.83,113.120,125.789,89.93,146.017,155.643,93.82,35.33,35.33,35.68
2026-05-18T01:06:22+00:00,1779066382.337,99.84,113.120,125.789,89.93,146.028,155.643,93.82,36.10,35.49,35.73
2026-05-18T01:06:27+00:00,1779066387.338,99.83,113.130,125.789,89.94,146.038,155.643,93.83,35.77,35.43,35.71
2026-05-18T01:06:32+00:00,1779066392.340,99.84,113.138,125.789,89.94,146.048,155.643,93.84,36.43,35.57,35.75
2026-05-18T01:06:37+00:00,1779066397.341,99.82,113.149,125.789,89.95,146.057,155.643,93.84,36.08,35.51,35.73
2026-05-18T01:06:42+00:00,1779066402.342,99.82,113.157,125.789,89.96,146.066,155.643,93.85,35.75,35.46,35.71
2026-05-18T01:06:47+00:00,1779066407.343,99.83,113.164,125.789,89.96,146.072,155.643,93.85,35.85,35.48,35.72
2026-05-18T01:06:52+00:00,1779066412.345,99.82,113.177,125.789,89.97,146.080,155.643,93.86,36.66,35.66,35.77
2026-05-18T01:06:57+00:00,1779066417.346,99.81,113.186,125.789,89.98,146.089,155.643,93.86,36.45,35.63,35.77
2026-05-18T01:07:02+00:00,1779066422.348,99.84,113.194,125.789,89.99,146.098,155.643,93.87,36.09,35.57,35.74
2026-05-18T01:07:07+00:00,1779066427.349,99.83,113.201,125.789,89.99,146.106,155.643,93.87,36.25,35.61,35.76
2026-05-18T01:07:12+00:00,1779066432.350,99.82,113.208,125.789,90.00,146.113,155.643,93.88,35.91,35.55,35.74
2026-05-18T01:07:17+00:00,1779066437.352,99.82,113.219,125.789,90.01,146.121,155.643,93.88,35.75,35.52,35.73
2026-05-18T01:07:22+00:00,1779066442.353,99.83,113.230,125.789,90.02,146.129,155.643,93.89,35.53,35.48,35.71
2026-05-18T01:07:27+00:00,1779066447.354,99.82,113.222,125.789,90.01,146.136,155.643,93.89,36.05,35.59,35.75
2026-05-18T01:07:32+00:00,1779066452.356,99.84,113.244,125.789,90.03,146.149,155.643,93.90,35.97,35.58,35.74
2026-05-18T01:07:37+00:00,1779066457.357,99.82,113.267,125.789,90.05,146.168,155.643,93.91,35.65,35.52,35.72
2026-05-18T01:07:42+00:00,1779066462.358,99.80,113.261,125.789,90.04,146.187,155.643,93.92,35.60,35.51,35.72
2026-05-18T01:07:47+00:00,1779066467.360,99.83,113.245,125.789,90.03,146.199,155.643,93.93,36.51,35.70,35.78
2026-05-18T01:07:52+00:00,1779066472.361,99.84,113.252,125.789,90.03,146.209,155.643,93.94,36.47,35.71,35.78
2026-05-18T01:07:57+00:00,1779066477.362,99.84,113.265,125.789,90.04,146.218,155.643,93.95,36.59,35.75,35.79
2026-05-18T01:08:02+00:00,1779066482.364,99.84,113.280,125.789,90.06,146.228,155.643,93.95,37.27,35.90,35.84
2026-05-18T01:08:07+00:00,1779066487.365,99.83,113.298,125.789,90.07,146.234,155.643,93.95,37.40,35.95,35.86
2026-05-18T01:08:12+00:00,1779066492.366,99.82,113.305,125.789,90.08,146.239,155.643,93.96,36.97,35.88,35.84
2026-05-18T01:08:17+00:00,1779066497.368,99.83,113.304,125.789,90.08,146.247,155.643,93.96,36.57,35.82,35.82
2026-05-18T01:08:22+00:00,1779066502.369,99.82,113.317,125.789,90.09,146.255,155.643,93.97,37.09,35.94,35.86
2026-05-18T01:08:27+00:00,1779066507.370,99.82,113.325,125.789,90.09,146.263,155.643,93.97,37.16,35.97,35.87
2026-05-18T01:08:32+00:00,1779066512.372,99.84,113.331,125.789,90.10,146.270,155.643,93.98,37.31,36.02,35.88
2026-05-18T01:08:37+00:00,1779066517.373,99.82,113.347,125.789,90.11,146.277,155.643,93.98,37.84,36.16,35.93
2026-05-18T01:08:42+00:00,1779066522.374,99.81,113.356,125.789,90.12,146.284,155.643,93.99,37.30,36.07,35.90
2026-05-18T01:08:47+00:00,1779066527.376,99.82,113.359,125.789,90.12,146.294,155.643,93.99,36.95,36.02,35.89
2026-05-18T01:08:52+00:00,1779066532.377,99.83,113.423,125.789,90.17,146.303,155.643,94.00,36.72,35.99,35.88
2026-05-18T01:08:57+00:00,1779066537.378,99.84,113.443,125.789,90.19,146.317,155.643,94.01,36.90,36.04,35.89
2026-05-18T01:09:02+00:00,1779066542.379,99.84,113.465,125.789,90.20,146.336,155.643,94.02,37.47,36.17,35.94
2026-05-18T01:09:07+00:00,1779066547.381,99.82,113.458,125.789,90.20,146.356,155.643,94.03,37.59,36.22,35.95
2026-05-18T01:09:12+00:00,1779066552.382,99.84,113.426,125.789,90.17,146.370,155.643,94.04,37.70,36.26,35.97
2026-05-18T01:09:17+00:00,1779066557.383,99.83,113.427,125.789,90.17,146.382,155.643,94.05,37.49,36.24,35.96
2026-05-18T01:09:22+00:00,1779066562.385,99.82,113.435,125.789,90.18,146.394,155.643,94.06,38.33,36.44,36.03
2026-05-18T01:09:27+00:00,1779066567.386,99.85,113.439,125.789,90.18,146.404,155.643,94.06,37.98,36.40,36.02
2026-05-18T01:09:32+00:00,1779066572.387,99.84,113.441,125.789,90.18,146.412,155.643,94.07,37.58,36.34,36.00
2026-05-18T01:09:37+00:00,1779066577.389,99.83,113.456,125.789,90.20,146.419,155.643,94.07,37.22,36.28,35.99
2026-05-18T01:09:42+00:00,1779066582.390,99.84,113.463,125.789,90.20,146.426,155.643,94.08,36.80,36.21,35.96
2026-05-18T01:09:47+00:00,1779066587.391,99.83,113.470,125.789,90.21,146.436,155.643,94.08,36.41,36.14,35.94
2026-05-18T01:09:52+00:00,1779066592.394,99.84,113.479,125.789,90.21,146.444,155.643,94.09,36.06,36.07,35.92
2026-05-18T01:09:57+00:00,1779066597.395,99.84,113.490,125.789,90.22,146.453,155.643,94.10,35.81,36.02,35.90
2026-05-18T01:10:02+00:00,1779066602.396,99.83,113.494,125.789,90.23,146.459,155.643,94.10,35.91,36.04,35.91
2026-05-18T01:10:07+00:00,1779066607.398,99.82,113.499,125.789,90.23,146.465,155.643,94.10,35.84,36.02,35.91
2026-05-18T01:10:12+00:00,1779066612.399,99.82,113.504,125.789,90.23,146.473,155.643,94.11,35.53,35.95,35.88
2026-05-18T01:10:17+00:00,1779066617.401,99.84,113.585,125.789,90.30,146.481,155.643,94.11,35.33,35.91,35.87
2026-05-18T01:10:22+00:00,1779066622.402,99.84,113.590,125.789,90.30,146.490,155.643,94.12,36.02,36.04,35.91
2026-05-18T01:10:27+00:00,1779066627.403,99.85,113.597,125.789,90.31,146.507,155.643,94.13,35.78,35.99,35.90
2026-05-18T01:10:32+00:00,1779066632.405,99.86,113.590,125.789,90.30,146.530,155.643,94.15,35.80,35.99,35.90
2026-05-18T01:10:37+00:00,1779066637.406,99.81,113.560,125.789,90.28,146.546,155.643,94.16,35.49,35.92,35.88
2026-05-18T01:10:42+00:00,1779066642.407,99.85,113.569,125.789,90.29,146.557,155.643,94.16,35.21,35.86,35.86
2026-05-18T01:10:47+00:00,1779066647.409,99.82,113.572,125.789,90.29,146.568,155.643,94.17,35.92,35.99,35.90
2026-05-18T01:10:52+00:00,1779066652.410,99.82,113.581,125.789,90.30,146.578,155.643,94.18,35.60,35.93,35.88
2026-05-18T01:10:57+00:00,1779066657.411,99.84,113.586,125.789,90.30,146.587,155.643,94.18,35.39,35.88,35.86
2026-05-18T01:11:02+00:00,1779066662.413,99.82,113.594,125.789,90.31,146.594,155.643,94.19,35.04,35.80,35.84
2026-05-18T01:11:07+00:00,1779066667.414,99.84,113.601,125.789,90.31,146.601,155.643,94.19,35.60,35.90,35.87
2026-05-18T01:11:12+00:00,1779066672.415,99.83,113.613,125.789,90.32,146.608,155.643,94.20,35.15,35.80,35.84
2026-05-18T01:11:17+00:00,1779066677.417,99.82,113.624,125.789,90.33,146.616,155.643,94.20,35.70,35.90,35.87
2026-05-18T01:11:22+00:00,1779066682.418,99.84,113.626,125.789,90.33,146.625,155.643,94.21,35.48,35.86,35.86
2026-05-18T01:11:27+00:00,1779066687.420,99.84,113.637,125.789,90.34,146.633,155.643,94.21,35.20,35.79,35.83
2026-05-18T01:11:32+00:00,1779066692.421,99.82,113.646,125.789,90.35,146.640,155.643,94.22,35.03,35.75,35.82
2026-05-18T01:11:37+00:00,1779066697.422,99.84,113.657,125.789,90.36,146.648,155.643,94.22,34.79,35.68,35.80
2026-05-18T01:11:42+00:00,1779066702.424,99.83,113.661,125.789,90.36,146.654,155.643,94.23,35.36,35.79,35.83
2026-05-18T01:11:47+00:00,1779066707.425,99.84,113.735,125.789,90.42,146.662,155.643,94.23,35.25,35.76,35.82
2026-05-18T01:11:52+00:00,1779066712.426,99.86,113.763,125.789,90.44,146.674,155.643,94.24,35.07,35.71,35.81
2026-05-18T01:11:57+00:00,1779066717.428,99.85,113.765,125.789,90.44,146.693,155.643,94.25,35.63,35.82,35.84
2026-05-18T01:12:02+00:00,1779066722.429,99.83,113.763,125.789,90.44,146.714,155.643,94.26,35.34,35.75,35.82
2026-05-18T01:12:07+00:00,1779066727.430,99.84,113.722,125.789,90.41,146.727,155.643,94.27,35.87,35.86,35.85
2026-05-18T01:12:12+00:00,1779066732.432,99.82,113.727,125.789,90.41,146.738,155.643,94.28,35.64,35.81,35.84
2026-05-18T01:12:17+00:00,1779066737.433,99.83,113.729,125.789,90.41,146.749,155.643,94.29,35.35,35.75,35.82
2026-05-18T01:12:22+00:00,1779066742.434,99.84,113.733,125.789,90.42,146.757,155.643,94.29,35.08,35.68,35.79
2026-05-18T01:12:27+00:00,1779066747.436,99.84,113.749,125.789,90.43,146.765,155.643,94.30,35.15,35.69,35.80
2026-05-18T01:12:32+00:00,1779066752.437,99.83,113.755,125.789,90.43,146.773,155.643,94.30,34.90,35.63,35.78
2026-05-18T01:12:37+00:00,1779066757.438,99.83,113.762,125.789,90.44,146.779,155.643,94.31,35.31,35.70,35.80
2026-05-18T01:12:42+00:00,1779066762.440,99.84,113.770,125.789,90.45,146.787,155.643,94.31,35.04,35.64,35.78
2026-05-18T01:12:47+00:00,1779066767.441,99.83,113.780,125.789,90.45,146.795,155.643,94.32,35.20,35.66,35.79
2026-05-18T01:12:52+00:00,1779066772.443,99.84,113.789,125.789,90.46,146.804,155.643,94.32,35.02,35.62,35.77
2026-05-18T01:12:57+00:00,1779066777.444,99.81,113.801,125.789,90.47,146.812,155.643,94.33,34.78,35.56,35.75
2026-05-18T01:13:02+00:00,1779066782.445,99.81,113.807,125.789,90.47,146.818,155.643,94.33,34.96,35.58,35.76
2026-05-18T01:13:07+00:00,1779066787.446,99.86,113.811,125.789,90.48,146.826,155.643,94.34,34.72,35.52,35.74
2026-05-18T01:13:12+00:00,1779066792.448,99.84,113.820,125.789,90.48,146.833,155.643,94.34,35.63,35.70,35.79
2026-05-18T01:13:17+00:00,1779066797.449,99.83,113.816,125.789,90.48,146.840,155.643,94.34,35.98,35.77,35.81
2026-05-18T01:13:22+00:00,1779066802.451,99.79,113.844,125.789,90.50,146.849,155.643,94.35,35.82,35.74,35.80
2026-05-18T01:13:27+00:00,1779066807.452,99.85,113.866,125.789,90.52,146.863,155.643,94.36,36.07,35.79,35.82
2026-05-18T01:13:32+00:00,1779066812.453,99.82,113.871,125.789,90.53,146.883,155.643,94.37,36.39,35.86,35.84
2026-05-18T01:13:37+00:00,1779066817.455,99.83,113.856,125.789,90.51,146.897,155.643,94.38,36.12,35.81,35.83
2026-05-18T01:13:42+00:00,1779066822.456,99.84,113.861,125.789,90.52,146.907,155.643,94.39,35.79,35.75,35.81
2026-05-18T01:13:47+00:00,1779066827.457,99.82,113.868,125.789,90.52,146.917,155.643,94.39,35.48,35.69,35.79
2026-05-18T01:13:52+00:00,1779066832.459,99.85,113.876,125.789,90.53,146.927,155.643,94.40,35.20,35.63,35.77
2026-05-18T01:13:57+00:00,1779066837.460,99.84,113.878,125.789,90.53,146.936,155.643,94.41,35.27,35.63,35.77
2026-05-18T01:14:02+00:00,1779066842.461,99.84,113.885,125.789,90.54,146.943,155.643,94.41,35.97,35.77,35.81
2026-05-18T01:14:07+00:00,1779066847.463,99.82,113.891,125.789,90.54,146.949,155.643,94.41,35.81,35.74,35.80
2026-05-18T01:14:12+00:00,1779066852.464,99.84,113.899,125.789,90.55,146.958,155.643,94.42,36.07,35.80,35.82
2026-05-18T01:14:17+00:00,1779066857.465,99.82,113.905,125.789,90.55,146.965,155.643,94.42,35.74,35.73,35.80
2026-05-18T01:14:22+00:00,1779066862.467,99.82,113.914,125.789,90.56,146.971,155.643,94.43,35.52,35.69,35.78
2026-05-18T01:14:27+00:00,1779066867.468,99.82,113.922,125.789,90.57,146.978,155.643,94.43,35.24,35.63,35.76
2026-05-18T01:14:32+00:00,1779066872.469,99.83,113.926,125.789,90.57,146.985,155.643,94.44,35.06,35.58,35.75
2026-05-18T01:14:37+00:00,1779066877.471,99.82,113.936,125.789,90.58,146.992,155.643,94.44,34.89,35.54,35.73
2026-05-18T01:14:42+00:00,1779066882.472,99.87,113.944,125.789,90.58,147.000,155.643,94.45,35.62,35.68,35.78
2026-05-18T01:14:47+00:00,1779066887.473,99.84,113.950,125.789,90.59,147.008,155.643,94.45,35.41,35.64,35.76
2026-05-18T01:14:52+00:00,1779066892.475,99.82,114.018,125.789,90.64,147.018,155.643,94.46,35.22,35.59,35.75
2026-05-18T01:14:57+00:00,1779066897.476,99.81,114.059,125.789,90.68,147.033,155.643,94.47,34.96,35.53,35.73
2026-05-18T01:15:02+00:00,1779066902.477,99.84,114.067,125.789,90.68,147.052,155.643,94.48,34.80,35.49,35.71
2026-05-18T01:15:07+00:00,1779066907.479,99.85,114.051,125.789,90.67,147.069,155.643,94.49,34.58,35.43,35.69
2026-05-18T01:15:12+00:00,1779066912.480,99.84,114.033,125.789,90.65,147.081,155.643,94.50,35.25,35.56,35.73
2026-05-18T01:15:17+00:00,1779066917.481,99.84,114.031,125.789,90.65,147.093,155.643,94.51,34.99,35.50,35.71
2026-05-18T01:15:22+00:00,1779066922.483,99.83,114.040,125.789,90.66,147.104,155.643,94.51,34.83,35.46,35.70
2026-05-18T01:15:27+00:00,1779066927.484,99.84,114.045,125.789,90.66,147.112,155.643,94.52,35.17,35.52,35.71
2026-05-18T01:15:32+00:00,1779066932.485,99.84,114.056,125.789,90.67,147.120,155.643,94.52,34.99,35.47,35.70
2026-05-18T01:15:37+00:00,1779066937.487,99.83,114.065,125.789,90.68,147.127,155.643,94.53,34.83,35.43,35.69
2026-05-18T01:15:42+00:00,1779066942.488,99.84,114.073,125.789,90.69,147.134,155.643,94.53,35.01,35.46,35.69
2026-05-18T01:15:47+00:00,1779066947.489,99.84,114.076,125.789,90.69,147.143,155.643,94.54,34.85,35.42,35.68
2026-05-18T01:15:52+00:00,1779066952.491,99.83,114.082,125.789,90.69,147.152,155.643,94.54,35.50,35.54,35.72
2026-05-18T01:15:57+00:00,1779066957.492,99.82,114.088,125.789,90.70,147.161,155.643,94.55,35.14,35.47,35.69
2026-05-18T01:16:02+00:00,1779066962.494,99.84,114.097,125.789,90.71,147.168,155.643,94.56,34.97,35.43,35.68
2026-05-18T01:16:07+00:00,1779066967.495,99.82,114.110,125.789,90.72,147.173,155.643,94.56,34.89,35.40,35.67
2026-05-18T01:16:12+00:00,1779066972.496,99.82,114.121,125.789,90.72,147.180,155.643,94.56,34.98,35.41,35.67
2026-05-18T01:16:17+00:00,1779066977.498,99.82,114.132,125.789,90.73,147.188,155.643,94.57,35.62,35.54,35.71
2026-05-18T01:16:22+00:00,1779066982.499,99.81,114.127,125.789,90.73,147.196,155.643,94.57,36.05,35.63,35.74
2026-05-18T01:16:27+00:00,1779066987.500,99.80,114.163,125.789,90.76,147.208,155.643,94.58,36.61,35.75,35.78
2026-05-18T01:16:32+00:00,1779066992.502,99.79,114.192,125.789,90.78,147.228,155.643,94.59,36.24,35.69,35.76
2026-05-18T01:16:37+00:00,1779066997.503,99.86,114.176,125.789,90.77,147.249,155.643,94.61,36.30,35.71,35.76
2026-05-18T01:16:42+00:00,1779067002.504,99.83,114.146,125.789,90.74,147.261,155.643,94.61,36.44,35.75,35.78
2026-05-18T01:16:47+00:00,1779067007.506,99.81,114.151,125.789,90.75,147.272,155.643,94.62,36.08,35.69,35.76
2026-05-18T01:16:52+00:00,1779067012.507,99.81,114.154,125.789,90.75,147.283,155.643,94.63,36.80,35.84,35.81
2026-05-18T01:16:57+00:00,1779067017.508,99.84,114.165,125.789,90.76,147.292,155.643,94.64,36.41,35.78,35.79
2026-05-18T01:17:02+00:00,1779067022.510,99.84,114.177,125.789,90.77,147.300,155.643,94.64,35.98,35.70,35.76
2026-05-18T01:17:07+00:00,1779067027.511,99.83,114.181,125.789,90.77,147.306,155.643,94.64,36.70,35.85,35.81
2026-05-18T01:17:12+00:00,1779067032.512,99.84,114.183,125.789,90.77,147.313,155.643,94.65,37.29,35.99,35.85
2026-05-18T01:17:17+00:00,1779067037.514,99.83,114.192,125.789,90.78,147.320,155.643,94.65,37.02,35.96,35.84
2026-05-18T01:17:22+00:00,1779067042.515,99.84,114.195,125.789,90.78,147.328,155.643,94.66,37.66,36.11,35.89
2026-05-18T01:17:27+00:00,1779067047.516,99.86,114.210,125.789,90.80,147.335,155.643,94.66,37.93,36.19,35.92
2026-05-18T01:17:32+00:00,1779067052.518,99.84,114.218,125.789,90.80,147.342,155.643,94.67,37.53,36.13,35.90
2026-05-18T01:17:37+00:00,1779067057.519,99.86,114.228,125.789,90.81,147.349,155.643,94.67,37.09,36.07,35.88
2026-05-18T01:17:42+00:00,1779067062.520,99.84,114.239,125.789,90.82,147.355,155.643,94.68,36.76,36.01,35.87
2026-05-18T01:17:47+00:00,1779067067.522,99.80,114.247,125.789,90.82,147.363,155.643,94.68,36.62,36.00,35.86
2026-05-18T01:17:52+00:00,1779067072.523,99.81,114.314,125.789,90.88,147.371,155.643,94.69,37.37,36.16,35.92
2026-05-18T01:17:57+00:00,1779067077.524,99.77,114.334,125.789,90.89,147.383,155.643,94.69,37.58,36.23,35.94
2026-05-18T01:18:02+00:00,1779067082.526,99.83,114.340,125.789,90.90,147.401,155.643,94.70,37.22,36.17,35.92
2026-05-18T01:18:07+00:00,1779067087.527,99.84,114.342,125.789,90.90,147.422,155.643,94.72,36.80,36.10,35.90
2026-05-18T01:18:12+00:00,1779067092.529,99.79,114.312,125.789,90.88,147.437,155.643,94.73,36.41,36.04,35.88
2026-05-18T01:18:17+00:00,1779067097.530,99.79,114.298,125.789,90.87,147.448,155.643,94.74,36.46,36.05,35.89
2026-05-18T01:18:22+00:00,1779067102.531,99.82,114.303,125.789,90.87,147.459,155.643,94.74,36.66,36.10,35.90
2026-05-18T01:18:27+00:00,1779067107.533,99.84,114.306,125.789,90.87,147.468,155.643,94.75,36.45,36.07,35.89
2026-05-18T01:18:32+00:00,1779067112.534,99.81,114.317,125.789,90.88,147.477,155.643,94.75,36.25,36.03,35.88
2026-05-18T01:18:37+00:00,1779067117.535,99.84,114.328,125.789,90.89,147.484,155.643,94.76,35.99,35.98,35.87
2026-05-18T01:18:42+00:00,1779067122.537,99.81,114.349,125.789,90.91,147.491,155.643,94.76,36.31,36.05,35.89
2026-05-18T01:18:47+00:00,1779067127.538,99.82,114.355,125.789,90.91,147.500,155.643,94.77,36.29,36.05,35.89
2026-05-18T01:18:52+00:00,1779067132.539,99.81,114.369,125.789,90.92,147.508,155.643,94.77,36.19,36.03,35.89
2026-05-18T01:18:57+00:00,1779067137.541,99.84,114.370,125.789,90.92,147.516,155.643,94.78,35.93,35.98,35.87
2026-05-18T01:19:02+00:00,1779067142.542,99.81,114.379,125.789,90.93,147.524,155.643,94.78,35.62,35.91,35.85
2026-05-18T01:19:07+00:00,1779067147.544,99.83,114.385,125.789,90.93,147.529,155.643,94.79,35.33,35.85,35.83
2026-05-18T01:19:12+00:00,1779067152.545,99.83,114.390,125.789,90.94,147.536,155.643,94.79,35.14,35.80,35.81
2026-05-18T01:19:17+00:00,1779067157.546,99.84,114.400,125.789,90.95,147.545,155.643,94.80,34.89,35.74,35.79
2026-05-18T01:19:22+00:00,1779067162.548,99.82,114.464,125.789,91.00,147.553,155.643,94.80,35.14,35.77,35.81
2026-05-18T01:19:27+00:00,1779067167.549,99.82,114.478,125.789,91.01,147.564,155.643,94.81,34.89,35.71,35.78
2026-05-18T01:19:32+00:00,1779067172.551,99.84,114.479,125.789,91.01,147.583,155.643,94.82,34.98,35.72,35.79
2026-05-18T01:19:37+00:00,1779067177.552,99.81,114.469,125.789,91.00,147.601,155.643,94.83,35.94,35.90,35.85
2026-05-18T01:19:42+00:00,1779067182.553,99.85,114.461,125.789,90.99,147.613,155.643,94.84,35.78,35.87,35.84
2026-05-18T01:19:47+00:00,1779067187.554,99.84,114.460,125.789,90.99,147.623,155.643,94.85,35.48,35.81,35.82
2026-05-18T01:19:52+00:00,1779067192.556,99.83,114.469,125.789,91.00,147.634,155.643,94.85,35.20,35.74,35.79
2026-05-18T01:19:57+00:00,1779067197.557,99.86,114.475,125.789,91.01,147.644,155.643,94.86,35.02,35.70,35.78
2026-05-18T01:20:02+00:00,1779067202.558,99.85,114.477,125.789,91.01,147.652,155.643,94.87,35.58,35.80,35.81
2026-05-18T01:20:07+00:00,1779067207.560,99.85,114.486,125.789,91.01,147.658,155.643,94.87,35.94,35.87,35.84
2026-05-18T01:20:12+00:00,1779067212.561,99.83,114.505,125.789,91.03,147.665,155.643,94.87,36.58,36.01,35.88
2026-05-18T01:20:17+00:00,1779067217.563,99.84,114.513,125.789,91.04,147.673,155.643,94.88,36.22,35.94,35.86
2026-05-18T01:20:22+00:00,1779067222.564,99.82,114.519,125.789,91.04,147.681,155.643,94.88,37.00,36.11,35.91
2026-05-18T01:20:27+00:00,1779067227.565,99.84,114.529,125.789,91.05,147.689,155.643,94.89,37.16,36.16,35.93
2026-05-18T01:20:32+00:00,1779067232.567,99.84,114.532,125.789,91.05,147.696,155.643,94.89,36.75,36.09,35.91
2026-05-18T01:20:37+00:00,1779067237.568,99.81,114.547,125.789,91.06,147.703,155.643,94.90,36.77,36.10,35.91
2026-05-18T01:20:42+00:00,1779067242.569,99.82,114.549,125.789,91.06,147.710,155.643,94.90,36.47,36.05,35.90
2026-05-18T01:20:47+00:00,1779067247.571,99.84,114.561,125.789,91.07,147.719,155.643,94.91,36.27,36.02,35.89
2026-05-18T01:20:52+00:00,1779067252.572,99.83,114.636,125.789,91.13,147.730,155.643,94.92,35.93,35.95,35.87
2026-05-18T01:20:57+00:00,1779067257.573,99.80,114.656,125.789,91.15,147.743,155.643,94.92,36.33,36.03,35.90
2026-05-18T01:21:02+00:00,1779067262.575,99.82,114.661,125.789,91.15,147.764,155.643,94.94,36.55,36.08,35.91
2026-05-18T01:21:07+00:00,1779067267.576,99.83,114.640,125.789,91.14,147.781,155.643,94.95,36.66,36.12,35.92
2026-05-18T01:21:12+00:00,1779067272.577,99.81,114.625,125.789,91.12,147.795,155.643,94.96,37.17,36.23,35.96
2026-05-18T01:21:17+00:00,1779067277.579,99.83,114.633,125.789,91.13,147.807,155.643,94.97,36.84,36.18,35.95
2026-05-18T01:21:22+00:00,1779067282.580,99.81,114.644,125.789,91.14,147.818,155.643,94.97,36.45,36.11,35.92
2026-05-18T01:21:27+00:00,1779067287.581,99.84,114.647,125.789,91.14,147.829,155.643,94.98,36.17,36.06,35.91
2026-05-18T01:21:32+00:00,1779067292.583,99.85,114.654,125.789,91.15,147.838,155.643,94.99,35.84,35.99,35.89
2026-05-18T01:21:37+00:00,1779067297.584,99.84,114.667,125.789,91.16,147.845,155.643,94.99,35.93,36.00,35.89
2026-05-18T01:21:42+00:00,1779067302.585,99.82,114.676,125.789,91.17,147.853,155.643,95.00,35.62,35.94,35.87
2026-05-18T01:21:47+00:00,1779067307.587,99.82,114.684,125.789,91.17,147.862,155.643,95.00,35.73,35.96,35.88
2026-05-18T01:21:52+00:00,1779067312.588,99.83,114.691,125.789,91.18,147.871,155.643,95.01,35.43,35.89,35.86
2026-05-18T01:21:57+00:00,1779067317.589,99.84,114.700,125.789,91.18,147.880,155.643,95.01,35.23,35.84,35.84
2026-05-18T01:22:02+00:00,1779067322.591,99.84,114.709,125.789,91.19,147.886,155.643,95.02,34.97,35.78,35.82
2026-05-18T01:22:07+00:00,1779067327.592,99.82,114.714,125.789,91.20,147.891,155.643,95.02,34.74,35.71,35.80
2026-05-18T01:22:12+00:00,1779067332.593,99.84,114.719,125.789,91.20,147.899,155.643,95.03,34.68,35.69,35.79
2026-05-18T01:22:17+00:00,1779067337.595,99.84,114.717,125.789,91.20,147.908,155.643,95.03,35.42,35.82,35.83
2026-05-18T01:22:22+00:00,1779067342.596,99.81,114.756,125.789,91.23,147.920,155.643,95.04,35.15,35.76,35.81
2026-05-18T01:22:27+00:00,1779067347.597,99.82,114.785,125.789,91.25,147.940,155.643,95.05,35.06,35.73,35.80
2026-05-18T01:22:32+00:00,1779067352.599,99.82,114.768,125.789,91.24,147.961,155.643,95.06,35.13,35.74,35.81
2026-05-18T01:22:37+00:00,1779067357.600,99.82,114.761,125.789,91.23,147.974,155.643,95.07,35.04,35.71,35.80
2026-05-18T01:22:42+00:00,1779067362.601,99.82,114.763,125.789,91.24,147.984,155.643,95.08,35.92,35.88,35.85
2026-05-18T01:22:47+00:00,1779067367.603,99.82,114.778,125.789,91.25,147.995,155.643,95.09,35.69,35.83,35.84
2026-05-18T01:22:52+00:00,1779067372.604,99.83,114.782,125.789,91.25,148.005,155.643,95.09,36.43,35.98,35.88
2026-05-18T01:22:57+00:00,1779067377.605,99.84,114.787,125.789,91.25,148.014,155.643,95.10,36.16,35.93,35.87
2026-05-18T01:23:02+00:00,1779067382.607,99.85,114.791,125.789,91.26,148.019,155.643,95.10,35.90,35.88,35.85
2026-05-18T01:23:07+00:00,1779067387.608,99.83,114.805,125.789,91.27,148.025,155.643,95.11,36.31,35.97,35.88
2026-05-18T01:23:12+00:00,1779067392.609,99.82,114.816,125.789,91.28,148.032,155.643,95.11,36.93,36.10,35.93
2026-05-18T01:23:17+00:00,1779067397.610,99.84,114.831,125.789,91.29,148.040,155.643,95.12,36.53,36.03,35.90
2026-05-18T01:23:22+00:00,1779067402.612,99.82,114.843,125.789,91.30,148.048,155.643,95.12,36.33,36.00,35.89
2026-05-18T01:23:27+00:00,1779067407.613,99.83,114.854,125.789,91.31,148.056,155.643,95.13,35.98,35.93,35.87
2026-05-18T01:23:32+00:00,1779067412.614,99.80,114.862,125.789,91.31,148.063,155.643,95.13,36.70,36.08,35.92
2026-05-18T01:23:37+00:00,1779067417.616,99.84,114.869,125.789,91.32,148.070,155.643,95.13,36.41,36.03,35.91
2026-05-18T01:23:42+00:00,1779067422.617,99.81,114.873,125.789,91.32,148.078,155.643,95.14,36.14,35.98,35.89
2026-05-18T01:23:47+00:00,1779067427.618,99.81,114.902,125.789,91.35,148.089,155.643,95.15,36.44,36.05,35.91
2026-05-18T01:23:52+00:00,1779067432.620,99.84,114.949,125.789,91.38,148.105,155.643,95.16,36.09,35.98,35.89
2026-05-18T01:23:57+00:00,1779067437.621,99.81,114.969,125.789,91.40,148.128,155.643,95.17,36.16,36.00,35.90
2026-05-18T01:24:02+00:00,1779067442.622,99.84,114.941,125.789,91.38,148.144,155.643,95.18,35.83,35.93,35.88
2026-05-18T01:24:07+00:00,1779067447.624,99.82,114.936,125.789,91.37,148.154,155.643,95.19,36.48,36.07,35.92
2026-05-18T01:24:12+00:00,1779067452.625,99.82,114.937,125.789,91.37,148.165,155.643,95.20,36.12,36.00,35.90
2026-05-18T01:24:17+00:00,1779067457.626,99.83,114.944,125.789,91.38,148.175,155.643,95.20,35.87,35.95,35.88
2026-05-18T01:24:22+00:00,1779067462.628,99.84,114.948,125.789,91.38,148.183,155.643,95.21,35.72,35.92,35.87
2026-05-18T01:24:27+00:00,1779067467.629,99.82,114.950,125.789,91.38,148.192,155.643,95.21,35.99,35.97,35.89
2026-05-18T01:24:32+00:00,1779067472.631,99.84,114.957,125.789,91.39,148.199,155.643,95.22,35.83,35.93,35.88
2026-05-18T01:24:37+00:00,1779067477.632,99.81,114.960,125.789,91.39,148.207,155.643,95.22,35.52,35.87,35.86
2026-05-18T01:24:42+00:00,1779067482.633,99.82,114.966,125.789,91.40,148.215,155.643,95.23,35.96,35.95,35.89
2026-05-18T01:24:47+00:00,1779067487.635,99.82,114.981,125.789,91.41,148.224,155.643,95.23,35.72,35.91,35.87
2026-05-18T01:24:52+00:00,1779067492.636,99.82,114.991,125.789,91.42,148.233,155.643,95.24,35.98,35.96,35.89
2026-05-18T01:24:57+00:00,1779067497.637,99.82,115.011,125.789,91.43,148.239,155.643,95.24,35.91,35.94,35.88
2026-05-18T01:25:02+00:00,1779067502.639,99.83,115.015,125.789,91.44,148.244,155.643,95.25,35.67,35.89,35.87
2026-05-18T01:25:07+00:00,1779067507.640,99.82,115.027,125.789,91.45,148.252,155.643,95.25,35.54,35.86,35.86
2026-05-18T01:25:12+00:00,1779067512.641,99.81,115.031,125.789,91.45,148.260,155.643,95.26,35.49,35.85,35.85
2026-05-18T01:25:17+00:00,1779067517.643,99.80,115.078,125.789,91.48,148.270,155.643,95.26,36.26,36.00,35.90
2026-05-18T01:25:22+00:00,1779067522.644,99.86,115.108,125.789,91.51,148.287,155.643,95.27,35.91,35.93,35.88
2026-05-18T01:25:27+00:00,1779067527.645,99.83,115.121,125.789,91.52,148.307,155.643,95.29,35.76,35.90,35.87
2026-05-18T01:25:32+00:00,1779067532.647,99.84,115.098,125.789,91.50,148.320,155.643,95.30,35.46,35.83,35.85
2026-05-18T01:25:37+00:00,1779067537.648,99.82,115.098,125.789,91.50,148.330,155.643,95.30,35.50,35.84,35.85
2026-05-18T01:25:42+00:00,1779067542.649,99.82,115.111,125.789,91.51,148.340,155.643,95.31,35.22,35.77,35.83
2026-05-18T01:25:47+00:00,1779067547.651,99.82,115.116,125.789,91.52,148.350,155.643,95.31,35.04,35.73,35.81
2026-05-18T01:25:52+00:00,1779067552.652,99.82,115.125,125.789,91.52,148.359,155.643,95.32,35.60,35.83,35.85
2026-05-18T01:25:57+00:00,1779067557.653,99.82,115.132,125.789,91.53,148.365,155.643,95.32,36.03,35.92,35.88
2026-05-18T01:26:02+00:00,1779067562.655,99.83,115.137,125.789,91.53,148.371,155.643,95.33,35.71,35.85,35.85
2026-05-18T01:26:07+00:00,1779067567.656,99.82,115.145,125.789,91.54,148.379,155.643,95.33,35.57,35.82,35.84
2026-05-18T01:26:12+00:00,1779067572.657,99.82,115.150,125.789,91.54,148.388,155.643,95.34,35.37,35.77,35.83
2026-05-18T01:26:17+00:00,1779067577.659,99.82,115.161,125.789,91.55,148.396,155.643,95.34,35.10,35.71,35.81
2026-05-18T01:26:22+00:00,1779067582.660,99.83,115.174,125.789,91.56,148.404,155.643,95.35,34.85,35.65,35.79
2026-05-18T01:26:27+00:00,1779067587.661,99.82,115.192,125.789,91.58,148.412,155.643,95.35,34.70,35.60,35.77
2026-05-18T01:26:32+00:00,1779067592.663,99.82,115.195,125.789,91.58,148.418,155.643,95.36,34.48,35.54,35.75
2026-05-18T01:26:37+00:00,1779067597.664,99.83,115.203,125.789,91.58,148.426,155.643,95.36,34.29,35.49,35.73
2026-05-18T01:26:42+00:00,1779067602.665,99.84,115.209,125.789,91.59,148.435,155.643,95.37,34.50,35.51,35.74
2026-05-18T01:26:47+00:00,1779067607.667,99.85,115.242,125.789,91.62,148.449,155.643,95.38,35.02,35.60,35.77
2026-05-18T01:26:52+00:00,1779067612.668,99.81,115.273,125.789,91.64,148.471,155.643,95.39,34.94,35.58,35.76
2026-05-18T01:26:57+00:00,1779067617.669,99.84,115.248,125.789,91.62,148.489,155.643,95.40,34.87,35.55,35.75
2026-05-18T01:27:02+00:00,1779067622.670,99.84,115.237,125.789,91.61,148.501,155.643,95.41,35.44,35.66,35.78
2026-05-18T01:27:07+00:00,1779067627.672,99.84,115.245,125.789,91.62,148.512,155.643,95.42,35.16,35.60,35.76
2026-05-18T01:27:12+00:00,1779067632.673,99.81,115.252,125.789,91.62,148.523,155.643,95.43,35.31,35.62,35.77
2026-05-18T01:27:17+00:00,1779067637.674,99.84,115.252,125.789,91.62,148.532,155.643,95.43,35.04,35.56,35.75
2026-05-18T01:27:22+00:00,1779067642.676,99.82,115.256,125.789,91.63,148.540,155.643,95.44,34.80,35.50,35.73
2026-05-18T01:27:27+00:00,1779067647.677,99.83,115.265,125.789,91.63,148.547,155.643,95.44,34.98,35.52,35.73
2026-05-18T01:27:32+00:00,1779067652.678,99.82,115.274,125.789,91.64,148.554,155.643,95.45,34.82,35.48,35.72
2026-05-18T01:27:37+00:00,1779067657.680,99.84,115.277,125.789,91.64,148.561,155.643,95.45,34.75,35.46,35.71
2026-05-18T01:27:42+00:00,1779067662.681,99.84,115.283,125.789,91.65,148.570,155.643,95.46,35.41,35.58,35.75
2026-05-18T01:27:47+00:00,1779067667.682,99.84,115.292,125.789,91.66,148.578,155.643,95.46,35.30,35.56,35.74
2026-05-18T01:27:52+00:00,1779067672.684,99.85,115.297,125.789,91.66,148.586,155.643,95.47,35.44,35.58,35.75
2026-05-18T01:27:57+00:00,1779067677.685,99.84,115.302,125.789,91.66,148.592,155.643,95.47,35.24,35.54,35.73
2026-05-18T01:28:02+00:00,1779067682.686,99.85,115.317,125.789,91.68,148.598,155.643,95.47,35.38,35.56,35.74
2026-05-18T01:28:07+00:00,1779067687.688,99.84,115.328,125.789,91.68,148.606,155.643,95.48,35.43,35.57,35.74
2026-05-18T01:28:12+00:00,1779067692.689,99.82,115.353,125.789,91.70,148.614,155.643,95.48,36.04,35.69,35.78
2026-05-18T01:28:17+00:00,1779067697.690,99.84,115.392,125.789,91.73,148.629,155.643,95.49,35.79,35.65,35.76
2026-05-18T01:28:22+00:00,1779067702.692,99.84,115.418,125.789,91.76,148.651,155.643,95.51,36.69,35.84,35.82
2026-05-18T01:28:27+00:00,1779067707.693,99.85,115.385,125.789,91.73,148.670,155.643,95.52,36.40,35.79,35.81
2026-05-18T01:28:32+00:00,1779067712.694,99.85,115.375,125.789,91.72,148.680,155.643,95.53,36.52,35.83,35.82
2026-05-18T01:28:37+00:00,1779067717.696,99.84,115.386,125.789,91.73,148.690,155.643,95.53,36.24,35.78,35.80
2026-05-18T01:28:42+00:00,1779067722.697,99.86,115.392,125.789,91.73,148.700,155.643,95.54,35.90,35.72,35.78
2026-05-18T01:28:47+00:00,1779067727.698,99.84,115.395,125.789,91.74,148.709,155.643,95.55,35.59,35.65,35.76
2026-05-18T01:28:52+00:00,1779067732.700,99.84,115.398,125.789,91.74,148.717,155.643,95.55,35.46,35.63,35.75
2026-05-18T01:28:57+00:00,1779067737.701,99.84,115.413,125.789,91.75,148.722,155.643,95.55,35.18,35.57,35.73
2026-05-18T01:29:02+00:00,1779067742.702,99.80,115.424,125.789,91.76,148.729,155.643,95.56,34.93,35.51,35.71
2026-05-18T01:29:07+00:00,1779067747.704,99.84,115.434,125.789,91.77,148.737,155.643,95.56,35.34,35.58,35.74
2026-05-18T01:29:12+00:00,1779067752.705,99.84,115.443,125.789,91.78,148.746,155.643,95.57,35.07,35.52,35.71
2026-05-18T01:29:17+00:00,1779067757.707,99.84,115.452,125.789,91.78,148.753,155.643,95.57,35.14,35.53,35.72
2026-05-18T01:29:22+00:00,1779067762.708,99.82,115.468,125.789,91.80,148.760,155.643,95.58,35.45,35.59,35.73
2026-05-18T01:29:27+00:00,1779067767.709,99.83,115.479,125.789,91.80,148.766,155.643,95.58,35.17,35.53,35.71
2026-05-18T01:29:32+00:00,1779067772.711,99.83,115.488,125.789,91.81,148.773,155.643,95.59,34.92,35.47,35.69
2026-05-18T01:29:37+00:00,1779067777.712,99.85,115.489,125.789,91.81,148.782,155.643,95.59,34.77,35.43,35.68
2026-05-18T01:29:42+00:00,1779067782.713,99.83,115.569,125.789,91.88,148.791,155.643,95.60,34.54,35.37,35.66
2026-05-18T01:29:47+00:00,1779067787.715,99.84,115.564,125.789,91.87,148.804,155.643,95.61,34.34,35.32,35.64
2026-05-18T01:29:52+00:00,1779067792.716,99.85,115.573,125.789,91.88,148.826,155.643,95.62,34.15,35.26,35.62
2026-05-18T01:29:57+00:00,1779067797.718,99.84,115.555,125.789,91.86,148.845,155.643,95.63,34.22,35.26,35.62
2026-05-18T01:30:02+00:00,1779067802.719,99.86,115.532,125.789,91.85,148.857,155.643,95.64,35.16,35.43,35.67
2026-05-18T01:30:07+00:00,1779067807.720,99.86,115.539,125.789,91.85,148.867,155.643,95.65,35.39,35.48,35.68
2026-05-18T01:30:12+00:00,1779067812.722,99.84,115.550,125.789,91.86,148.877,155.643,95.65,36.32,35.67,35.75
2026-05-18T01:30:17+00:00,1779067817.723,99.84,115.553,125.789,91.86,148.886,155.643,95.66,36.06,35.62,35.73
2026-05-18T01:30:22+00:00,1779067822.725,99.84,115.559,125.789,91.87,148.894,155.643,95.66,35.73,35.56,35.71
2026-05-18T01:30:27+00:00,1779067827.726,99.86,115.574,125.789,91.88,148.901,155.643,95.67,35.75,35.57,35.71
2026-05-18T01:30:32+00:00,1779067832.727,99.82,115.578,125.789,91.88,148.907,155.643,95.67,35.45,35.51,35.69
2026-05-18T01:30:37+00:00,1779067837.729,99.82,115.583,125.789,91.89,148.915,155.643,95.68,35.66,35.55,35.70
2026-05-18T01:30:42+00:00,1779067842.730,99.80,115.589,125.789,91.89,148.924,155.643,95.68,36.32,35.69,35.75
2026-05-18T01:30:47+00:00,1779067847.731,99.84,115.592,125.789,91.89,148.932,155.643,95.69,36.14,35.67,35.74
2026-05-18T01:30:52+00:00,1779067852.733,99.82,115.602,125.789,91.90,148.940,155.643,95.69,35.81,35.60,35.72
2026-05-18T01:30:57+00:00,1779067857.734,99.83,115.614,125.789,91.91,148.946,155.643,95.70,36.30,35.71,35.75
2026-05-18T01:31:02+00:00,1779067862.736,99.83,115.619,125.789,91.92,148.952,155.643,95.70,35.96,35.65,35.73
2026-05-18T01:31:07+00:00,1779067867.737,99.84,115.628,125.789,91.92,148.959,155.643,95.71,35.96,35.65,35.73
2026-05-18T01:31:12+00:00,1779067872.738,99.85,115.642,125.789,91.93,148.967,155.643,95.71,35.64,35.59,35.71
2026-05-18T01:31:17+00:00,1779067877.740,99.81,115.669,125.789,91.96,148.979,155.643,95.72,35.27,35.52,35.69
2026-05-18T01:31:22+00:00,1779067882.741,99.81,115.699,125.789,91.98,148.997,155.643,95.73,35.09,35.47,35.67
2026-05-18T01:31:27+00:00,1779067887.742,99.81,115.692,125.789,91.97,149.015,155.643,95.74,34.92,35.43,35.66
2026-05-18T01:31:32+00:00,1779067892.744,99.84,115.680,125.789,91.96,149.028,155.643,95.75,34.69,35.38,35.64
2026-05-18T01:31:37+00:00,1779067897.745,99.84,115.683,125.789,91.97,149.038,155.643,95.76,34.71,35.37,35.64
2026-05-18T01:31:42+00:00,1779067902.746,99.84,115.693,125.789,91.97,149.048,155.643,95.76,35.54,35.53,35.69
2026-05-18T01:31:47+00:00,1779067907.748,99.84,115.702,125.789,91.98,149.058,155.643,95.77,35.33,35.49,35.67
2026-05-18T01:31:52+00:00,1779067912.749,99.86,115.710,125.789,91.99,149.066,155.643,95.77,35.23,35.46,35.66
2026-05-18T01:31:57+00:00,1779067917.750,99.84,115.718,125.789,91.99,149.072,155.643,95.78,35.85,35.59,35.70
2026-05-18T01:32:02+00:00,1779067922.752,99.84,115.732,125.789,92.01,149.079,155.643,95.78,36.26,35.68,35.73
2026-05-18T01:32:07+00:00,1779067927.753,99.83,115.738,125.789,92.01,149.086,155.643,95.79,36.00,35.63,35.72
2026-05-18T01:32:12+00:00,1779067932.755,99.83,115.747,125.789,92.02,149.094,155.643,95.79,35.76,35.59,35.70
2026-05-18T01:32:17+00:00,1779067937.756,99.83,115.755,125.789,92.02,149.103,155.643,95.80,35.62,35.56,35.69
2026-05-18T01:32:22+00:00,1779067942.757,99.83,115.759,125.789,92.03,149.111,155.643,95.80,35.41,35.52,35.68
2026-05-18T01:32:27+00:00,1779067947.759,99.84,115.777,125.789,92.04,149.117,155.643,95.81,36.18,35.68,35.73
2026-05-18T01:32:32+00:00,1779067952.760,99.82,115.788,125.789,92.05,149.124,155.643,95.81,35.84,35.62,35.71
2026-05-18T01:32:37+00:00,1779067957.761,99.81,115.800,125.789,92.06,149.132,155.643,95.82,36.42,35.74,35.75
2026-05-18T01:32:42+00:00,1779067962.763,99.81,115.869,125.789,92.11,149.141,155.643,95.82,36.30,35.73,35.74
2026-05-18T01:32:47+00:00,1779067967.764,99.84,115.883,125.789,92.12,149.156,155.643,95.83,36.12,35.70,35.73
2026-05-18T01:32:52+00:00,1779067972.766,99.81,115.857,125.789,92.10,149.174,155.643,95.84,35.87,35.65,35.72
2026-05-18T01:32:57+00:00,1779067977.767,99.84,115.838,125.789,92.09,149.193,155.643,95.86,36.36,35.76,35.75
2026-05-18T01:33:02+00:00,1779067982.768,99.85,115.824,125.789,92.08,149.206,155.643,95.86,36.09,35.71,35.74
2026-05-18T01:33:07+00:00,1779067987.770,99.86,115.822,125.789,92.08,149.217,155.643,95.87,35.84,35.67,35.72
2026-05-18T01:33:12+00:00,1779067992.771,99.83,115.831,125.789,92.08,149.228,155.643,95.88,36.01,35.71,35.73
2026-05-18T01:33:17+00:00,1779067997.772,99.83,115.837,125.789,92.09,149.238,155.643,95.88,35.85,35.68,35.72
2026-05-18T01:33:22+00:00,1779068002.774,99.83,115.845,125.789,92.09,149.246,155.643,95.89,35.62,35.63,35.71
2026-05-18T01:33:27+00:00,1779068007.775,99.83,115.852,125.789,92.10,149.253,155.643,95.89,35.49,35.60,35.70
2026-05-18T01:33:32+00:00,1779068012.776,99.83,115.857,125.789,92.10,149.260,155.643,95.90,35.21,35.54,35.68
2026-05-18T01:33:37+00:00,1779068017.778,99.81,115.865,125.789,92.11,149.269,155.643,95.91,35.84,35.67,35.72
2026-05-18T01:33:42+00:00,1779068022.779,99.80,115.875,125.789,92.12,149.278,155.643,95.91,35.77,35.66,35.72
2026-05-18T01:33:47+00:00,1779068027.781,99.82,115.877,125.789,92.12,149.287,155.643,95.92,36.35,35.78,35.76
2026-05-18T01:33:52+00:00,1779068032.782,99.83,115.878,125.789,92.12,149.294,155.643,95.92,36.80,35.88,35.79
2026-05-18T01:33:57+00:00,1779068037.784,99.84,115.888,125.789,92.13,149.300,155.643,95.92,37.70,36.08,35.85
2026-05-18T01:34:02+00:00,1779068042.785,99.82,115.898,125.789,92.14,149.307,155.643,95.93,37.56,36.08,35.86
2026-05-18T01:34:07+00:00,1779068047.787,99.84,115.901,125.789,92.14,149.317,155.643,95.94,37.12,36.02,35.83
2026-05-18T01:34:12+00:00,1779068052.788,99.82,115.980,125.789,92.20,149.326,155.643,95.94,37.59,36.13,35.87
2026-05-18T01:34:17+00:00,1779068057.789,99.86,115.987,125.789,92.21,149.342,155.643,95.95,37.30,36.10,35.86
2026-05-18T01:34:22+00:00,1779068062.790,99.83,115.987,125.789,92.21,149.366,155.643,95.97,36.88,36.03,35.84
2026-05-18T01:34:27+00:00,1779068067.792,99.85,115.948,125.789,92.18,149.382,155.643,95.98,37.29,36.13,35.88
2026-05-18T01:34:32+00:00,1779068072.793,99.87,115.943,125.789,92.17,149.392,155.643,95.98,36.86,36.06,35.85
2026-05-18T01:34:37+00:00,1779068077.794,99.84,115.953,125.789,92.18,149.402,155.643,95.99,36.63,36.02,35.84
2026-05-18T01:34:42+00:00,1779068082.796,99.84,115.962,125.789,92.19,149.412,155.643,96.00,36.26,35.96,35.82
2026-05-18T01:34:47+00:00,1779068087.797,99.81,115.976,125.789,92.20,149.422,155.643,96.00,36.32,35.97,35.83
2026-05-18T01:34:52+00:00,1779068092.798,99.82,115.981,125.789,92.20,149.428,155.643,96.01,35.97,35.91,35.81
2026-05-18T01:34:57+00:00,1779068097.800,99.85,115.986,125.789,92.21,149.433,155.643,96.01,36.94,36.11,35.87
2026-05-18T01:35:02+00:00,1779068102.801,99.84,115.998,125.789,92.22,149.441,155.643,96.02,36.54,36.04,35.85
2026-05-18T01:35:07+00:00,1779068107.802,99.84,116.014,125.789,92.23,149.450,155.643,96.02,36.18,35.97,35.83
2026-05-18T01:35:12+00:00,1779068112.804,99.84,116.028,125.789,92.24,149.459,155.643,96.03,35.84,35.91,35.81
2026-05-18T01:35:17+00:00,1779068117.805,99.85,116.034,125.789,92.25,149.466,155.643,96.03,35.70,35.88,35.80
2026-05-18T01:35:22+00:00,1779068122.807,99.82,116.041,125.789,92.25,149.473,155.643,96.04,35.40,35.81,35.78
2026-05-18T01:35:27+00:00,1779068127.808,99.82,116.052,125.789,92.26,149.480,155.643,96.04,35.21,35.76,35.77
2026-05-18T01:35:32+00:00,1779068132.809,99.83,116.059,125.789,92.27,149.488,155.643,96.05,35.03,35.72,35.75
2026-05-18T01:35:37+00:00,1779068137.811,99.81,116.131,125.789,92.32,149.497,155.643,96.05,34.79,35.66,35.73
2026-05-18T01:35:42+00:00,1779068142.812,99.83,116.148,125.789,92.34,149.511,155.643,96.06,34.64,35.61,35.72
2026-05-18T01:35:47+00:00,1779068147.813,99.82,116.167,125.789,92.35,149.529,155.643,96.07,34.59,35.58,35.71
2026-05-18T01:35:52+00:00,1779068152.815,99.81,116.164,125.789,92.35,149.550,155.643,96.09,34.46,35.54,35.69
2026-05-18T01:35:57+00:00,1779068157.816,99.81,116.139,125.789,92.33,149.564,155.643,96.09,35.07,35.65,35.73
2026-05-18T01:36:02+00:00,1779068162.817,99.84,116.133,125.789,92.32,149.575,155.643,96.10,35.78,35.79,35.77
2026-05-18T01:36:07+00:00,1779068167.819,99.84,116.135,125.789,92.33,149.586,155.643,96.11,35.56,35.74,35.76
2026-05-18T01:36:12+00:00,1779068172.820,99.83,116.140,125.789,92.33,149.596,155.643,96.12,35.35,35.70,35.74
2026-05-18T01:36:17+00:00,1779068177.821,99.82,116.148,125.789,92.34,149.604,155.643,96.12,35.09,35.63,35.72
2026-05-18T01:36:22+00:00,1779068182.823,99.83,116.163,125.789,92.35,149.612,155.643,96.13,35.32,35.67,35.73
2026-05-18T01:36:27+00:00,1779068187.824,99.82,116.163,125.789,92.35,149.619,155.643,96.13,35.05,35.61,35.71
2026-05-18T01:36:32+00:00,1779068192.825,99.83,116.173,125.789,92.36,149.628,155.643,96.14,34.81,35.55,35.69
2026-05-18T01:36:37+00:00,1779068197.827,99.83,116.183,125.789,92.36,149.638,155.643,96.14,35.46,35.68,35.73
2026-05-18T01:36:42+00:00,1779068202.828,99.84,116.194,125.789,92.37,149.648,155.643,96.15,35.43,35.66,35.73
2026-05-18T01:36:47+00:00,1779068207.829,99.82,116.201,125.789,92.38,149.657,155.643,96.15,35.55,35.69,35.73
2026-05-18T01:36:52+00:00,1779068212.831,99.83,116.208,125.789,92.38,149.663,155.643,96.16,35.03,35.58,35.70
2026-05-18T01:36:57+00:00,1779068217.832,99.82,116.227,125.789,92.40,149.672,155.643,96.16,35.19,35.60,35.70
2026-05-18T01:37:02+00:00,1779068222.834,99.85,116.237,125.789,92.41,149.679,155.643,96.17,35.01,35.56,35.69
2026-05-18T01:37:07+00:00,1779068227.835,99.79,116.261,125.789,92.43,149.690,155.643,96.18,35.89,35.73,35.75
2026-05-18T01:37:12+00:00,1779068232.836,99.85,116.282,125.789,92.44,149.707,155.643,96.19,35.66,35.68,35.73
2026-05-18T01:37:17+00:00,1779068237.838,99.84,116.294,125.789,92.45,149.728,155.643,96.20,35.77,35.71,35.74
2026-05-18T01:37:22+00:00,1779068242.839,99.84,116.270,125.789,92.43,149.742,155.643,96.21,36.11,35.78,35.76
2026-05-18T01:37:27+00:00,1779068247.840,99.83,116.277,125.789,92.44,149.753,155.643,96.22,35.78,35.72,35.74
2026-05-18T01:37:32+00:00,1779068252.842,99.83,116.290,125.789,92.45,149.764,155.643,96.22,35.47,35.65,35.72
2026-05-18T01:37:37+00:00,1779068257.843,99.84,116.293,125.789,92.45,149.775,155.643,96.23,35.28,35.61,35.70
2026-05-18T01:37:42+00:00,1779068262.844,99.83,116.304,125.789,92.46,149.782,155.643,96.23,35.09,35.57,35.69
2026-05-18T01:37:47+00:00,1779068267.846,99.82,116.313,125.789,92.47,149.788,155.643,96.24,34.93,35.52,35.68
2026-05-18T01:37:52+00:00,1779068272.847,99.81,116.317,125.789,92.47,149.796,155.643,96.24,35.25,35.58,35.69
2026-05-18T01:37:57+00:00,1779068277.848,99.85,116.327,125.789,92.48,149.804,155.643,96.25,35.07,35.54,35.68
2026-05-18T01:38:02+00:00,1779068282.850,99.84,116.331,125.789,92.48,149.813,155.643,96.25,34.83,35.48,35.66
2026-05-18T01:38:07+00:00,1779068287.851,99.84,116.342,125.789,92.49,149.821,155.643,96.26,34.76,35.45,35.65
2026-05-18T01:38:12+00:00,1779068292.852,99.85,116.351,125.789,92.50,149.829,155.643,96.26,34.78,35.45,35.65
2026-05-18T01:38:17+00:00,1779068297.854,99.83,116.359,125.789,92.50,149.837,155.643,96.27,34.56,35.39,35.63
2026-05-18T01:38:22+00:00,1779068302.855,99.83,116.363,125.789,92.51,149.845,155.643,96.28,35.23,35.51,35.67
2026-05-18T01:38:27+00:00,1779068307.856,99.82,116.443,125.789,92.57,149.855,155.643,96.28,34.97,35.46,35.65
2026-05-18T01:38:32+00:00,1779068312.857,99.81,116.456,125.789,92.58,149.867,155.643,96.29,34.73,35.40,35.63
2026-05-18T01:38:37+00:00,1779068317.859,99.84,116.468,125.789,92.59,149.886,155.643,96.30,34.84,35.41,35.63
2026-05-18T01:38:42+00:00,1779068322.860,99.85,116.457,125.789,92.58,149.909,155.643,96.32,34.69,35.37,35.61
2026-05-18T01:38:47+00:00,1779068327.861,99.84,116.434,125.789,92.56,149.923,155.643,96.32,34.55,35.33,35.60
2026-05-18T01:38:52+00:00,1779068332.863,99.84,116.431,125.789,92.56,149.934,155.643,96.33,35.15,35.44,35.63
2026-05-18T01:38:57+00:00,1779068337.864,99.82,116.433,125.789,92.56,149.945,155.643,96.34,34.90,35.38,35.62
2026-05-18T01:39:02+00:00,1779068342.865,99.84,116.442,125.789,92.57,149.954,155.643,96.35,35.87,35.58,35.68
2026-05-18T01:39:07+00:00,1779068347.867,99.84,116.446,125.789,92.57,149.963,155.643,96.35,35.64,35.53,35.66
2026-05-18T01:39:12+00:00,1779068352.868,99.84,116.462,125.789,92.59,149.971,155.643,96.36,36.15,35.64,35.70
2026-05-18T01:39:17+00:00,1779068357.869,99.82,116.465,125.789,92.59,149.978,155.643,96.36,35.81,35.58,35.68
2026-05-18T01:39:22+00:00,1779068362.871,99.82,116.485,125.789,92.60,149.986,155.643,96.37,35.83,35.59,35.68
2026-05-18T01:39:27+00:00,1779068367.872,99.84,116.490,125.789,92.61,149.996,155.643,96.37,35.68,35.56,35.67
2026-05-18T01:39:32+00:00,1779068372.873,99.82,116.495,125.789,92.61,150.005,155.643,96.38,35.71,35.57,35.67
2026-05-18T01:39:37+00:00,1779068377.875,99.83,116.497,125.789,92.61,150.012,155.643,96.38,36.05,35.64,35.69
2026-05-18T01:39:42+00:00,1779068382.876,99.84,116.506,125.789,92.62,150.019,155.643,96.39,35.97,35.63,35.69
2026-05-18T01:39:47+00:00,1779068387.877,99.84,116.519,125.789,92.63,150.027,155.643,96.39,35.73,35.59,35.68
2026-05-18T01:39:52+00:00,1779068392.878,99.85,116.523,125.789,92.63,150.036,155.643,96.40,36.39,35.73,35.72
2026-05-18T01:39:57+00:00,1779068397.880,99.81,116.553,125.789,92.66,150.046,155.643,96.40,36.12,35.68,35.71
2026-05-18T01:40:02+00:00,1779068402.881,99.84,116.596,125.789,92.69,150.064,155.643,96.42,36.51,35.77,35.73
2026-05-18T01:40:07+00:00,1779068407.882,99.84,116.587,125.789,92.68,150.089,155.643,96.43,36.15,35.71,35.71
2026-05-18T01:40:12+00:00,1779068412.884,99.85,116.566,125.789,92.67,150.102,155.643,96.44,36.06,35.69,35.71
2026-05-18T01:40:17+00:00,1779068417.885,99.80,116.581,125.789,92.68,150.112,155.643,96.45,35.73,35.63,35.69
2026-05-18T01:40:22+00:00,1779068422.886,99.83,116.585,125.789,92.68,150.123,155.643,96.45,36.23,35.74,35.72
2026-05-18T01:40:27+00:00,1779068427.888,99.84,116.597,125.789,92.69,150.132,155.643,96.46,35.98,35.69,35.71
2026-05-18T01:40:32+00:00,1779068432.889,99.84,116.605,125.789,92.70,150.141,155.643,96.47,36.46,35.80,35.74
2026-05-18T01:40:37+00:00,1779068437.891,99.83,116.615,125.789,92.71,150.148,155.643,96.47,36.18,35.75,35.73
2026-05-18T01:40:42+00:00,1779068442.892,99.84,116.628,125.789,92.72,150.154,155.643,96.47,35.85,35.69,35.71
2026-05-18T01:40:47+00:00,1779068447.893,99.83,116.638,125.789,92.73,150.163,155.643,96.48,35.62,35.64,35.69
2026-05-18T01:40:52+00:00,1779068452.895,99.84,116.645,125.789,92.73,150.173,155.643,96.49,36.13,35.75,35.73
2026-05-18T01:40:57+00:00,1779068457.896,99.82,116.666,125.789,92.75,150.181,155.643,96.49,35.80,35.69,35.71
2026-05-18T01:41:02+00:00,1779068462.897,99.83,116.669,125.789,92.75,150.188,155.643,96.50,36.14,35.76,35.73
2026-05-18T01:41:07+00:00,1779068467.898,99.84,116.679,125.789,92.76,150.194,155.643,96.50,36.28,35.80,35.74
2026-05-18T01:41:12+00:00,1779068472.900,99.84,116.688,125.789,92.76,150.200,155.643,96.50,36.26,35.80,35.74
2026-05-18T01:41:17+00:00,1779068477.901,99.82,116.700,125.789,92.77,150.207,155.643,96.51,36.72,35.90,35.78
2026-05-18T01:41:22+00:00,1779068482.903,99.82,116.718,125.789,92.79,150.216,155.643,96.51,36.42,35.85,35.76
2026-05-18T01:41:27+00:00,1779068487.904,99.84,116.768,125.789,92.83,150.229,155.643,96.52,36.55,35.89,35.78
2026-05-18T01:41:32+00:00,1779068492.905,99.83,116.788,125.789,92.84,150.248,155.643,96.53,36.27,35.84,35.76
2026-05-18T01:41:37+00:00,1779068497.907,99.82,116.784,125.789,92.84,150.269,155.643,96.55,36.80,35.96,35.80
2026-05-18T01:41:42+00:00,1779068502.908,99.83,116.760,125.789,92.82,150.282,155.643,96.56,36.66,35.95,35.79
2026-05-18T01:41:47+00:00,1779068507.909,99.81,116.762,125.789,92.82,150.293,155.643,96.56,37.73,36.18,35.87
2026-05-18T01:41:52+00:00,1779068512.911,99.83,116.766,125.789,92.83,150.303,155.643,96.57,37.83,36.23,35.89
2026-05-18T01:41:57+00:00,1779068517.912,99.84,116.769,125.789,92.83,150.312,155.643,96.58,37.36,36.16,35.87
2026-05-18T01:42:02+00:00,1779068522.913,99.85,116.776,125.789,92.84,150.320,155.643,96.58,37.09,36.12,35.86
2026-05-18T01:42:07+00:00,1779068527.915,99.84,116.790,125.789,92.85,150.328,155.643,96.59,36.77,36.07,35.84
2026-05-18T01:42:12+00:00,1779068532.916,99.84,116.800,125.789,92.85,150.334,155.643,96.59,36.62,36.05,35.84
2026-05-18T01:42:17+00:00,1779068537.917,99.83,116.805,125.789,92.86,150.341,155.643,96.59,36.57,36.05,35.84
2026-05-18T01:42:22+00:00,1779068542.919,99.83,116.822,125.789,92.87,150.348,155.643,96.60,36.29,36.00,35.82
2026-05-18T01:42:27+00:00,1779068547.920,99.84,116.837,125.789,92.88,150.357,155.643,96.60,36.02,35.95,35.81
2026-05-18T01:42:32+00:00,1779068552.921,99.84,116.845,125.789,92.89,150.365,155.643,96.61,35.70,35.88,35.79
2026-05-18T01:42:37+00:00,1779068557.923,99.84,116.854,125.789,92.90,150.371,155.643,96.61,35.64,35.87,35.78
2026-05-18T01:42:42+00:00,1779068562.924,99.83,116.855,125.789,92.90,150.378,155.643,96.62,35.75,35.89,35.79
2026-05-18T01:42:47+00:00,1779068567.925,99.86,116.863,125.789,92.90,150.386,155.643,96.62,35.69,35.87,35.78
2026-05-18T01:42:52+00:00,1779068572.927,99.85,116.860,125.789,92.90,150.393,155.643,96.63,35.40,35.81,35.76
2026-05-18T01:42:57+00:00,1779068577.928,99.79,116.892,125.789,92.93,150.403,155.643,96.63,35.29,35.78,35.75
2026-05-18T01:43:02+00:00,1779068582.929,99.85,116.917,125.789,92.95,150.417,155.643,96.64,34.94,35.70,35.73
2026-05-18T01:43:07+00:00,1779068587.931,99.84,116.923,125.789,92.95,150.438,155.643,96.66,34.95,35.68,35.72
2026-05-18T01:43:12+00:00,1779068592.932,99.82,116.905,125.789,92.94,150.452,155.643,96.67,34.87,35.66,35.71
2026-05-18T01:43:17+00:00,1779068597.933,99.84,116.901,125.789,92.93,150.463,155.643,96.67,35.52,35.78,35.75
2026-05-18T01:43:22+00:00,1779068602.935,99.82,116.910,125.789,92.94,150.472,155.643,96.68,35.24,35.72,35.73
2026-05-18T01:43:27+00:00,1779068607.936,99.84,116.930,125.789,92.96,150.481,155.643,96.68,35.38,35.74,35.74
2026-05-18T01:43:32+00:00,1779068612.937,99.82,116.943,125.789,92.97,150.491,155.643,96.69,35.19,35.69,35.72
2026-05-18T01:43:37+00:00,1779068617.939,99.84,116.946,125.789,92.97,150.497,155.643,96.69,35.98,35.85,35.78
2026-05-18T01:43:42+00:00,1779068622.940,99.83,116.958,125.789,92.98,150.503,155.643,96.70,35.74,35.80,35.76
2026-05-18T01:43:47+00:00,1779068627.941,99.85,116.965,125.789,92.99,150.510,155.643,96.70,35.44,35.73,35.74
2026-05-18T01:43:52+00:00,1779068632.943,99.83,116.980,125.789,93.00,150.518,155.643,96.71,35.16,35.67,35.72
2026-05-18T01:43:57+00:00,1779068637.944,99.82,116.989,125.789,93.00,150.527,155.643,96.71,34.91,35.61,35.70
2026-05-18T01:44:02+00:00,1779068642.946,99.86,116.994,125.789,93.01,150.534,155.643,96.72,34.84,35.58,35.69
2026-05-18T01:44:07+00:00,1779068647.947,99.83,117.005,125.789,93.02,150.542,155.643,96.72,34.69,35.54,35.68
2026-05-18T01:44:12+00:00,1779068652.948,99.82,117.019,125.789,93.03,150.550,155.643,96.73,35.11,35.62,35.70
2026-05-18T01:44:17+00:00,1779068657.950,99.81,117.031,125.789,93.04,150.556,155.643,96.73,34.94,35.57,35.68
2026-05-18T01:44:22+00:00,1779068662.951,99.82,117.038,125.789,93.04,150.565,155.643,96.74,34.87,35.55,35.67
2026-05-18T01:44:27+00:00,1779068667.952,99.73,117.087,125.789,93.08,150.574,155.643,96.74,35.68,35.70,35.72
2026-05-18T01:44:32+00:00,1779068672.954,99.85,117.125,125.789,93.11,150.586,155.643,96.75,35.31,35.63,35.70
2026-05-18T01:44:37+00:00,1779068677.955,99.80,117.152,125.789,93.13,150.606,155.643,96.76,35.04,35.56,35.68
2026-05-18T01:44:42+00:00,1779068682.956,99.85,117.159,125.789,93.14,150.623,155.643,96.78,34.80,35.51,35.66
2026-05-18T01:44:47+00:00,1779068687.958,99.84,117.130,125.789,93.12,150.635,155.643,96.78,35.77,35.70,35.72
2026-05-18T01:44:52+00:00,1779068692.959,99.82,117.133,125.789,93.12,150.646,155.643,96.79,35.47,35.63,35.70
2026-05-18T01:44:57+00:00,1779068697.960,99.83,117.151,125.789,93.13,150.656,155.643,96.80,35.27,35.59,35.69
2026-05-18T01:45:02+00:00,1779068702.962,99.86,117.151,125.789,93.13,150.666,155.643,96.80,35.49,35.63,35.70
2026-05-18T01:45:07+00:00,1779068707.963,99.84,117.145,125.789,93.13,150.676,155.643,96.81,35.21,35.57,35.68
2026-05-18T01:45:12+00:00,1779068712.964,99.83,117.150,125.789,93.13,150.683,155.643,96.81,34.95,35.51,35.66
2026-05-18T01:45:17+00:00,1779068717.966,99.83,117.155,125.789,93.14,150.691,155.643,96.82,34.88,35.49,35.65
2026-05-18T01:45:22+00:00,1779068722.967,99.84,117.161,125.789,93.14,150.697,155.643,96.82,34.65,35.43,35.63
2026-05-18T01:45:27+00:00,1779068727.968,99.82,117.166,125.789,93.15,150.704,155.643,96.83,35.56,35.60,35.69
2026-05-18T01:45:32+00:00,1779068732.970,99.82,117.176,125.789,93.15,150.713,155.643,96.83,35.35,35.56,35.67
2026-05-18T01:45:37+00:00,1779068737.971,99.83,117.184,125.789,93.16,150.721,155.643,96.84,35.96,35.68,35.71
2026-05-18T01:45:42+00:00,1779068742.972,99.83,117.195,125.789,93.17,150.728,155.643,96.84,35.73,35.64,35.70
2026-05-18T01:45:47+00:00,1779068747.974,99.82,117.199,125.789,93.17,150.734,155.643,96.85,35.83,35.66,35.70
2026-05-18T01:45:52+00:00,1779068752.975,99.82,117.204,125.789,93.18,150.741,155.643,96.85,35.28,35.55,35.67
2026-05-18T01:45:57+00:00,1779068757.976,99.81,117.210,125.789,93.18,150.749,155.643,96.86,35.98,35.69,35.71
2026-05-18T01:46:02+00:00,1779068762.978,99.77,117.263,125.789,93.22,150.759,155.643,96.86,35.66,35.63,35.69
2026-05-18T01:46:07+00:00,1779068767.979,99.79,117.294,125.789,93.25,150.771,155.643,96.87,35.53,35.60,35.68
2026-05-18T01:46:12+00:00,1779068772.980,99.80,117.308,125.789,93.26,150.793,155.643,96.88,35.49,35.59,35.68
2026-05-18T01:46:17+00:00,1779068777.982,99.81,117.289,125.789,93.24,150.810,155.643,96.90,36.09,35.71,35.72
2026-05-18T01:46:22+00:00,1779068782.983,99.84,117.276,125.789,93.23,150.821,155.643,96.90,35.84,35.67,35.70
2026-05-18T01:46:27+00:00,1779068787.984,99.84,117.278,125.789,93.23,150.831,155.643,96.91,35.53,35.61,35.68
2026-05-18T01:46:32+00:00,1779068792.986,99.84,117.288,125.789,93.24,150.841,155.643,96.92,36.13,35.73,35.72
2026-05-18T01:46:37+00:00,1779068797.987,99.82,117.298,125.789,93.25,150.851,155.643,96.92,35.80,35.67,35.70
2026-05-18T01:46:42+00:00,1779068802.989,99.83,117.309,125.789,93.26,150.859,155.643,96.93,35.73,35.66,35.70
2026-05-18T01:46:47+00:00,1779068807.990,99.85,117.310,125.789,93.26,150.864,155.643,96.93,35.60,35.63,35.69
2026-05-18T01:46:52+00:00,1779068812.991,99.84,117.316,125.789,93.26,150.871,155.643,96.93,35.31,35.57,35.67
2026-05-18T01:46:57+00:00,1779068817.993,99.85,117.331,125.789,93.28,150.879,155.643,96.94,35.12,35.53,35.66
2026-05-18T01:47:02+00:00,1779068822.994,99.84,117.344,125.789,93.29,150.888,155.643,96.95,34.87,35.47,35.64
2026-05-18T01:47:07+00:00,1779068827.995,99.84,117.356,125.789,93.30,150.896,155.643,96.95,35.76,35.64,35.69
2026-05-18T01:47:12+00:00,1779068832.997,99.84,117.372,125.789,93.31,150.904,155.643,96.96,35.46,35.58,35.67
2026-05-18T01:47:17+00:00,1779068837.998,99.84,117.379,125.789,93.31,150.912,155.643,96.96,35.18,35.52,35.65
2026-05-18T01:47:22+00:00,1779068842.999,99.82,117.395,125.789,93.33,150.918,155.643,96.96,35.49,35.58,35.67
2026-05-18T01:47:28+00:00,1779068848.001,99.87,117.405,125.789,93.33,150.924,155.643,96.97,35.21,35.52,35.65
2026-05-18T01:47:33+00:00,1779068853.002,99.84,117.342,125.789,93.29,150.932,155.643,96.97,35.03,35.48,35.63
2026-05-18T01:47:38+00:00,1779068858.003,99.82,117.398,125.789,93.33,150.947,155.643,96.98,35.59,35.59,35.67
2026-05-18T01:47:43+00:00,1779068863.005,99.82,117.443,125.789,93.37,150.966,155.643,97.00,35.38,35.54,35.65
2026-05-18T01:47:48+00:00,1779068868.006,99.79,117.449,125.789,93.37,150.986,155.643,97.01,35.99,35.67,35.69
2026-05-18T01:47:53+00:00,1779068873.008,99.81,117.421,125.789,93.35,150.999,155.643,97.02,36.07,35.69,35.70
2026-05-18T01:47:58+00:00,1779068878.009,99.84,117.418,125.789,93.35,151.009,155.643,97.02,36.63,35.81,35.74
2026-05-18T01:48:03+00:00,1779068883.010,99.80,117.420,125.789,93.35,151.018,155.643,97.03,37.38,35.98,35.80
2026-05-18T01:48:08+00:00,1779068888.012,99.79,117.426,125.789,93.35,151.027,155.643,97.03,37.03,35.93,35.78
2026-05-18T01:48:13+00:00,1779068893.013,99.83,117.431,125.789,93.36,151.036,155.643,97.04,37.51,36.05,35.82
2026-05-18T01:48:18+00:00,1779068898.015,99.81,117.436,125.789,93.36,151.044,155.643,97.05,38.03,36.18,35.86
2026-05-18T01:48:23+00:00,1779068903.016,99.81,117.448,125.789,93.37,151.051,155.643,97.05,37.86,36.18,35.87
2026-05-18T01:48:28+00:00,1779068908.018,99.84,117.453,125.789,93.37,151.058,155.643,97.05,37.39,36.11,35.84
2026-05-18T01:48:33+00:00,1779068913.019,99.82,117.469,125.789,93.39,151.066,155.643,97.06,36.96,36.04,35.82
2026-05-18T01:48:38+00:00,1779068918.021,99.82,117.477,125.789,93.39,151.075,155.643,97.07,37.21,36.11,35.85
2026-05-18T01:48:43+00:00,1779068923.022,99.82,117.487,125.789,93.40,151.084,155.643,97.07,37.03,36.09,35.84
2026-05-18T01:48:48+00:00,1779068928.023,99.81,117.495,125.789,93.41,151.091,155.643,97.08,36.71,36.04,35.83
2026-05-18T01:48:53+00:00,1779068933.025,99.81,117.509,125.789,93.42,151.098,155.643,97.08,36.49,36.00,35.81
2026-05-18T01:48:58+00:00,1779068938.026,99.82,117.514,125.789,93.42,151.107,155.643,97.09,36.13,35.94,35.79
2026-05-18T01:49:03+00:00,1779068943.028,99.86,117.592,125.789,93.48,151.114,155.643,97.09,35.80,35.87,35.77
2026-05-18T01:49:08+00:00,1779068948.029,99.81,117.628,125.789,93.51,151.122,155.643,97.10,36.06,35.92,35.79
2026-05-18T01:49:13+00:00,1779068953.030,99.85,117.647,125.789,93.53,151.136,155.643,97.10,35.81,35.87,35.78
2026-05-18T01:49:18+00:00,1779068958.032,99.84,117.663,125.789,93.54,151.154,155.643,97.12,35.59,35.83,35.76
2026-05-18T01:49:23+00:00,1779068963.033,99.82,117.651,125.789,93.53,151.169,155.643,97.13,35.38,35.78,35.75
2026-05-18T01:49:28+00:00,1779068968.034,99.82,117.650,125.789,93.53,151.180,155.643,97.13,35.91,35.88,35.78
2026-05-18T01:49:33+00:00,1779068973.036,99.79,117.646,125.789,93.53,151.190,155.643,97.14,36.16,35.93,35.80
2026-05-18T01:49:38+00:00,1779068978.037,99.85,117.648,125.789,93.53,151.199,155.643,97.15,35.90,35.89,35.78
2026-05-18T01:49:43+00:00,1779068983.039,99.82,117.658,125.789,93.54,151.210,155.643,97.15,36.79,36.07,35.84
2026-05-18T01:49:48+00:00,1779068988.040,99.82,117.664,125.789,93.54,151.218,155.643,97.16,36.73,36.07,35.84
2026-05-18T01:49:53+00:00,1779068993.041,99.81,117.670,125.789,93.55,151.225,155.643,97.16,36.35,36.00,35.82
2026-05-18T01:49:58+00:00,1779068998.043,99.82,117.685,125.789,93.56,151.233,155.643,97.17,36.00,35.93,35.80
2026-05-18T01:50:03+00:00,1779069003.044,99.82,117.695,125.789,93.57,151.241,155.643,97.17,35.76,35.88,35.79
2026-05-18T01:50:08+00:00,1779069008.045,99.82,117.707,125.789,93.57,151.250,155.643,97.18,35.70,35.87,35.78
2026-05-18T01:50:13+00:00,1779069013.047,99.80,117.718,125.789,93.58,151.258,155.643,97.18,35.88,35.91,35.79
2026-05-18T01:50:18+00:00,1779069018.048,99.82,117.723,125.789,93.59,151.265,155.643,97.19,35.81,35.89,35.79
2026-05-18T01:50:23+00:00,1779069023.049,99.83,117.733,125.789,93.60,151.272,155.643,97.19,35.75,35.87,35.79
2026-05-18T01:50:28+00:00,1779069028.051,99.82,117.739,125.789,93.60,151.280,155.643,97.20,36.33,35.99,35.82
2026-05-18T01:50:33+00:00,1779069033.052,99.82,117.659,125.789,93.54,151.288,155.643,97.20,36.06,35.94,35.81
2026-05-18T01:50:38+00:00,1779069038.053,99.82,117.719,125.789,93.58,151.300,155.643,97.21,36.14,35.96,35.82
2026-05-18T01:50:43+00:00,1779069043.055,99.82,117.774,125.789,93.63,151.319,155.643,97.22,36.61,36.06,35.85
2026-05-18T01:50:48+00:00,1779069048.056,99.84,117.779,125.789,93.63,151.341,155.643,97.24,36.40,36.03,35.84
2026-05-18T01:50:53+00:00,1779069053.057,99.80,117.746,125.789,93.61,151.357,155.643,97.25,36.05,35.96,35.82
2026-05-18T01:50:58+00:00,1779069058.059,99.82,117.741,125.789,93.60,151.368,155.643,97.25,36.44,36.04,35.85
2026-05-18T01:51:03+00:00,1779069063.060,99.84,117.746,125.789,93.61,151.379,155.643,97.26,36.09,35.98,35.83
2026-05-18T01:51:08+00:00,1779069068.061,99.81,117.754,125.789,93.61,151.389,155.643,97.27,35.76,35.91,35.80
2026-05-18T01:51:13+00:00,1779069073.063,99.82,117.758,125.789,93.62,151.398,155.643,97.27,35.94,35.95,35.82
2026-05-18T01:51:18+00:00,1779069078.064,99.81,117.775,125.789,93.63,151.406,155.643,97.28,35.70,35.90,35.80
2026-05-18T01:51:23+00:00,1779069083.065,99.80,117.790,125.789,93.64,151.414,155.643,97.28,35.49,35.85,35.79
2026-05-18T01:51:28+00:00,1779069088.067,99.82,117.797,125.789,93.65,151.422,155.643,97.29,35.53,35.85,35.79
2026-05-18T01:51:33+00:00,1779069093.068,99.83,117.810,125.789,93.66,151.430,155.643,97.29,35.81,35.90,35.81
2026-05-18T01:51:38+00:00,1779069098.069,99.81,117.817,125.789,93.66,151.439,155.643,97.30,36.30,36.01,35.84
2026-05-18T01:51:43+00:00,1779069103.071,99.82,117.825,125.789,93.67,151.447,155.643,97.30,36.52,36.06,35.86
2026-05-18T01:51:48+00:00,1779069108.072,99.81,117.832,125.789,93.67,151.452,155.643,97.31,36.16,35.99,35.83
2026-05-18T01:51:53+00:00,1779069113.074,99.81,117.842,125.789,93.68,151.459,155.643,97.31,36.06,35.97,35.83
2026-05-18T01:51:58+00:00,1779069118.075,99.81,117.849,125.789,93.69,151.467,155.643,97.32,36.62,36.09,35.87
2026-05-18T01:52:03+00:00,1779069123.076,99.82,117.844,125.789,93.68,151.477,155.643,97.32,36.57,36.09,35.87
2026-05-18T01:52:08+00:00,1779069128.078,99.76,117.885,125.789,93.72,151.490,155.643,97.33,36.44,36.07,35.86
2026-05-18T01:52:13+00:00,1779069133.079,99.85,117.910,125.789,93.74,151.511,155.643,97.35,36.09,36.00,35.84
2026-05-18T01:52:18+00:00,1779069138.081,99.83,117.895,125.789,93.72,151.532,155.643,97.36,35.84,35.95,35.83
2026-05-18T01:52:23+00:00,1779069143.082,99.81,117.888,125.789,93.72,151.543,155.643,97.37,36.25,36.03,35.86
2026-05-18T01:52:28+00:00,1779069148.083,99.82,117.896,125.789,93.73,151.554,155.643,97.37,35.99,35.98,35.84
2026-05-18T01:52:33+00:00,1779069153.084,99.82,117.902,125.789,93.73,151.564,155.643,97.38,35.83,35.95,35.83
2026-05-18T01:52:38+00:00,1779069158.086,99.82,117.914,125.789,93.74,151.574,155.643,97.39,35.85,35.95,35.83
2026-05-18T01:52:43+00:00,1779069163.087,99.84,117.920,125.789,93.74,151.582,155.643,97.39,36.02,35.99,35.84
2026-05-18T01:52:48+00:00,1779069168.088,99.82,117.930,125.789,93.75,151.588,155.643,97.40,36.50,36.09,35.88
2026-05-18T01:52:53+00:00,1779069173.090,99.81,117.938,125.789,93.76,151.596,155.643,97.40,36.22,36.03,35.86
2026-05-18T01:52:58+00:00,1779069178.091,99.84,117.951,125.789,93.77,151.603,155.643,97.40,37.40,36.28,35.94
2026-05-18T01:53:03+00:00,1779069183.092,99.84,117.961,125.789,93.78,151.612,155.643,97.41,36.97,36.21,35.92
2026-05-18T01:53:08+00:00,1779069188.094,99.82,117.970,125.789,93.78,151.620,155.643,97.42,36.73,36.17,35.91
2026-05-18T01:53:13+00:00,1779069193.095,99.81,117.979,125.789,93.79,151.627,155.643,97.42,36.51,36.14,35.90
2026-05-18T01:53:18+00:00,1779069198.097,99.80,117.990,125.789,93.80,151.635,155.643,97.43,36.23,36.09,35.88
2026-05-18T01:53:23+00:00,1779069203.098,99.81,117.998,125.789,93.81,151.642,155.643,97.43,35.89,36.02,35.86
2026-05-18T01:53:28+00:00,1779069208.099,99.82,118.010,125.789,93.82,151.650,155.643,97.44,36.62,36.17,35.91
2026-05-18T01:53:33+00:00,1779069213.101,99.83,118.106,125.789,93.89,151.660,155.643,97.44,36.25,36.10,35.89
2026-05-18T01:53:38+00:00,1779069218.102,99.82,118.179,125.789,93.95,151.675,155.643,97.45,36.07,36.06,35.88
2026-05-18T01:53:43+00:00,1779069223.103,99.81,118.197,125.789,93.96,151.698,155.643,97.47,35.74,36.00,35.86
2026-05-18T01:53:48+00:00,1779069228.105,99.82,118.180,125.789,93.95,151.716,155.643,97.48,35.44,35.93,35.84
2026-05-18T01:53:53+00:00,1779069233.106,99.82,118.154,125.789,93.93,151.728,155.643,97.48,35.25,35.88,35.82
2026-05-18T01:53:58+00:00,1779069238.107,99.81,118.163,125.789,93.94,151.739,155.643,97.49,35.63,35.95,35.84
2026-05-18T01:54:03+00:00,1779069243.109,99.84,118.170,125.789,93.94,151.749,155.643,97.50,35.58,35.93,35.84
2026-05-18T01:54:08+00:00,1779069248.110,99.84,118.175,125.789,93.95,151.758,155.643,97.50,35.29,35.87,35.82
2026-05-18T01:54:13+00:00,1779069253.111,99.80,118.180,125.789,93.95,151.766,155.643,97.51,35.03,35.80,35.80
2026-05-18T01:54:18+00:00,1779069258.113,99.81,118.187,125.789,93.96,151.773,155.643,97.51,34.79,35.74,35.78
2026-05-18T01:54:23+00:00,1779069263.114,99.82,118.195,125.789,93.96,151.780,155.643,97.52,34.88,35.74,35.78
2026-05-18T01:54:28+00:00,1779069268.115,99.82,118.200,125.789,93.97,151.788,155.643,97.52,34.73,35.70,35.76
2026-05-18T01:54:33+00:00,1779069273.117,99.81,118.204,125.789,93.97,151.798,155.643,97.53,35.47,35.84,35.81
2026-05-18T01:54:38+00:00,1779069278.118,99.82,118.213,125.789,93.98,151.807,155.643,97.54,35.20,35.77,35.79
2026-05-18T01:54:43+00:00,1779069283.119,99.81,118.218,125.789,93.98,151.814,155.643,97.54,34.94,35.71,35.77
2026-05-18T01:54:48+00:00,1779069288.121,99.83,118.155,125.789,93.93,151.820,155.643,97.54,35.35,35.78,35.79
2026-05-18T01:54:53+00:00,1779069293.122,99.80,118.165,125.789,93.94,151.828,155.643,97.55,35.32,35.77,35.79
2026-05-18T01:54:58+00:00,1779069298.123,99.82,118.285,125.789,94.03,151.837,155.643,97.55,35.21,35.74,35.78
2026-05-18T01:55:03+00:00,1779069303.125,99.81,118.264,125.789,94.02,151.848,155.643,97.56,35.52,35.79,35.79
2026-05-18T01:55:08+00:00,1779069308.126,99.84,118.280,125.789,94.03,151.865,155.643,97.57,35.39,35.76,35.78
2026-05-18T01:55:13+00:00,1779069313.127,99.83,118.265,125.789,94.02,151.886,155.643,97.59,35.44,35.77,35.79
2026-05-18T01:55:18+00:00,1779069318.129,99.82,118.233,125.789,93.99,151.899,155.643,97.59,35.57,35.79,35.79
2026-05-18T01:55:23+00:00,1779069323.130,99.82,118.266,125.789,94.02,151.909,155.643,97.60,35.52,35.77,35.79
2026-05-18T01:55:28+00:00,1779069328.131,99.81,118.259,125.789,94.01,151.919,155.643,97.61,35.24,35.71,35.77
2026-05-18T01:55:33+00:00,1779069333.133,99.81,118.264,125.789,94.02,151.928,155.643,97.61,35.22,35.70,35.76
2026-05-18T01:55:38+00:00,1779069338.134,99.84,118.264,125.789,94.02,151.938,155.643,97.62,34.96,35.64,35.74
2026-05-18T01:55:43+00:00,1779069343.135,99.82,118.272,125.789,94.02,151.946,155.643,97.62,34.96,35.63,35.74
2026-05-18T01:55:48+00:00,1779069348.137,99.81,118.281,125.789,94.03,151.953,155.643,97.63,35.53,35.73,35.77
2026-05-18T01:55:53+00:00,1779069353.138,99.82,118.291,125.789,94.04,151.961,155.643,97.63,36.21,35.87,35.82
2026-05-18T01:55:58+00:00,1779069358.139,99.82,118.303,125.789,94.05,151.970,155.643,97.64,36.35,35.91,35.83
2026-05-18T01:56:03+00:00,1779069363.141,99.82,118.308,125.789,94.05,151.979,155.643,97.65,36.64,35.97,35.85
2026-05-18T01:56:08+00:00,1779069368.142,99.82,118.320,125.789,94.06,151.987,155.643,97.65,36.51,35.96,35.85
2026-05-18T01:56:13+00:00,1779069373.144,99.82,118.329,125.789,94.07,151.994,155.643,97.66,36.15,35.89,35.82
2026-05-18T01:56:18+00:00,1779069378.145,99.84,118.337,125.789,94.08,152.001,155.643,97.66,35.90,35.84,35.81
2026-05-18T01:56:23+00:00,1779069383.146,99.83,118.346,125.789,94.08,152.008,155.643,97.67,35.59,35.78,35.79
2026-05-18T01:56:28+00:00,1779069388.148,99.84,118.450,125.789,94.17,152.017,155.643,97.67,35.38,35.73,35.77
2026-05-18T01:56:33+00:00,1779069393.149,99.84,118.451,125.789,94.17,152.028,155.643,97.68,35.19,35.69,35.76
2026-05-18T01:56:38+00:00,1779069398.151,99.82,118.485,125.789,94.19,152.046,155.643,97.69,35.49,35.74,35.78
2026-05-18T01:56:43+00:00,1779069403.152,99.81,118.468,125.789,94.18,152.067,155.643,97.70,35.29,35.70,35.76
2026-05-18T01:56:48+00:00,1779069408.153,99.82,118.438,125.789,94.16,152.080,155.643,97.71,35.51,35.73,35.77
2026-05-18T01:56:53+00:00,1779069413.155,99.82,118.428,125.789,94.15,152.091,155.643,97.72,35.31,35.69,35.76
2026-05-18T01:56:58+00:00,1779069418.156,99.83,118.432,125.789,94.15,152.102,155.643,97.73,35.12,35.64,35.74
2026-05-18T01:57:03+00:00,1779069423.157,99.82,118.433,125.789,94.15,152.112,155.643,97.73,34.95,35.60,35.73
2026-05-18T01:57:08+00:00,1779069428.159,99.82,118.435,125.789,94.15,152.121,155.643,97.74,34.72,35.54,35.71
2026-05-18T01:57:13+00:00,1779069433.160,99.81,118.442,125.789,94.16,152.129,155.643,97.74,34.50,35.48,35.69
2026-05-18T01:57:18+00:00,1779069438.161,99.83,118.452,125.789,94.17,152.137,155.643,97.75,35.26,35.62,35.73
2026-05-18T01:57:23+00:00,1779069443.163,99.83,118.455,125.789,94.17,152.144,155.643,97.75,35.00,35.56,35.71
2026-05-18T01:57:28+00:00,1779069448.164,99.83,118.458,125.789,94.17,152.151,155.643,97.76,35.88,35.74,35.77
2026-05-18T01:57:33+00:00,1779069453.165,99.81,118.459,125.789,94.17,152.160,155.643,97.76,36.21,35.81,35.79
2026-05-18T01:57:38+00:00,1779069458.167,99.82,118.465,125.789,94.18,152.168,155.643,97.77,35.87,35.74,35.77
2026-05-18T01:57:43+00:00,1779069463.168,99.83,118.469,125.789,94.18,152.176,155.643,97.77,36.68,35.91,35.82
2026-05-18T01:57:48+00:00,1779069468.169,99.83,118.473,125.789,94.18,152.183,155.643,97.78,36.39,35.86,35.81
2026-05-18T01:57:53+00:00,1779069473.171,99.83,118.482,125.789,94.19,152.192,155.643,97.78,36.12,35.82,35.79
2026-05-18T01:57:58+00:00,1779069478.172,99.82,118.584,125.789,94.27,152.200,155.643,97.79,36.99,36.00,35.85
2026-05-18T01:58:03+00:00,1779069483.173,99.82,118.581,125.789,94.27,152.210,155.643,97.79,36.83,35.99,35.85
2026-05-18T01:58:08+00:00,1779069488.174,99.84,118.585,125.789,94.27,152.226,155.643,97.81,36.52,35.94,35.83
2026-05-18T01:58:13+00:00,1779069493.176,99.84,118.578,125.789,94.27,152.250,155.643,97.82,36.16,35.87,35.81
2026-05-18T01:58:18+00:00,1779069498.177,99.85,118.534,125.789,94.23,152.264,155.643,97.83,35.75,35.79,35.79
2026-05-18T01:58:23+00:00,1779069503.179,99.83,118.539,125.789,94.24,152.274,155.643,97.84,36.25,35.89,35.82
2026-05-18T01:58:28+00:00,1779069508.180,99.83,118.541,125.789,94.24,152.284,155.643,97.84,36.15,35.88,35.82
2026-05-18T01:58:33+00:00,1779069513.181,99.84,118.544,125.789,94.24,152.294,155.643,97.85,37.10,36.08,35.88
2026-05-18T01:58:38+00:00,1779069518.183,99.82,118.551,125.789,94.25,152.304,155.643,97.85,36.85,36.04,35.87
2026-05-18T01:58:43+00:00,1779069523.184,99.84,118.555,125.789,94.25,152.310,155.643,97.86,36.46,35.98,35.85
2026-05-18T01:58:48+00:00,1779069528.185,99.82,118.563,125.789,94.26,152.316,155.643,97.86,36.42,35.98,35.85
2026-05-18T01:58:53+00:00,1779069533.186,99.83,118.578,125.789,94.27,152.323,155.643,97.87,36.31,35.96,35.85
2026-05-18T01:58:58+00:00,1779069538.188,99.82,118.584,125.789,94.27,152.331,155.643,97.87,36.76,36.06,35.88
2026-05-18T01:59:03+00:00,1779069543.189,99.84,118.592,125.789,94.28,152.340,155.643,97.88,36.38,35.99,35.86
2026-05-18T01:59:08+00:00,1779069548.190,99.83,118.611,125.789,94.29,152.347,155.643,97.88,36.67,36.06,35.88
2026-05-18T01:59:13+00:00,1779069553.192,99.81,118.621,125.789,94.30,152.356,155.643,97.89,36.54,36.04,35.88
2026-05-18T01:59:18+00:00,1779069558.193,99.85,118.630,125.789,94.31,152.363,155.643,97.89,37.06,36.16,35.91
2026-05-18T01:59:23+00:00,1779069563.194,99.82,118.640,125.789,94.32,152.370,155.643,97.90,37.21,36.21,35.93
2026-05-18T01:59:28+00:00,1779069568.196,99.80,118.741,125.789,94.40,152.379,155.643,97.90,37.68,36.32,35.97
2026-05-18T01:59:33+00:00,1779069573.197,99.79,118.741,125.789,94.40,152.389,155.643,97.91,38.18,36.45,36.01
2026-05-18T01:59:38+00:00,1779069578.198,99.85,118.754,125.789,94.41,152.403,155.643,97.92,38.33,36.51,36.03
2026-05-18T01:59:43+00:00,1779069583.200,99.77,118.756,125.789,94.41,152.426,155.643,97.93,37.90,36.45,36.02
2026-05-18T01:59:48+00:00,1779069588.201,99.79,118.718,125.789,94.38,152.443,155.643,97.94,37.51,36.39,36.00
2026-05-18T01:59:53+00:00,1779069593.202,99.82,118.711,125.789,94.37,152.454,155.643,97.95,37.31,36.37,36.00
2026-05-18T01:59:58+00:00,1779069598.204,99.81,118.715,125.789,94.38,152.465,155.643,97.96,37.52,36.43,36.02
2026-05-18T02:00:03+00:00,1779069603.205,99.79,118.719,125.789,94.38,152.474,155.643,97.96,38.44,36.64,36.09
2026-05-18T02:00:08+00:00,1779069608.206,99.78,118.727,125.789,94.39,152.482,155.643,97.97,38.01,36.58,36.07
2026-05-18T02:00:13+00:00,1779069613.208,99.81,118.738,125.789,94.40,152.489,155.643,97.97,37.61,36.52,36.05
2026-05-18T02:00:18+00:00,1779069618.209,99.78,118.738,125.789,94.39,152.496,155.643,97.98,37.48,36.51,36.05
2026-05-18T02:00:23+00:00,1779069623.210,99.82,118.745,125.789,94.40,152.501,155.643,97.98,37.28,36.48,36.05
2026-05-18T02:00:28+00:00,1779069628.212,99.83,118.747,125.789,94.40,152.507,155.643,97.99,36.94,36.42,36.03
2026-05-18T02:00:33+00:00,1779069633.213,99.82,118.755,125.789,94.41,152.516,155.643,97.99,37.74,36.60,36.09
2026-05-18T02:00:38+00:00,1779069638.215,99.83,118.763,125.789,94.42,152.524,155.643,98.00,37.36,36.54,36.07
2026-05-18T02:00:43+00:00,1779069643.216,99.82,118.771,125.789,94.42,152.531,155.643,98.00,37.09,36.50,36.06
2026-05-18T02:00:48+00:00,1779069648.217,99.82,118.777,125.789,94.43,152.538,155.643,98.01,36.68,36.42,36.04
2026-05-18T02:00:53+00:00,1779069653.219,99.84,118.787,125.789,94.43,152.545,155.643,98.01,36.31,36.35,36.02
2026-05-18T02:00:58+00:00,1779069658.220,99.82,118.800,125.789,94.44,152.553,155.643,98.01,35.96,36.28,36.00
2026-05-18T02:01:03+00:00,1779069663.221,99.77,118.908,125.789,94.53,152.560,155.643,98.02,35.73,36.22,35.98
2026-05-18T02:01:08+00:00,1779069668.223,99.77,118.903,125.789,94.53,152.571,155.643,98.03,36.31,36.33,36.02
2026-05-18T02:01:13+00:00,1779069673.224,99.79,118.919,125.789,94.54,152.586,155.643,98.04,35.96,36.26,36.00
2026-05-18T02:01:18+00:00,1779069678.225,99.84,118.911,125.789,94.53,152.604,155.643,98.05,35.73,36.21,35.98
2026-05-18T02:01:23+00:00,1779069683.227,99.83,118.885,125.789,94.51,152.617,155.643,98.06,35.51,36.15,35.96
2026-05-18T02:01:28+00:00,1779069688.228,99.82,118.882,125.789,94.51,152.628,155.643,98.06,35.79,36.20,35.98
2026-05-18T02:01:33+00:00,1779069693.229,99.79,118.886,125.789,94.51,152.638,155.643,98.07,35.56,36.15,35.96
2026-05-18T02:01:38+00:00,1779069698.231,99.84,118.894,125.789,94.52,152.647,155.643,98.08,36.24,36.28,36.01
2026-05-18T02:01:43+00:00,1779069703.232,99.81,118.897,125.789,94.52,152.656,155.643,98.08,35.98,36.22,35.99
2026-05-18T02:01:48+00:00,1779069708.233,99.82,118.908,125.789,94.53,152.664,155.643,98.09,35.74,36.17,35.98
2026-05-18T02:01:53+00:00,1779069713.235,99.80,118.912,125.789,94.53,152.671,155.643,98.09,36.00,36.22,35.99
2026-05-18T02:01:58+00:00,1779069718.236,99.84,118.918,125.789,94.54,152.679,155.643,98.10,37.28,36.48,36.08
2026-05-18T02:02:03+00:00,1779069723.237,99.85,118.926,125.789,94.54,152.686,155.643,98.10,37.18,36.47,36.08
2026-05-18T02:02:08+00:00,1779069728.239,99.83,118.937,125.789,94.55,152.695,155.643,98.11,37.73,36.60,36.12
2026-05-18T02:02:13+00:00,1779069733.240,99.83,118.949,125.789,94.56,152.703,155.643,98.11,37.35,36.54,36.10
2026-05-18T02:02:18+00:00,1779069738.242,99.81,118.958,125.789,94.57,152.710,155.643,98.12,36.92,36.46,36.08
2026-05-18T02:02:23+00:00,1779069743.243,99.83,118.969,125.789,94.58,152.717,155.643,98.12,36.52,36.39,36.06
2026-05-18T02:02:28+00:00,1779069748.244,99.84,118.979,125.789,94.59,152.725,155.643,98.13,36.96,36.48,36.09
2026-05-18T02:02:33+00:00,1779069753.246,99.82,118.982,125.789,94.59,152.733,155.643,98.13,37.45,36.59,36.13
2026-05-18T02:02:38+00:00,1779069758.247,99.82,119.072,125.789,94.66,152.743,155.643,98.14,37.17,36.54,36.12
2026-05-18T02:02:43+00:00,1779069763.248,99.81,119.094,125.789,94.68,152.759,155.643,98.15,37.56,36.64,36.15
2026-05-18T02:02:48+00:00,1779069768.250,99.82,119.093,125.789,94.68,152.782,155.643,98.16,37.35,36.61,36.14
2026-05-18T02:02:53+00:00,1779069773.251,99.81,119.052,125.789,94.64,152.798,155.643,98.17,37.32,36.62,36.15
2026-05-18T02:02:58+00:00,1779069778.253,99.84,119.042,125.789,94.64,152.810,155.643,98.18,36.98,36.56,36.13
2026-05-18T02:03:03+00:00,1779069783.254,99.79,119.044,125.789,94.64,152.820,155.643,98.19,36.66,36.50,36.11
2026-05-18T02:03:08+00:00,1779069788.256,99.82,119.050,125.789,94.64,152.831,155.643,98.19,36.29,36.42,36.09
2026-05-18T02:03:13+00:00,1779069793.257,99.84,119.050,125.789,94.64,152.840,155.643,98.20,36.02,36.36,36.07
2026-05-18T02:03:18+00:00,1779069798.258,99.84,119.057,125.789,94.65,152.848,155.643,98.20,35.86,36.32,36.06
2026-05-18T02:03:23+00:00,1779069803.260,99.81,119.065,125.789,94.65,152.856,155.643,98.21,35.55,36.25,36.04
2026-05-18T02:03:28+00:00,1779069808.261,99.82,119.075,125.789,94.66,152.862,155.643,98.21,35.51,36.23,36.04
2026-05-18T02:03:33+00:00,1779069813.262,99.81,119.083,125.789,94.67,152.869,155.643,98.22,35.22,36.16,36.01
2026-05-18T02:03:38+00:00,1779069818.263,99.81,119.092,125.789,94.68,152.877,155.643,98.22,35.13,36.12,36.00
2026-05-18T02:03:43+00:00,1779069823.265,99.82,119.101,125.789,94.68,152.885,155.643,98.23,35.04,36.09,35.99
2026-05-18T02:03:48+00:00,1779069828.266,99.82,119.114,125.789,94.69,152.893,155.643,98.23,34.79,36.02,35.97
2026-05-18T02:03:53+00:00,1779069833.267,99.79,119.116,125.789,94.70,152.900,155.643,98.24,34.57,35.95,35.95
2026-05-18T02:03:58+00:00,1779069838.269,99.81,119.122,125.789,94.70,152.907,155.643,98.24,34.36,35.89,35.93
2026-05-18T02:04:03+00:00,1779069843.270,99.84,119.130,125.789,94.71,152.915,155.643,98.25,34.41,35.87,35.92
2026-05-18T02:04:08+00:00,1779069848.271,99.82,119.223,125.789,94.78,152.924,155.643,98.25,34.30,35.83,35.90
2026-05-18T02:04:13+00:00,1779069853.273,99.81,119.222,125.789,94.78,152.937,155.643,98.26,34.12,35.76,35.88
2026-05-18T02:04:18+00:00,1779069858.274,99.80,119.229,125.789,94.79,152.957,155.643,98.27,34.27,35.77,35.88
2026-05-18T02:04:23+00:00,1779069863.275,99.82,119.207,125.789,94.77,152.978,155.643,98.29,34.09,35.70,35.86
2026-05-18T02:04:28+00:00,1779069868.276,99.84,119.174,125.789,94.74,152.988,155.643,98.29,34.00,35.66,35.85
2026-05-18T02:04:33+00:00,1779069873.278,99.82,119.180,125.789,94.75,152.998,155.643,98.30,34.00,35.63,35.84
2026-05-18T02:04:38+00:00,1779069878.279,99.84,119.183,125.789,94.75,153.008,155.643,98.31,34.00,35.60,35.83
2026-05-18T02:04:43+00:00,1779069883.280,99.84,119.186,125.789,94.75,153.018,155.643,98.31,34.24,35.63,35.83
2026-05-18T02:04:48+00:00,1779069888.282,99.83,119.202,125.789,94.76,153.027,155.643,98.32,34.14,35.58,35.82
2026-05-18T02:04:53+00:00,1779069893.283,99.82,119.209,125.789,94.77,153.033,155.643,98.32,35.09,35.76,35.87
2026-05-18T02:04:58+00:00,1779069898.284,99.84,119.210,125.789,94.77,153.040,155.643,98.33,35.80,35.89,35.92
2026-05-18T02:05:03+00:00,1779069903.286,99.85,119.217,125.789,94.78,153.047,155.643,98.33,35.74,35.88,35.91
2026-05-18T02:05:08+00:00,1779069908.287,99.83,119.228,125.789,94.78,153.055,155.643,98.34,35.28,35.78,35.88
2026-05-18T02:05:13+00:00,1779069913.288,99.82,119.236,125.789,94.79,153.063,155.643,98.34,35.26,35.77,35.87
2026-05-18T02:05:18+00:00,1779069918.290,99.77,119.252,125.789,94.80,153.071,155.643,98.35,35.32,35.77,35.88
2026-05-18T02:05:23+00:00,1779069923.291,99.84,119.257,125.789,94.81,153.078,155.643,98.35,35.05,35.71,35.85
2026-05-18T02:05:28+00:00,1779069928.293,99.82,119.267,125.789,94.82,153.085,155.643,98.36,34.81,35.65,35.83
2026-05-18T02:05:33+00:00,1779069933.294,99.82,119.280,125.789,94.83,153.094,155.643,98.36,35.38,35.75,35.87
2026-05-18T02:05:38+00:00,1779069938.295,99.82,119.365,125.789,94.89,153.103,155.643,98.37,35.11,35.69,35.85
2026-05-18T02:05:43+00:00,1779069943.297,99.83,119.390,125.789,94.91,153.118,155.643,98.38,34.86,35.63,35.82
2026-05-18T02:05:48+00:00,1779069948.298,99.82,119.387,125.789,94.91,153.141,155.643,98.39,35.35,35.72,35.85
2026-05-18T02:05:53+00:00,1779069953.299,99.82,119.361,125.789,94.89,153.160,155.643,98.40,35.57,35.75,35.86
2026-05-18T02:05:58+00:00,1779069958.301,99.83,119.353,125.789,94.88,153.171,155.643,98.41,35.28,35.69,35.84
2026-05-18T02:06:03+00:00,1779069963.302,99.82,119.357,125.789,94.89,153.181,155.643,98.42,35.98,35.83,35.89
2026-05-18T02:06:08+00:00,1779069968.303,99.83,119.360,125.789,94.89,153.191,155.643,98.43,35.66,35.77,35.87
2026-05-18T02:06:13+00:00,1779069973.305,99.83,119.366,125.789,94.89,153.200,155.643,98.43,35.37,35.70,35.85
2026-05-18T02:06:18+00:00,1779069978.306,99.84,119.372,125.789,94.90,153.208,155.643,98.44,35.26,35.68,35.83
2026-05-18T02:06:23+00:00,1779069983.307,99.82,119.380,125.789,94.91,153.215,155.643,98.44,35.08,35.63,35.82
2026-05-18T02:06:28+00:00,1779069988.309,99.84,119.386,125.789,94.91,153.222,155.643,98.44,34.99,35.60,35.81
2026-05-18T02:06:33+00:00,1779069993.310,99.83,119.391,125.789,94.91,153.230,155.643,98.45,34.75,35.54,35.79
2026-05-18T02:06:38+00:00,1779069998.311,99.83,119.398,125.789,94.92,153.239,155.643,98.46,34.53,35.48,35.77
2026-05-18T02:06:43+00:00,1779070003.313,99.84,119.401,125.789,94.92,153.248,155.643,98.46,34.41,35.44,35.75
2026-05-18T02:06:48+00:00,1779070008.314,99.82,119.411,125.789,94.93,153.256,155.643,98.47,34.21,35.39,35.73
2026-05-18T02:06:53+00:00,1779070013.315,99.82,119.420,125.789,94.94,153.263,155.643,98.47,34.04,35.33,35.71
2026-05-18T02:06:58+00:00,1779070018.317,99.84,119.430,125.789,94.94,153.271,155.643,98.48,34.83,35.47,35.76
2026-05-18T02:07:03+00:00,1779070023.318,99.84,119.505,125.789,95.00,153.279,155.643,98.48,34.69,35.43,35.74
2026-05-18T02:07:08+00:00,1779070028.319,99.79,119.500,125.789,95.00,153.290,155.643,98.49,34.63,35.41,35.73
2026-05-18T02:07:13+00:00,1779070033.321,99.83,119.511,125.789,95.01,153.306,155.643,98.50,34.42,35.35,35.71
2026-05-18T02:07:18+00:00,1779070038.322,99.81,119.504,125.789,95.00,153.327,155.643,98.51,34.31,35.31,35.70
2026-05-18T02:07:23+00:00,1779070043.323,99.83,119.462,125.789,94.97,153.340,155.643,98.52,34.04,35.24,35.67
2026-05-18T02:07:28+00:00,1779070048.325,99.83,119.465,125.789,94.97,153.350,155.643,98.53,34.12,35.24,35.67
2026-05-18T02:07:33+00:00,1779070053.326,99.83,119.469,125.789,94.98,153.361,155.643,98.53,34.51,35.30,35.69
2026-05-18T02:07:38+00:00,1779070058.327,99.85,119.473,125.789,94.98,153.370,155.643,98.54,34.31,35.24,35.67
2026-05-18T02:07:43+00:00,1779070063.329,99.84,119.484,125.789,94.99,153.380,155.643,98.55,34.77,35.32,35.69
2026-05-18T02:07:48+00:00,1779070068.330,99.84,119.501,125.789,95.00,153.387,155.643,98.55,34.78,35.32,35.68
2026-05-18T02:07:53+00:00,1779070073.331,99.82,119.508,125.789,95.01,153.394,155.643,98.56,34.64,35.28,35.67
2026-05-18T02:07:58+00:00,1779070078.333,99.84,119.518,125.789,95.01,153.402,155.643,98.56,35.47,35.44,35.72
2026-05-18T02:08:03+00:00,1779070083.334,99.82,119.528,125.789,95.02,153.412,155.643,98.57,35.19,35.38,35.70
2026-05-18T02:08:08+00:00,1779070088.335,99.84,119.536,125.789,95.03,153.420,155.643,98.57,35.02,35.34,35.69
2026-05-18T02:08:13+00:00,1779070093.337,99.83,119.544,125.789,95.04,153.429,155.643,98.58,34.85,35.30,35.67
2026-05-18T02:08:18+00:00,1779070098.338,99.84,119.552,125.789,95.04,153.436,155.643,98.58,34.63,35.25,35.65
2026-05-18T02:08:23+00:00,1779070103.339,99.84,119.564,125.789,95.05,153.444,155.643,98.59,34.42,35.19,35.63
2026-05-18T02:08:28+00:00,1779070108.341,99.84,119.649,125.789,95.12,153.453,155.643,98.59,34.22,35.14,35.61
2026-05-18T02:08:33+00:00,1779070113.342,99.82,119.650,125.789,95.12,153.465,155.643,98.60,34.20,35.12,35.60
2026-05-18T02:08:38+00:00,1779070118.343,99.81,119.683,125.789,95.15,153.483,155.643,98.61,34.67,35.20,35.63
2026-05-18T02:08:43+00:00,1779070123.345,99.81,119.692,125.789,95.15,153.504,155.643,98.63,34.61,35.18,35.62
2026-05-18T02:08:48+00:00,1779070128.346,99.82,119.668,125.789,95.13,153.520,155.643,98.64,35.05,35.26,35.64
2026-05-18T02:08:53+00:00,1779070133.347,99.83,119.661,125.789,95.13,153.531,155.643,98.64,34.80,35.21,35.62
2026-05-18T02:08:58+00:00,1779070138.349,99.80,119.668,125.789,95.13,153.542,155.643,98.65,35.30,35.31,35.65
2026-05-18T02:09:03+00:00,1779070143.350,99.84,119.673,125.789,95.14,153.553,155.643,98.66,35.35,35.32,35.65
2026-05-18T02:09:08+00:00,1779070148.351,99.85,119.670,125.789,95.14,153.562,155.643,98.66,35.17,35.28,35.64
2026-05-18T02:09:13+00:00,1779070153.353,99.84,119.673,125.789,95.14,153.570,155.643,98.67,35.15,35.27,35.63
2026-05-18T02:09:18+00:00,1779070158.354,99.85,119.678,125.789,95.14,153.578,155.643,98.67,35.70,35.39,35.67
2026-05-18T02:09:23+00:00,1779070163.355,99.84,119.687,125.789,95.15,153.586,155.643,98.68,35.40,35.33,35.65
2026-05-18T02:09:28+00:00,1779070168.357,99.82,119.692,125.789,95.15,153.594,155.643,98.68,35.13,35.27,35.63
2026-05-18T02:09:33+00:00,1779070173.358,99.82,119.705,125.789,95.16,153.602,155.643,98.69,36.16,35.48,35.70
2026-05-18T02:09:38+00:00,1779070178.359,99.83,119.713,125.789,95.17,153.611,155.643,98.69,36.31,35.53,35.71
2026-05-18T02:09:43+00:00,1779070183.361,99.84,119.721,125.789,95.18,153.618,155.643,98.70,35.96,35.47,35.69
2026-05-18T02:09:48+00:00,1779070188.362,99.83,119.731,125.789,95.18,153.624,155.643,98.70,36.45,35.58,35.72
2026-05-18T02:09:53+00:00,1779070193.363,99.84,119.737,125.789,95.19,153.633,155.643,98.71,37.37,35.78,35.79
2026-05-18T02:09:58+00:00,1779070198.365,99.81,119.807,125.789,95.24,153.642,155.643,98.71,37.42,35.82,35.80
2026-05-18T02:10:03+00:00,1779070203.366,99.84,119.814,125.789,95.25,153.656,155.643,98.72,37.79,35.92,35.84
2026-05-18T02:10:08+00:00,1779070208.367,99.83,119.824,125.789,95.26,153.676,155.643,98.74,38.05,36.01,35.86
2026-05-18T02:10:13+00:00,1779070213.369,99.83,119.804,125.789,95.24,153.695,155.643,98.75,38.60,36.16,35.91
2026-05-18T02:10:18+00:00,1779070218.370,99.81,119.790,125.789,95.23,153.707,155.643,98.76,38.16,36.10,35.90
2026-05-18T02:10:23+00:00,1779070223.371,99.82,119.791,125.789,95.23,153.718,155.643,98.76,37.66,36.04,35.88
2026-05-18T02:10:28+00:00,1779070228.373,99.83,119.795,125.789,95.24,153.728,155.643,98.77,37.37,36.00,35.87
2026-05-18T02:10:33+00:00,1779070233.374,99.84,119.805,125.789,95.24,153.737,155.643,98.78,37.18,35.98,35.86
2026-05-18T02:10:38+00:00,1779070238.375,99.84,119.818,125.789,95.25,153.745,155.643,98.78,37.57,36.08,35.89
2026-05-18T02:10:43+00:00,1779070243.377,99.83,119.819,125.789,95.25,153.751,155.643,98.78,37.68,36.13,35.91
2026-05-18T02:10:48+00:00,1779070248.378,99.84,119.825,125.789,95.26,153.759,155.643,98.79,37.39,36.10,35.90
2026-05-18T02:10:53+00:00,1779070253.379,99.83,119.837,125.789,95.27,153.767,155.643,98.79,37.27,36.10,35.90
2026-05-18T02:10:58+00:00,1779070258.380,99.84,119.849,125.789,95.28,153.776,155.643,98.80,37.01,36.06,35.89
2026-05-18T02:11:03+00:00,1779070263.382,99.83,119.860,125.789,95.29,153.784,155.643,98.81,37.33,36.14,35.92
2026-05-18T02:11:08+00:00,1779070268.383,99.81,119.881,125.789,95.30,153.791,155.643,98.81,36.90,36.07,35.90
2026-05-18T02:11:13+00:00,1779070273.385,99.81,119.884,125.789,95.31,153.797,155.643,98.81,36.91,36.09,35.90
2026-05-18T02:11:18+00:00,1779070278.386,99.84,119.888,125.789,95.31,153.804,155.643,98.82,37.40,36.20,35.94
2026-05-18T02:11:23+00:00,1779070283.387,99.83,119.969,125.789,95.37,153.813,155.643,98.82,37.29,36.20,35.94
2026-05-18T02:11:28+00:00,1779070288.389,99.82,119.975,125.789,95.38,153.821,155.643,98.83,36.94,36.15,35.93
2026-05-18T02:11:33+00:00,1779070293.390,99.82,120.003,125.789,95.40,153.835,155.643,98.84,36.63,36.10,35.91
2026-05-18T02:11:38+00:00,1779070298.391,99.82,120.001,125.789,95.40,153.858,155.643,98.85,36.42,36.06,35.90
2026-05-18T02:11:43+00:00,1779070303.393,99.82,119.986,125.789,95.39,153.876,155.643,98.87,36.14,36.01,35.88
2026-05-18T02:11:48+00:00,1779070308.394,99.84,119.956,125.789,95.36,153.888,155.643,98.87,35.89,35.96,35.87
2026-05-18T02:11:53+00:00,1779070313.395,99.82,119.963,125.789,95.37,153.898,155.643,98.88,36.78,36.14,35.93
2026-05-18T02:11:58+00:00,1779070318.397,99.83,119.973,125.789,95.38,153.907,155.643,98.89,36.48,36.09,35.91
2026-05-18T02:12:03+00:00,1779070323.398,99.83,119.975,125.789,95.38,153.915,155.643,98.89,36.76,36.15,35.93
2026-05-18T02:12:08+00:00,1779070328.399,99.82,119.984,125.789,95.39,153.925,155.643,98.90,36.38,36.09,35.91
2026-05-18T02:12:13+00:00,1779070333.401,99.84,119.987,125.789,95.39,153.934,155.643,98.90,37.07,36.23,35.96
2026-05-18T02:12:18+00:00,1779070338.402,99.81,119.998,125.789,95.40,153.941,155.643,98.91,36.74,36.18,35.95
2026-05-18T02:12:23+00:00,1779070343.403,99.82,120.011,125.789,95.41,153.948,155.643,98.91,37.48,36.34,36.00
2026-05-18T02:12:28+00:00,1779070348.405,99.76,120.022,125.789,95.42,153.955,155.643,98.92,37.05,36.27,35.98
2026-05-18T02:12:33+00:00,1779070353.406,99.84,120.025,125.789,95.42,153.963,155.643,98.92,36.72,36.22,35.96
2026-05-18T02:12:38+00:00,1779070358.407,99.84,120.030,125.789,95.42,153.971,155.643,98.93,36.42,36.16,35.95
2026-05-18T02:12:43+00:00,1779070363.409,99.82,120.042,125.789,95.43,153.978,155.643,98.93,36.15,36.11,35.93
2026-05-18T02:12:48+00:00,1779070368.410,99.82,120.049,125.789,95.44,153.985,155.643,98.93,36.78,36.24,35.97
2026-05-18T02:12:53+00:00,1779070373.411,99.84,120.061,125.789,95.45,153.993,155.643,98.94,36.39,36.17,35.95
2026-05-18T02:12:58+00:00,1779070378.413,99.82,120.141,125.789,95.51,154.002,155.643,98.95,36.12,36.12,35.94
2026-05-18T02:13:03+00:00,1779070383.414,99.84,120.144,125.789,95.51,154.015,155.643,98.95,35.79,36.05,35.91
2026-05-18T02:13:08+00:00,1779070388.415,99.84,120.143,125.789,95.51,154.035,155.643,98.97,36.13,36.11,35.94
2026-05-18T02:13:13+00:00,1779070393.417,99.83,120.118,125.789,95.49,154.052,155.643,98.98,35.80,36.05,35.91
2026-05-18T02:13:18+00:00,1779070398.418,99.82,120.103,125.789,95.48,154.063,155.643,98.99,35.65,36.01,35.90
2026-05-18T02:13:23+00:00,1779070403.419,99.81,120.118,125.789,95.49,154.072,155.643,98.99,35.84,36.05,35.92
2026-05-18T02:13:28+00:00,1779070408.420,99.84,120.125,125.789,95.50,154.081,155.643,99.00,35.61,35.99,35.90
2026-05-18T02:13:33+00:00,1779070413.422,99.82,120.131,125.789,95.50,154.091,155.643,99.00,35.32,35.93,35.88
2026-05-18T02:13:38+00:00,1779070418.423,99.82,120.140,125.789,95.51,154.099,155.643,99.01,35.06,35.86,35.86
2026-05-18T02:13:43+00:00,1779070423.425,99.84,120.145,125.789,95.51,154.106,155.643,99.01,34.89,35.81,35.84
2026-05-18T02:13:48+00:00,1779070428.426,99.84,120.151,125.789,95.52,154.113,155.643,99.02,34.66,35.75,35.82
2026-05-18T02:13:53+00:00,1779070433.427,99.84,120.157,125.789,95.52,154.122,155.643,99.02,34.53,35.71,35.81
2026-05-18T02:13:58+00:00,1779070438.429,99.82,120.168,125.789,95.53,154.129,155.643,99.03,34.41,35.66,35.79
2026-05-18T02:14:03+00:00,1779070443.430,99.83,120.178,125.789,95.54,154.138,155.643,99.03,34.21,35.60,35.77
2026-05-18T02:14:08+00:00,1779070448.431,99.84,120.193,125.789,95.55,154.145,155.643,99.04,34.04,35.54,35.75
2026-05-18T02:14:13+00:00,1779070453.432,99.84,120.201,125.789,95.56,154.152,155.643,99.04,33.95,35.50,35.73
2026-05-18T02:14:18+00:00,1779070458.434,99.84,120.213,125.789,95.57,154.158,155.643,99.05,33.88,35.46,35.72
2026-05-18T02:14:23+00:00,1779070463.435,99.82,120.222,125.789,95.57,154.167,155.643,99.05,34.85,35.63,35.77
2026-05-18T02:14:28+00:00,1779070468.436,99.85,120.289,125.789,95.63,154.174,155.643,99.06,34.62,35.57,35.75
2026-05-18T02:14:33+00:00,1779070473.438,99.82,120.310,125.789,95.64,154.185,155.643,99.06,34.41,35.51,35.73
2026-05-18T02:14:38+00:00,1779070478.439,99.27,120.309,125.789,95.64,154.200,155.643,99.07,34.78,35.57,35.75
2026-05-18T02:14:43+00:00,1779070483.440,99.84,120.307,125.789,95.64,154.220,155.643,99.09,35.68,35.74,35.81
2026-05-18T02:14:48+00:00,1779070488.442,99.83,120.282,125.789,95.62,154.236,155.643,99.10,35.86,35.78,35.82
2026-05-18T02:14:53+00:00,1779070493.443,99.84,120.269,125.789,95.61,154.248,155.643,99.10,35.55,35.72,35.80
2026-05-18T02:14:58+00:00,1779070498.444,99.84,120.271,125.789,95.61,154.259,155.643,99.11,35.91,35.79,35.82
2026-05-18T02:15:03+00:00,1779070503.446,99.84,120.282,125.789,95.62,154.269,155.643,99.12,35.60,35.72,35.80
2026-05-18T02:15:08+00:00,1779070508.447,99.84,120.285,125.789,95.62,154.277,155.643,99.12,35.39,35.68,35.78
2026-05-18T02:15:13+00:00,1779070513.448,99.83,120.295,125.789,95.63,154.286,155.643,99.13,35.44,35.68,35.79
2026-05-18T02:15:18+00:00,1779070518.450,99.82,120.311,125.789,95.65,154.295,155.643,99.13,35.16,35.62,35.77
2026-05-18T02:15:23+00:00,1779070523.451,99.82,120.318,125.789,95.65,154.301,155.643,99.14,35.31,35.65,35.77
2026-05-18T02:15:28+00:00,1779070528.452,99.83,120.326,125.789,95.66,154.308,155.643,99.14,35.04,35.59,35.75
2026-05-18T02:15:33+00:00,1779070533.454,99.81,120.334,125.789,95.66,154.317,155.643,99.15,35.04,35.58,35.75
2026-05-18T02:15:38+00:00,1779070538.455,99.82,120.344,125.789,95.67,154.325,155.643,99.15,35.84,35.73,35.80
2026-05-18T02:15:43+00:00,1779070543.456,99.82,120.356,125.789,95.68,154.331,155.643,99.16,36.09,35.79,35.81
2026-05-18T02:15:48+00:00,1779070548.458,99.82,120.361,125.789,95.69,154.338,155.643,99.16,35.76,35.72,35.79
2026-05-18T02:15:53+00:00,1779070553.459,99.83,120.368,125.789,95.69,154.345,155.643,99.17,36.02,35.78,35.81
2026-05-18T02:15:58+00:00,1779070558.460,99.84,120.374,125.789,95.70,154.353,155.643,99.17,36.02,35.78,35.81
2026-05-18T02:16:03+00:00,1779070563.462,99.83,120.444,125.789,95.75,154.360,155.643,99.18,36.82,35.95,35.87
2026-05-18T02:16:08+00:00,1779070568.463,99.79,120.460,125.789,95.76,154.373,155.643,99.18,36.83,35.97,35.87
2026-05-18T02:16:13+00:00,1779070573.464,99.84,120.469,125.789,95.77,154.393,155.643,99.20,36.77,35.97,35.88
2026-05-18T02:16:18+00:00,1779070578.466,99.78,120.437,125.789,95.75,154.413,155.643,99.21,36.39,35.90,35.85
2026-05-18T02:16:23+00:00,1779070583.467,99.85,120.421,125.789,95.73,154.424,155.643,99.22,37.08,36.06,35.90
2026-05-18T02:16:28+00:00,1779070588.468,99.83,120.431,125.789,95.74,154.434,155.643,99.22,36.75,36.01,35.89
2026-05-18T02:16:33+00:00,1779070593.470,99.84,120.437,125.789,95.75,154.443,155.643,99.23,37.33,36.14,35.93
2026-05-18T02:16:38+00:00,1779070598.471,99.84,120.444,125.789,95.75,154.453,155.643,99.24,36.90,36.07,35.91
2026-05-18T02:16:43+00:00,1779070603.472,99.84,120.450,125.789,95.76,154.462,155.643,99.24,36.51,36.00,35.89
2026-05-18T02:16:48+00:00,1779070608.474,99.84,120.455,125.789,95.76,154.468,155.643,99.25,37.19,36.15,35.94
2026-05-18T02:16:53+00:00,1779070613.475,99.81,120.479,125.789,95.78,154.474,155.643,99.25,37.17,36.16,35.94
2026-05-18T02:16:58+00:00,1779070618.476,99.81,120.489,125.789,95.79,154.482,155.643,99.25,37.00,36.15,35.94
2026-05-18T02:17:03+00:00,1779070623.478,99.85,120.498,125.789,95.79,154.490,155.643,99.26,36.92,36.14,35.94
2026-05-18T02:17:08+00:00,1779070628.479,99.76,120.508,125.789,95.80,154.498,155.643,99.26,36.77,36.12,35.93
2026-05-18T02:17:13+00:00,1779070633.481,99.84,120.514,125.789,95.81,154.506,155.643,99.27,37.19,36.22,35.97
2026-05-18T02:17:18+00:00,1779070638.482,99.84,120.520,125.789,95.81,154.513,155.643,99.27,37.01,36.20,35.96
2026-05-18T02:17:23+00:00,1779070643.483,99.81,120.528,125.789,95.82,154.519,155.643,99.28,36.61,36.13,35.94
2026-05-18T02:17:28+00:00,1779070648.484,99.82,120.539,125.789,95.83,154.527,155.643,99.28,36.80,36.18,35.96
2026-05-18T02:17:33+00:00,1779070653.486,99.83,120.616,125.789,95.89,154.534,155.643,99.29,36.42,36.11,35.93
2026-05-18T02:17:38+00:00,1779070658.487,99.81,120.624,125.789,95.89,154.544,155.643,99.29,36.14,36.06,35.92
2026-05-18T02:17:43+00:00,1779070663.489,99.83,120.646,125.789,95.91,154.559,155.643,99.30,35.81,35.99,35.90
2026-05-18T02:17:48+00:00,1779070668.490,99.77,120.651,125.789,95.92,154.581,155.643,99.32,35.83,35.99,35.90
2026-05-18T02:17:53+00:00,1779070673.491,99.83,120.626,125.789,95.90,154.598,155.643,99.33,36.00,36.02,35.91
2026-05-18T02:17:58+00:00,1779070678.492,99.83,120.615,125.789,95.89,154.609,155.643,99.34,36.56,36.14,35.95
2026-05-18T02:18:03+00:00,1779070683.494,99.83,120.618,125.789,95.89,154.618,155.643,99.34,36.28,36.09,35.93
2026-05-18T02:18:08+00:00,1779070688.495,99.78,120.620,125.789,95.89,154.627,155.643,99.35,35.93,36.02,35.91
2026-05-18T02:18:13+00:00,1779070693.496,99.80,120.633,125.789,95.90,154.635,155.643,99.35,35.62,35.95,35.89
2026-05-18T02:18:18+00:00,1779070698.498,99.82,120.637,125.789,95.90,154.643,155.643,99.36,35.97,36.02,35.91
2026-05-18T02:18:23+00:00,1779070703.499,99.83,120.646,125.789,95.91,154.650,155.643,99.36,36.29,36.09,35.93
2026-05-18T02:18:28+00:00,1779070708.500,99.80,120.653,125.789,95.92,154.656,155.643,99.37,36.19,36.07,35.93
2026-05-18T02:18:33+00:00,1779070713.502,99.82,120.658,125.789,95.92,154.663,155.643,99.37,36.41,36.12,35.94
2026-05-18T02:18:38+00:00,1779070718.503,99.81,120.668,125.789,95.93,154.673,155.643,99.38,36.78,36.20,35.97
2026-05-18T02:18:43+00:00,1779070723.504,99.81,120.674,125.789,95.93,154.680,155.643,99.38,37.20,36.30,36.00
2026-05-18T02:18:48+00:00,1779070728.506,99.79,120.683,125.789,95.94,154.688,155.643,99.39,37.66,36.41,36.04
2026-05-18T02:18:53+00:00,1779070733.507,99.83,120.679,125.789,95.94,154.694,155.643,99.39,37.85,36.47,36.06
2026-05-18T02:18:58+00:00,1779070738.508,99.83,120.686,125.789,95.94,154.701,155.643,99.40,37.38,36.39,36.04
2026-05-18T02:19:03+00:00,1779070743.510,99.79,120.697,125.789,95.95,154.709,155.643,99.40,36.95,36.32,36.02
2026-05-18T02:19:08+00:00,1779070748.511,99.82,120.687,125.789,95.94,154.717,155.643,99.41,37.28,36.40,36.05
2026-05-18T02:19:13+00:00,1779070753.513,99.80,120.712,125.789,95.96,154.728,155.643,99.41,37.17,36.39,36.05
2026-05-18T02:19:18+00:00,1779070758.514,99.72,120.746,125.789,95.99,154.744,155.643,99.42,36.76,36.32,36.02
2026-05-18T02:19:23+00:00,1779070763.515,99.81,120.749,125.789,95.99,154.763,155.643,99.43,36.54,36.28,36.01
2026-05-18T02:19:28+00:00,1779070768.517,99.84,120.736,125.789,95.98,154.776,155.643,99.44,36.09,36.19,35.99
2026-05-18T02:19:33+00:00,1779070773.518,99.82,120.737,125.789,95.98,154.786,155.643,99.45,35.77,36.12,35.96
2026-05-18T02:19:38+00:00,1779070778.519,99.82,120.741,125.789,95.99,154.796,155.643,99.46,35.46,36.05,35.94
2026-05-18T02:19:43+00:00,1779070783.521,99.81,120.757,125.789,96.00,154.805,155.643,99.46,35.35,36.02,35.93
2026-05-18T02:19:48+00:00,1779070788.522,99.84,120.759,125.789,96.00,154.815,155.643,99.47,35.40,36.02,35.93
2026-05-18T02:19:53+00:00,1779070793.523,99.83,120.768,125.789,96.01,154.822,155.643,99.47,35.21,35.97,35.92
2026-05-18T02:19:58+00:00,1779070798.524,99.84,120.787,125.789,96.02,154.828,155.643,99.48,35.03,35.92,35.90
2026-05-18T02:20:03+00:00,1779070803.526,99.84,120.791,125.789,96.03,154.834,155.643,99.48,35.59,36.02,35.93
2026-05-18T02:20:08+00:00,1779070808.527,99.83,120.825,125.789,96.05,154.842,155.643,99.49,35.54,36.00,35.93
2026-05-18T02:20:13+00:00,1779070813.528,99.84,120.831,125.789,96.06,154.851,155.643,99.49,35.50,35.98,35.92
2026-05-18T02:20:18+00:00,1779070818.530,99.83,120.843,125.789,96.07,154.858,155.643,99.50,35.46,35.97,35.92
2026-05-18T02:20:23+00:00,1779070823.531,99.82,120.851,125.789,96.07,154.866,155.643,99.50,36.30,36.14,35.97
2026-05-18T02:20:28+00:00,1779070828.532,99.84,120.862,125.789,96.08,154.873,155.643,99.51,35.96,36.07,35.95
2026-05-18T02:20:33+00:00,1779070833.534,99.81,120.882,125.789,96.10,154.881,155.643,99.51,35.80,36.03,35.94
2026-05-18T02:20:38+00:00,1779070838.535,99.82,120.901,125.789,96.11,154.889,155.643,99.52,36.06,36.08,35.96
2026-05-18T02:20:43+00:00,1779070843.537,99.77,120.974,125.789,96.17,154.898,155.643,99.52,36.77,36.23,36.00
2026-05-18T02:20:48+00:00,1779070848.538,99.81,120.998,125.789,96.19,154.912,155.643,99.53,36.95,36.28,36.02
2026-05-18T02:20:53+00:00,1779070853.539,99.80,121.008,125.789,96.20,154.934,155.643,99.54,36.55,36.20,36.00
2026-05-18T02:20:58+00:00,1779070858.540,99.81,120.979,125.789,96.18,154.953,155.643,99.56,37.07,36.32,36.04
2026-05-18T02:21:03+00:00,1779070863.542,99.84,120.967,125.789,96.17,154.964,155.643,99.56,36.66,36.25,36.02
2026-05-18T02:21:08+00:00,1779070868.543,99.79,120.968,125.789,96.17,154.976,155.643,99.57,36.37,36.19,36.00
2026-05-18T02:21:13+00:00,1779070873.545,99.83,120.972,125.789,96.17,154.987,155.643,99.58,36.90,36.31,36.04
2026-05-18T02:21:18+00:00,1779070878.546,99.85,120.972,125.789,96.17,154.996,155.643,99.58,36.83,36.30,36.04
2026-05-18T02:21:23+00:00,1779070883.547,99.82,120.981,125.789,96.18,155.004,155.643,99.59,37.40,36.43,36.08
2026-05-18T02:21:28+00:00,1779070888.549,99.81,120.995,125.789,96.19,155.012,155.643,99.60,37.05,36.37,36.06
2026-05-18T02:21:33+00:00,1779070893.550,99.82,120.998,125.789,96.19,155.019,155.643,99.60,36.73,36.31,36.05
2026-05-18T02:21:38+00:00,1779070898.552,99.81,121.018,125.789,96.21,155.027,155.643,99.60,36.35,36.24,36.02
2026-05-18T02:21:43+00:00,1779070903.553,99.82,121.027,125.789,96.21,155.035,155.643,99.61,36.16,36.20,36.01
2026-05-18T02:21:48+00:00,1779070908.554,99.83,121.031,125.789,96.22,155.043,155.643,99.61,35.91,36.15,36.00
2026-05-18T02:21:53+00:00,1779070913.556,99.84,121.036,125.789,96.22,155.050,155.643,99.62,35.99,36.17,36.00
2026-05-18T02:21:58+00:00,1779070918.557,99.82,121.048,125.789,96.23,155.056,155.643,99.62,35.75,36.11,35.99
2026-05-18T02:22:03+00:00,1779070923.558,99.82,121.058,125.789,96.24,155.065,155.643,99.63,35.45,36.04,35.96
2026-05-18T02:22:08+00:00,1779070928.560,99.82,121.067,125.789,96.25,155.074,155.643,99.63,35.18,35.98,35.94
2026-05-18T02:22:13+00:00,1779070933.561,99.81,121.107,125.789,96.28,155.085,155.643,99.64,35.08,35.94,35.93
2026-05-18T02:22:18+00:00,1779070938.562,99.83,121.143,125.789,96.31,155.104,155.643,99.65,35.48,36.01,35.95
2026-05-18T02:22:23+00:00,1779070943.564,99.81,121.148,125.789,96.31,155.126,155.643,99.67,36.24,36.16,36.00
2026-05-18T02:22:28+00:00,1779070948.565,99.82,121.113,125.789,96.28,155.139,155.643,99.68,36.94,36.31,36.05
2026-05-18T02:22:33+00:00,1779070953.566,99.84,121.111,125.789,96.28,155.148,155.643,99.68,36.70,36.27,36.04
2026-05-18T02:22:38+00:00,1779070958.567,99.82,121.120,125.789,96.29,155.159,155.643,99.69,37.37,36.41,36.09
2026-05-18T02:22:43+00:00,1779070963.569,99.81,121.132,125.789,96.30,155.170,155.643,99.70,36.94,36.34,36.07
2026-05-18T02:22:48+00:00,1779070968.570,99.82,121.141,125.789,96.31,155.179,155.643,99.70,37.10,36.39,36.08
2026-05-18T02:22:53+00:00,1779070973.571,99.82,121.151,125.789,96.31,155.186,155.643,99.71,36.94,36.36,36.08
2026-05-18T02:22:58+00:00,1779070978.573,99.82,121.161,125.789,96.32,155.193,155.643,99.71,37.18,36.42,36.10
2026-05-18T02:23:03+00:00,1779070983.574,99.82,121.170,125.789,96.33,155.201,155.643,99.72,36.93,36.38,36.09
2026-05-18T02:23:08+00:00,1779070988.575,99.82,121.187,125.789,96.34,155.209,155.643,99.72,36.53,36.31,36.06
2026-05-18T02:23:13+00:00,1779070993.577,99.81,121.194,125.789,96.35,155.217,155.643,99.73,36.33,36.27,36.05
2026-05-18T02:23:18+00:00,1779070998.578,99.84,121.202,125.789,96.35,155.224,155.643,99.73,36.06,36.22,36.04
2026-05-18T02:23:23+00:00,1779071003.579,99.82,121.209,125.789,96.36,155.232,155.643,99.74,36.46,36.30,36.06
2026-05-18T02:23:28+00:00,1779071008.581,99.83,121.216,125.789,96.37,155.238,155.643,99.74,36.26,36.26,36.05
2026-05-18T02:23:33+00:00,1779071013.582,99.82,121.233,125.789,96.38,155.246,155.643,99.75,36.00,36.20,36.04
2026-05-18T02:23:38+00:00,1779071018.583,99.81,121.211,125.789,96.36,155.254,155.643,99.75,35.84,36.17,36.02
2026-05-18T02:23:43+00:00,1779071023.584,99.82,121.279,125.789,96.41,155.268,155.643,99.76,35.53,36.10,36.00
2026-05-18T02:23:48+00:00,1779071028.586,99.81,121.305,125.789,96.44,155.289,155.643,99.77,36.21,36.23,36.04
2026-05-18T02:23:53+00:00,1779071033.587,99.79,121.302,125.789,96.43,155.309,155.643,99.79,36.03,36.19,36.03
2026-05-18T02:23:58+00:00,1779071038.588,99.80,121.268,125.789,96.41,155.321,155.643,99.79,35.71,36.12,36.01
2026-05-18T02:24:03+00:00,1779071043.590,99.82,121.277,125.789,96.41,155.331,155.643,99.80,35.65,36.10,36.01
2026-05-18T02:24:08+00:00,1779071048.591,99.82,121.280,125.789,96.42,155.341,155.643,99.81,36.16,36.20,36.04
2026-05-18T02:24:13+00:00,1779071053.592,99.82,121.286,125.789,96.42,155.350,155.643,99.81,35.83,36.13,36.02
2026-05-18T02:24:18+00:00,1779071058.593,99.79,121.291,125.789,96.42,155.357,155.643,99.82,36.32,36.23,36.05
2026-05-18T02:24:23+00:00,1779071063.595,99.81,121.302,125.789,96.43,155.363,155.643,99.82,37.02,36.37,36.10
2026-05-18T02:24:28+00:00,1779071068.596,99.81,121.312,125.789,96.44,155.369,155.643,99.82,36.62,36.30,36.07
2026-05-18T02:24:33+00:00,1779071073.597,99.81,121.316,125.789,96.44,155.376,155.643,99.83,36.41,36.26,36.06
2026-05-18T02:24:38+00:00,1779071078.599,99.81,121.327,125.789,96.45,155.385,155.643,99.83,36.29,36.24,36.06
2026-05-18T02:24:43+00:00,1779071083.600,99.82,121.335,125.789,96.46,155.393,155.643,99.84,36.59,36.30,36.08
2026-05-18T02:24:48+00:00,1779071088.601,99.82,121.347,125.789,96.47,155.400,155.643,99.84,36.70,36.33,36.09
2026-05-18T02:24:53+00:00,1779071093.603,99.83,121.359,125.789,96.48,155.407,155.643,99.85,36.41,36.28,36.07
2026-05-18T02:24:58+00:00,1779071098.604,99.81,121.363,125.789,96.48,155.414,155.643,99.85,36.77,36.36,36.10
2026-05-18T02:25:03+00:00,1779071103.605,99.83,121.374,125.789,96.49,155.421,155.643,99.86,36.47,36.30,36.08
2026-05-18T02:25:08+00:00,1779071108.607,99.82,121.375,125.789,96.49,155.429,155.643,99.86,36.19,36.24,36.07
2026-05-18T02:25:13+00:00,1779071113.608,99.80,121.405,125.789,96.52,155.440,155.643,99.87,36.98,36.41,36.12
2026-05-18T02:25:18+00:00,1779071118.609,99.82,121.438,125.789,96.54,155.456,155.643,99.88,37.38,36.50,36.15
2026-05-18T02:25:23+00:00,1779071123.611,99.83,121.482,125.789,96.58,155.475,155.643,99.89,37.11,36.46,36.14
2026-05-18T02:25:28+00:00,1779071128.612,99.81,121.447,125.789,96.55,155.489,155.643,99.90,36.94,36.43,36.13
2026-05-18T02:25:33+00:00,1779071133.613,99.79,121.451,125.789,96.55,155.499,155.643,99.91,36.54,36.36,36.11
2026-05-18T02:25:38+00:00,1779071138.615,99.79,121.464,125.789,96.56,155.509,155.643,99.91,36.18,36.29,36.09
2026-05-18T02:25:43+00:00,1779071143.616,99.81,121.467,125.789,96.56,155.519,155.643,99.92,35.85,36.22,36.07
2026-05-18T02:25:48+00:00,1779071148.617,99.77,121.477,125.789,96.57,155.529,155.643,99.93,36.58,36.36,36.11
2026-05-18T02:25:53+00:00,1779071153.619,99.80,121.487,125.789,96.58,155.538,155.643,99.93,36.29,36.31,36.10
2026-05-18T02:25:58+00:00,1779071158.620,99.81,121.495,125.789,96.59,155.547,155.643,99.94,36.75,36.40,36.13
2026-05-18T02:26:03+00:00,1779071163.621,99.79,121.504,125.789,96.59,155.555,155.643,99.94,37.73,36.61,36.20
2026-05-18T02:26:08+00:00,1779071168.622,99.81,121.514,125.789,96.60,155.563,155.643,99.95,37.27,36.53,36.18
2026-05-18T02:26:13+00:00,1779071173.624,99.82,121.527,125.789,96.61,155.571,155.643,99.95,37.01,36.49,36.16
2026-05-18T02:26:18+00:00,1779071178.625,99.81,121.540,125.789,96.62,155.578,155.643,99.96,37.81,36.67,36.22
2026-05-18T02:26:23+00:00,1779071183.626,99.81,121.544,125.789,96.63,155.584,155.643,99.96,37.50,36.62,36.21
2026-05-18T02:26:28+00:00,1779071188.627,99.81,121.551,125.789,96.63,155.590,155.643,99.97,38.11,36.76,36.26
2026-05-18T02:26:33+00:00,1779071193.629,99.81,121.555,125.789,96.63,155.598,155.643,99.97,38.42,36.85,36.29
2026-05-18T02:26:38+00:00,1779071198.630,99.81,121.634,125.789,96.70,155.606,155.643,99.98,37.98,36.78,36.27
2026-05-18T02:26:43+00:00,1779071203.631,99.81,121.668,125.789,96.72,155.616,155.643,99.98,37.50,36.70,36.25
2026-05-18T02:26:48+00:00,1779071208.633,99.81,121.716,125.789,96.76,155.631,155.643,99.99,37.14,36.64,36.23
2026-05-18T02:26:53+00:00,1779071213.634,99.76,121.727,125.789,96.77,155.643,155.643,100.00,36.73,36.57,36.21
2026-05-18T02:26:58+00:00,1779071218.635,98.55,121.722,125.789,96.77,155.643,155.643,100.00,36.35,36.49,36.18
2026-05-18T02:27:03+00:00,1779071223.637,96.90,121.721,125.789,96.77,155.643,155.643,100.00,35.92,36.40,36.16
2026-05-18T02:27:08+00:00,1779071228.638,96.89,121.721,125.789,96.77,155.643,155.643,100.00,35.53,36.31,36.13
2026-05-18T02:27:13+00:00,1779071233.639,96.89,121.720,125.789,96.77,155.643,155.643,100.00,35.17,36.22,36.10
2026-05-18T02:27:18+00:00,1779071238.641,96.90,121.720,125.789,96.77,155.643,155.643,100.00,34.83,36.13,36.07
2026-05-18T02:27:23+00:00,1779071243.642,97.17,121.717,125.789,96.76,155.643,155.643,100.00,34.68,36.08,36.06
2026-05-18T02:27:28+00:00,1779071248.644,96.89,121.717,125.789,96.76,155.643,155.643,100.00,34.39,36.00,36.03
2026-05-18T02:27:33+00:00,1779071253.645,96.89,121.717,125.789,96.76,155.643,155.643,100.00,34.12,35.91,36.00
2026-05-18T02:27:38+00:00,1779071258.647,96.89,121.717,125.789,96.76,155.643,155.643,100.00,33.87,35.83,35.97
2026-05-18T02:27:43+00:00,1779071263.648,96.89,121.720,125.789,96.77,155.643,155.643,100.00,33.64,35.75,35.95
2026-05-18T02:27:48+00:00,1779071268.650,96.89,121.720,125.789,96.77,155.643,155.643,100.00,33.43,35.67,35.92
2026-05-18T02:27:53+00:00,1779071273.651,96.89,121.720,125.789,96.77,155.643,155.643,100.00,33.23,35.59,35.89
2026-05-18T02:27:58+00:00,1779071278.653,96.90,121.720,125.789,96.77,155.643,155.643,100.00,33.05,35.52,35.87
2026-05-18T02:28:03+00:00,1779071283.654,96.89,121.720,125.789,96.77,155.643,155.643,100.00,32.89,35.44,35.84
2026-05-18T02:28:08+00:00,1779071288.656,96.89,121.720,125.789,96.77,155.643,155.643,100.00,32.74,35.37,35.81
2026-05-18T02:28:13+00:00,1779071293.657,96.89,121.720,125.789,96.77,155.643,155.643,100.00,32.60,35.29,35.79
2026-05-18T02:28:18+00:00,1779071298.659,97.06,121.722,125.789,96.77,155.643,155.643,100.00,32.47,35.22,35.76
2026-05-18T02:28:23+00:00,1779071303.660,96.89,121.722,125.789,96.77,155.643,155.643,100.00,32.35,35.15,35.74
2026-05-18T02:28:28+00:00,1779071308.661,96.89,121.722,125.789,96.77,155.643,155.643,100.00,32.24,35.08,35.71
2026-05-18T02:28:33+00:00,1779071313.663,96.89,121.722,125.789,96.77,155.643,155.643,100.00,32.14,35.02,35.69
2026-05-18T02:28:38+00:00,1779071318.664,96.89,121.722,125.789,96.77,155.643,155.643,100.00,32.05,34.95,35.66
2026-05-18T02:28:43+00:00,1779071323.666,96.89,121.722,125.789,96.77,155.643,155.643,100.00,31.97,34.88,35.63
2026-05-18T02:28:48+00:00,1779071328.667,96.89,121.724,125.789,96.77,155.643,155.643,100.00,31.89,34.82,35.61