iso_timestamp,unix_ts,cpu_pct,mem_used_gb,mem_total_gb,mem_pct,disk_used_gb,disk_total_gb,disk_pct,load_1m,load_5m,load_15m
2026-05-16T15:13:55+00:00,1778944435.541,99.89,43.921,125.789,34.92,72.775,155.643,46.76,36.18,35.72,35.52
2026-05-16T15:14:00+00:00,1778944440.542,99.89,43.931,125.789,34.92,72.782,155.643,46.76,35.84,35.66,35.50
2026-05-16T15:14:05+00:00,1778944445.543,99.87,43.939,125.789,34.93,72.790,155.643,46.77,36.09,35.72,35.52
2026-05-16T15:14:10+00:00,1778944450.545,99.87,43.941,125.789,34.93,72.796,155.643,46.77,35.93,35.69,35.51
2026-05-16T15:14:15+00:00,1778944455.546,99.89,43.947,125.789,34.94,72.802,155.643,46.77,35.61,35.63,35.49
2026-05-16T15:14:20+00:00,1778944460.547,99.88,43.957,125.789,34.95,72.808,155.643,46.78,35.64,35.63,35.50
2026-05-16T15:14:25+00:00,1778944465.549,99.83,43.963,125.789,34.95,72.815,155.643,46.78,36.31,35.77,35.54
2026-05-16T15:14:30+00:00,1778944470.550,99.87,44.079,125.789,35.04,72.823,155.643,46.79,36.05,35.73,35.53
2026-05-16T15:14:35+00:00,1778944475.552,99.84,44.065,125.789,35.03,72.832,155.643,46.79,36.04,35.73,35.53
2026-05-16T15:14:40+00:00,1778944480.553,99.89,44.073,125.789,35.04,72.845,155.643,46.80,35.88,35.70,35.52
2026-05-16T15:14:45+00:00,1778944485.554,99.89,44.095,125.789,35.05,72.862,155.643,46.81,35.57,35.64,35.51
2026-05-16T15:14:50+00:00,1778944490.556,99.89,44.081,125.789,35.04,72.879,155.643,46.82,35.28,35.58,35.49
2026-05-16T15:14:55+00:00,1778944495.557,99.88,44.058,125.789,35.03,72.890,155.643,46.83,35.02,35.52,35.47
2026-05-16T15:15:00+00:00,1778944500.558,99.87,44.052,125.789,35.02,72.900,155.643,46.84,34.78,35.46,35.45
2026-05-16T15:15:05+00:00,1778944505.560,99.88,44.044,125.789,35.01,72.909,155.643,46.84,34.95,35.49,35.46
2026-05-16T15:15:10+00:00,1778944510.561,99.88,44.062,125.789,35.03,72.918,155.643,46.85,34.72,35.43,35.44
2026-05-16T15:15:15+00:00,1778944515.562,99.88,44.068,125.789,35.03,72.927,155.643,46.86,34.58,35.39,35.42
2026-05-16T15:15:20+00:00,1778944520.564,99.86,44.072,125.789,35.04,72.935,155.643,46.86,34.37,35.33,35.41
2026-05-16T15:15:25+00:00,1778944525.565,99.88,44.079,125.789,35.04,72.942,155.643,46.87,34.50,35.34,35.41
2026-05-16T15:15:30+00:00,1778944530.566,99.88,44.088,125.789,35.05,72.949,155.643,46.87,34.30,35.29,35.39
2026-05-16T15:15:35+00:00,1778944535.568,99.88,44.096,125.789,35.06,72.956,155.643,46.87,34.20,35.25,35.38
2026-05-16T15:15:40+00:00,1778944540.569,99.86,44.105,125.789,35.06,72.964,155.643,46.88,34.34,35.26,35.38
2026-05-16T15:15:45+00:00,1778944545.570,99.87,44.110,125.789,35.07,72.972,155.643,46.88,34.24,35.23,35.37
2026-05-16T15:15:50+00:00,1778944550.572,99.88,44.118,125.789,35.07,72.978,155.643,46.89,35.26,35.42,35.43
2026-05-16T15:15:55+00:00,1778944555.573,99.89,44.123,125.789,35.08,72.985,155.643,46.89,35.16,35.40,35.42
2026-05-16T15:16:00+00:00,1778944560.574,99.87,44.134,125.789,35.09,72.993,155.643,46.90,34.90,35.34,35.40
2026-05-16T15:16:05+00:00,1778944565.576,99.88,44.244,125.789,35.17,73.000,155.643,46.90,35.07,35.37,35.41
2026-05-16T15:16:10+00:00,1778944570.577,99.87,44.234,125.789,35.17,73.010,155.643,46.91,35.31,35.41,35.43
2026-05-16T15:16:15+00:00,1778944575.578,99.86,44.265,125.789,35.19,73.023,155.643,46.92,35.28,35.41,35.42
2026-05-16T15:16:20+00:00,1778944580.580,99.87,44.267,125.789,35.19,73.042,155.643,46.93,35.02,35.35,35.41
2026-05-16T15:16:25+00:00,1778944585.581,99.87,44.249,125.789,35.18,73.061,155.643,46.94,34.70,35.28,35.38
2026-05-16T15:16:30+00:00,1778944590.582,99.86,44.221,125.789,35.15,73.074,155.643,46.95,34.56,35.24,35.37
2026-05-16T15:16:35+00:00,1778944595.584,99.87,44.223,125.789,35.16,73.085,155.643,46.96,34.35,35.18,35.35
2026-05-16T15:16:40+00:00,1778944600.585,99.87,44.212,125.789,35.15,73.095,155.643,46.96,34.97,35.30,35.39
2026-05-16T15:16:45+00:00,1778944605.586,99.86,44.223,125.789,35.16,73.104,155.643,46.97,34.81,35.26,35.37
2026-05-16T15:16:50+00:00,1778944610.588,99.87,44.220,125.789,35.15,73.113,155.643,46.97,35.47,35.39,35.41
2026-05-16T15:16:55+00:00,1778944615.589,99.87,44.227,125.789,35.16,73.121,155.643,46.98,35.51,35.40,35.42
2026-05-16T15:17:00+00:00,1778944620.590,99.87,44.233,125.789,35.16,73.127,155.643,46.98,35.31,35.36,35.40
2026-05-16T15:17:05+00:00,1778944625.592,99.88,44.248,125.789,35.18,73.135,155.643,46.99,35.44,35.39,35.41
2026-05-16T15:17:10+00:00,1778944630.593,99.88,44.255,125.789,35.18,73.142,155.643,46.99,35.17,35.33,35.39
2026-05-16T15:17:15+00:00,1778944635.594,99.87,44.261,125.789,35.19,73.150,155.643,47.00,35.15,35.32,35.39
2026-05-16T15:17:20+00:00,1778944640.596,99.88,44.269,125.789,35.19,73.157,155.643,47.00,34.90,35.27,35.37
2026-05-16T15:17:25+00:00,1778944645.597,99.87,44.290,125.789,35.21,73.163,155.643,47.01,35.31,35.35,35.40
2026-05-16T15:17:30+00:00,1778944650.598,99.87,44.300,125.789,35.22,73.171,155.643,47.01,35.93,35.47,35.44
2026-05-16T15:17:35+00:00,1778944655.600,99.88,44.303,125.789,35.22,73.179,155.643,47.02,35.61,35.42,35.42
2026-05-16T15:17:40+00:00,1778944660.601,99.85,44.419,125.789,35.31,73.188,155.643,47.02,35.40,35.38,35.41
2026-05-16T15:17:45+00:00,1778944665.602,99.89,44.408,125.789,35.30,73.200,155.643,47.03,35.13,35.32,35.39
2026-05-16T15:17:50+00:00,1778944670.604,99.89,44.403,125.789,35.30,73.218,155.643,47.04,34.96,35.28,35.38
2026-05-16T15:17:55+00:00,1778944675.605,99.89,44.399,125.789,35.30,73.237,155.643,47.05,35.60,35.41,35.42
2026-05-16T15:18:00+00:00,1778944680.606,99.89,44.382,125.789,35.28,73.251,155.643,47.06,35.31,35.35,35.40
2026-05-16T15:18:05+00:00,1778944685.608,99.89,44.381,125.789,35.28,73.261,155.643,47.07,35.29,35.35,35.40
2026-05-16T15:18:10+00:00,1778944690.609,99.88,44.367,125.789,35.27,73.272,155.643,47.08,35.10,35.31,35.38
2026-05-16T15:18:15+00:00,1778944695.610,99.88,44.362,125.789,35.27,73.281,155.643,47.08,35.66,35.42,35.42
2026-05-16T15:18:20+00:00,1778944700.612,99.87,44.369,125.789,35.27,73.289,155.643,47.09,35.85,35.46,35.43
2026-05-16T15:18:25+00:00,1778944705.613,99.87,44.375,125.789,35.28,73.297,155.643,47.09,35.54,35.40,35.41
2026-05-16T15:18:30+00:00,1778944710.614,99.87,44.384,125.789,35.28,73.304,155.643,47.10,35.41,35.38,35.41
2026-05-16T15:18:35+00:00,1778944715.616,99.86,44.390,125.789,35.29,73.312,155.643,47.10,35.78,35.46,35.43
2026-05-16T15:18:40+00:00,1778944720.617,99.89,44.400,125.789,35.30,73.319,155.643,47.11,35.72,35.45,35.43
2026-05-16T15:18:45+00:00,1778944725.618,99.88,44.411,125.789,35.31,73.326,155.643,47.11,35.50,35.41,35.42
2026-05-16T15:18:50+00:00,1778944730.620,99.86,44.421,125.789,35.31,73.332,155.643,47.12,35.78,35.47,35.44
2026-05-16T15:18:55+00:00,1778944735.621,99.87,44.430,125.789,35.32,73.338,155.643,47.12,35.48,35.41,35.42
2026-05-16T15:19:00+00:00,1778944740.622,99.89,44.433,125.789,35.32,73.345,155.643,47.12,35.68,35.45,35.43
2026-05-16T15:19:05+00:00,1778944745.624,99.87,44.438,125.789,35.33,73.353,155.643,47.13,35.38,35.40,35.41
2026-05-16T15:19:10+00:00,1778944750.625,99.88,44.561,125.789,35.43,73.363,155.643,47.14,35.59,35.44,35.43
2026-05-16T15:19:15+00:00,1778944755.626,99.87,44.550,125.789,35.42,73.375,155.643,47.14,35.31,35.38,35.41
2026-05-16T15:19:20+00:00,1778944760.628,99.86,44.567,125.789,35.43,73.391,155.643,47.15,35.12,35.34,35.39
2026-05-16T15:19:25+00:00,1778944765.629,99.87,44.562,125.789,35.43,73.411,155.643,47.17,35.03,35.32,35.39
2026-05-16T15:19:30+00:00,1778944770.630,99.90,44.547,125.789,35.41,73.428,155.643,47.18,34.87,35.28,35.37
2026-05-16T15:19:35+00:00,1778944775.632,99.89,44.531,125.789,35.40,73.438,155.643,47.18,34.64,35.23,35.36
2026-05-16T15:19:40+00:00,1778944780.633,99.87,44.528,125.789,35.40,73.449,155.643,47.19,34.43,35.17,35.34
2026-05-16T15:19:45+00:00,1778944785.634,99.88,44.517,125.789,35.39,73.459,155.643,47.20,34.31,35.14,35.32
2026-05-16T15:19:50+00:00,1778944790.636,99.87,44.514,125.789,35.39,73.468,155.643,47.20,34.29,35.12,35.32
2026-05-16T15:19:55+00:00,1778944795.637,99.88,44.516,125.789,35.39,73.477,155.643,47.21,34.10,35.07,35.30
2026-05-16T15:20:00+00:00,1778944800.638,99.88,44.524,125.789,35.40,73.484,155.643,47.21,34.02,35.03,35.29
2026-05-16T15:20:05+00:00,1778944805.640,99.88,44.531,125.789,35.40,73.491,155.643,47.22,34.57,35.13,35.32
2026-05-16T15:20:10+00:00,1778944810.641,99.87,44.535,125.789,35.40,73.500,155.643,47.22,35.17,35.25,35.35
2026-05-16T15:20:15+00:00,1778944815.642,99.89,44.546,125.789,35.41,73.508,155.643,47.23,35.56,35.32,35.38
2026-05-16T15:20:20+00:00,1778944820.644,99.89,44.551,125.789,35.42,73.516,155.643,47.23,35.99,35.42,35.41
2026-05-16T15:20:25+00:00,1778944825.645,99.87,44.559,125.789,35.42,73.521,155.643,47.24,35.67,35.36,35.39
2026-05-16T15:20:30+00:00,1778944830.646,99.87,44.566,125.789,35.43,73.528,155.643,47.24,35.46,35.32,35.38
2026-05-16T15:20:35+00:00,1778944835.648,99.87,44.568,125.789,35.43,73.536,155.643,47.25,35.26,35.28,35.36
2026-05-16T15:20:40+00:00,1778944840.649,99.89,44.673,125.789,35.51,73.545,155.643,47.25,35.08,35.25,35.35
2026-05-16T15:20:45+00:00,1778944845.650,99.87,44.666,125.789,35.51,73.555,155.643,47.26,34.99,35.22,35.34
2026-05-16T15:20:50+00:00,1778944850.651,99.91,44.671,125.789,35.51,73.569,155.643,47.27,34.99,35.22,35.34
2026-05-16T15:20:55+00:00,1778944855.653,99.88,44.671,125.789,35.51,73.588,155.643,47.28,34.91,35.20,35.33
2026-05-16T15:21:00+00:00,1778944860.654,99.89,44.658,125.789,35.50,73.604,155.643,47.29,34.68,35.15,35.32
2026-05-16T15:21:05+00:00,1778944865.656,99.87,44.647,125.789,35.49,73.613,155.643,47.30,34.47,35.09,35.30
2026-05-16T15:21:10+00:00,1778944870.657,99.88,44.644,125.789,35.49,73.624,155.643,47.30,35.23,35.24,35.35
2026-05-16T15:21:15+00:00,1778944875.658,99.88,44.629,125.789,35.48,73.634,155.643,47.31,35.21,35.24,35.34
2026-05-16T15:21:20+00:00,1778944880.660,99.89,44.645,125.789,35.49,73.644,155.643,47.32,34.95,35.18,35.33
2026-05-16T15:21:25+00:00,1778944885.661,99.88,44.652,125.789,35.50,73.652,155.643,47.32,35.04,35.20,35.33
2026-05-16T15:21:30+00:00,1778944890.662,99.89,44.659,125.789,35.50,73.660,155.643,47.33,34.87,35.16,35.32
2026-05-16T15:21:35+00:00,1778944895.664,99.89,44.666,125.789,35.51,73.669,155.643,47.33,34.72,35.12,35.30
2026-05-16T15:21:40+00:00,1778944900.665,99.87,44.675,125.789,35.52,73.676,155.643,47.34,34.59,35.09,35.29
2026-05-16T15:21:45+00:00,1778944905.666,99.88,44.686,125.789,35.52,73.684,155.643,47.34,34.46,35.05,35.28
2026-05-16T15:21:50+00:00,1778944910.668,99.88,44.692,125.789,35.53,73.690,155.643,47.35,34.42,35.04,35.27
2026-05-16T15:21:55+00:00,1778944915.669,99.86,44.705,125.789,35.54,73.696,155.643,47.35,34.47,35.04,35.27
2026-05-16T15:22:00+00:00,1778944920.670,99.87,44.728,125.789,35.56,73.702,155.643,47.35,35.47,35.23,35.33
2026-05-16T15:22:05+00:00,1778944925.672,99.89,44.739,125.789,35.57,73.710,155.643,47.36,35.51,35.25,35.34
2026-05-16T15:22:10+00:00,1778944930.673,99.88,44.839,125.789,35.65,73.718,155.643,47.36,35.31,35.21,35.32
2026-05-16T15:22:15+00:00,1778944935.674,99.91,44.836,125.789,35.64,73.728,155.643,47.37,35.29,35.21,35.32
2026-05-16T15:22:20+00:00,1778944940.676,99.88,44.846,125.789,35.65,73.743,155.643,47.38,35.50,35.25,35.34
2026-05-16T15:22:25+00:00,1778944945.677,99.87,44.847,125.789,35.65,73.760,155.643,47.39,35.62,35.28,35.35
2026-05-16T15:22:30+00:00,1778944950.678,99.88,44.838,125.789,35.65,73.778,155.643,47.40,35.41,35.24,35.33
2026-05-16T15:22:35+00:00,1778944955.680,99.89,44.822,125.789,35.63,73.791,155.643,47.41,35.78,35.32,35.36
2026-05-16T15:22:40+00:00,1778944960.681,99.87,44.807,125.789,35.62,73.802,155.643,47.42,35.96,35.37,35.37
2026-05-16T15:22:45+00:00,1778944965.683,99.90,44.806,125.789,35.62,73.812,155.643,47.42,36.20,35.43,35.39
2026-05-16T15:22:50+00:00,1778944970.684,99.87,44.816,125.789,35.63,73.822,155.643,47.43,35.87,35.37,35.37
2026-05-16T15:22:55+00:00,1778944975.685,99.89,44.829,125.789,35.64,73.830,155.643,47.44,35.56,35.31,35.36
2026-05-16T15:23:00+00:00,1778944980.686,99.87,44.837,125.789,35.64,73.838,155.643,47.44,35.51,35.31,35.35
2026-05-16T15:23:05+00:00,1778944985.688,99.87,44.844,125.789,35.65,73.844,155.643,47.44,35.23,35.25,35.34
2026-05-16T15:23:10+00:00,1778944990.689,99.87,44.854,125.789,35.66,73.853,155.643,47.45,35.13,35.23,35.33
2026-05-16T15:23:15+00:00,1778944995.690,99.85,44.863,125.789,35.67,73.861,155.643,47.46,35.12,35.23,35.33
2026-05-16T15:23:20+00:00,1778945000.692,99.86,44.874,125.789,35.67,73.869,155.643,47.46,34.95,35.19,35.31
2026-05-16T15:23:25+00:00,1778945005.693,99.87,44.884,125.789,35.68,73.876,155.643,47.47,35.84,35.37,35.37
2026-05-16T15:23:30+00:00,1778945010.694,99.87,44.890,125.789,35.69,73.881,155.643,47.47,36.25,35.47,35.40
2026-05-16T15:23:35+00:00,1778945015.696,99.88,44.906,125.789,35.70,73.888,155.643,47.47,36.07,35.44,35.39
2026-05-16T15:23:40+00:00,1778945020.697,99.88,44.903,125.789,35.70,73.895,155.643,47.48,35.82,35.40,35.38
2026-05-16T15:23:45+00:00,1778945025.699,99.86,45.002,125.789,35.78,73.903,155.643,47.48,36.08,35.46,35.40
2026-05-16T15:23:50+00:00,1778945030.700,99.89,44.993,125.789,35.77,73.912,155.643,47.49,36.23,35.50,35.41
2026-05-16T15:23:55+00:00,1778945035.701,99.88,45.001,125.789,35.78,73.924,155.643,47.50,36.61,35.59,35.44
2026-05-16T15:24:00+00:00,1778945040.702,99.89,45.002,125.789,35.78,73.943,155.643,47.51,36.24,35.53,35.43
2026-05-16T15:24:05+00:00,1778945045.704,99.89,45.006,125.789,35.78,73.960,155.643,47.52,36.06,35.51,35.42
2026-05-16T15:24:10+00:00,1778945050.705,99.88,44.984,125.789,35.76,73.972,155.643,47.53,36.06,35.52,35.42
2026-05-16T15:24:15+00:00,1778945055.706,99.90,44.984,125.789,35.76,73.982,155.643,47.53,35.97,35.51,35.42
2026-05-16T15:24:20+00:00,1778945060.708,99.87,44.974,125.789,35.75,73.992,155.643,47.54,36.30,35.58,35.44
2026-05-16T15:24:25+00:00,1778945065.709,99.87,44.982,125.789,35.76,74.001,155.643,47.55,36.03,35.54,35.43
2026-05-16T15:24:30+00:00,1778945070.710,99.90,44.967,125.789,35.75,74.010,155.643,47.55,35.71,35.48,35.41
2026-05-16T15:24:35+00:00,1778945075.712,99.89,44.978,125.789,35.76,74.016,155.643,47.55,35.97,35.54,35.43
2026-05-16T15:24:40+00:00,1778945080.713,99.87,44.994,125.789,35.77,74.022,155.643,47.56,35.65,35.48,35.41
2026-05-16T15:24:45+00:00,1778945085.714,99.86,44.987,125.789,35.76,74.029,155.643,47.56,35.36,35.42,35.39
2026-05-16T15:24:50+00:00,1778945090.716,99.87,44.981,125.789,35.76,74.037,155.643,47.57,36.13,35.58,35.45
2026-05-16T15:24:55+00:00,1778945095.717,99.89,44.991,125.789,35.77,74.044,155.643,47.57,35.88,35.54,35.43
2026-05-16T15:25:00+00:00,1778945100.719,99.89,44.973,125.789,35.75,74.050,155.643,47.58,35.57,35.48,35.41
2026-05-16T15:25:05+00:00,1778945105.720,99.89,44.986,125.789,35.76,74.056,155.643,47.58,36.73,35.72,35.49
2026-05-16T15:25:10+00:00,1778945110.721,99.89,45.010,125.789,35.78,74.062,155.643,47.58,36.35,35.66,35.47
2026-05-16T15:25:15+00:00,1778945115.723,99.87,45.011,125.789,35.78,74.068,155.643,47.59,36.00,35.60,35.46
2026-05-16T15:25:20+00:00,1778945120.724,99.87,45.025,125.789,35.79,74.076,155.643,47.59,35.68,35.54,35.44
2026-05-16T15:25:25+00:00,1778945125.725,99.88,45.106,125.789,35.86,74.084,155.643,47.60,35.38,35.48,35.42
2026-05-16T15:25:30+00:00,1778945130.727,99.87,45.106,125.789,35.86,74.096,155.643,47.61,35.99,35.60,35.46
2026-05-16T15:25:35+00:00,1778945135.728,99.87,45.115,125.789,35.87,74.110,155.643,47.62,35.91,35.59,35.46
2026-05-16T15:25:40+00:00,1778945140.730,99.87,45.116,125.789,35.87,74.130,155.643,47.63,36.48,35.72,35.50
2026-05-16T15:25:45+00:00,1778945145.731,99.89,45.104,125.789,35.86,74.147,155.643,47.64,37.16,35.87,35.55
2026-05-16T15:25:50+00:00,1778945150.732,99.87,45.079,125.789,35.84,74.157,155.643,47.65,36.83,35.82,35.53
2026-05-16T15:25:55+00:00,1778945155.734,99.88,45.085,125.789,35.84,74.167,155.643,47.65,36.44,35.76,35.51
2026-05-16T15:26:00+00:00,1778945160.735,99.89,45.041,125.789,35.81,74.176,155.643,47.66,36.09,35.70,35.50
2026-05-16T15:26:05+00:00,1778945165.736,99.89,45.048,125.789,35.81,74.184,155.643,47.66,36.24,35.73,35.51
2026-05-16T15:26:10+00:00,1778945170.738,99.86,45.054,125.789,35.82,74.192,155.643,47.67,35.82,35.66,35.48
2026-05-16T15:26:15+00:00,1778945175.739,99.88,45.065,125.789,35.83,74.200,155.643,47.67,35.75,35.64,35.48
2026-05-16T15:26:20+00:00,1778945180.740,99.86,45.076,125.789,35.83,74.207,155.643,47.68,35.45,35.58,35.46
2026-05-16T15:26:25+00:00,1778945185.742,99.87,45.079,125.789,35.84,74.214,155.643,47.68,35.26,35.54,35.45
2026-05-16T15:26:30+00:00,1778945190.743,99.87,45.087,125.789,35.84,74.222,155.643,47.69,35.24,35.53,35.45
2026-05-16T15:26:35+00:00,1778945195.745,99.89,45.087,125.789,35.84,74.231,155.643,47.69,35.22,35.52,35.44
2026-05-16T15:26:40+00:00,1778945200.746,99.87,45.092,125.789,35.85,74.239,155.643,47.70,35.04,35.48,35.43
2026-05-16T15:26:45+00:00,1778945205.747,99.88,45.096,125.789,35.85,74.246,155.643,47.70,34.80,35.42,35.41
2026-05-16T15:26:50+00:00,1778945210.749,99.87,45.109,125.789,35.86,74.253,155.643,47.71,34.65,35.38,35.40
2026-05-16T15:26:55+00:00,1778945215.750,99.88,45.139,125.789,35.88,74.260,155.643,47.71,34.60,35.36,35.39
2026-05-16T15:27:00+00:00,1778945220.751,99.89,45.217,125.789,35.95,74.266,155.643,47.72,34.47,35.32,35.38
2026-05-16T15:27:05+00:00,1778945225.753,99.87,45.204,125.789,35.94,74.277,155.643,47.72,34.75,35.36,35.39
2026-05-16T15:27:10+00:00,1778945230.754,99.89,45.228,125.789,35.96,74.291,155.643,47.73,35.49,35.51,35.44
2026-05-16T15:27:15+00:00,1778945235.755,99.90,45.228,125.789,35.96,74.309,155.643,47.74,35.78,35.57,35.46
2026-05-16T15:27:20+00:00,1778945240.757,99.87,45.216,125.789,35.95,74.324,155.643,47.75,35.55,35.52,35.44
2026-05-16T15:27:25+00:00,1778945245.758,99.87,45.195,125.789,35.93,74.334,155.643,47.76,35.27,35.46,35.43
2026-05-16T15:27:30+00:00,1778945250.759,99.89,45.198,125.789,35.93,74.344,155.643,47.77,35.17,35.44,35.42
2026-05-16T15:27:35+00:00,1778945255.761,99.87,45.193,125.789,35.93,74.354,155.643,47.77,34.99,35.40,35.41
2026-05-16T15:27:40+00:00,1778945260.762,99.87,45.202,125.789,35.94,74.363,155.643,47.78,35.55,35.51,35.44
2026-05-16T15:27:45+00:00,1778945265.763,99.89,45.210,125.789,35.94,74.371,155.643,47.78,36.23,35.65,35.49
2026-05-16T15:27:50+00:00,1778945270.765,99.87,45.224,125.789,35.95,74.377,155.643,47.79,35.89,35.59,35.47
2026-05-16T15:27:55+00:00,1778945275.766,99.87,45.230,125.789,35.96,74.385,155.643,47.79,35.66,35.55,35.45
2026-05-16T15:28:00+00:00,1778945280.767,99.89,45.238,125.789,35.96,74.392,155.643,47.80,35.93,35.60,35.47
2026-05-16T15:28:05+00:00,1778945285.769,99.87,45.260,125.789,35.98,74.399,155.643,47.80,35.61,35.54,35.45
2026-05-16T15:28:10+00:00,1778945290.770,99.88,45.270,125.789,35.99,74.406,155.643,47.81,35.40,35.50,35.44
2026-05-16T15:28:15+00:00,1778945295.771,99.88,45.306,125.789,36.02,74.413,155.643,47.81,36.01,35.63,35.48
2026-05-16T15:28:20+00:00,1778945300.773,99.87,45.332,125.789,36.04,74.419,155.643,47.81,35.69,35.57,35.46
2026-05-16T15:28:25+00:00,1778945305.774,99.86,45.331,125.789,36.04,74.426,155.643,47.82,35.47,35.52,35.45
2026-05-16T15:28:30+00:00,1778945310.775,99.88,45.336,125.789,36.04,74.434,155.643,47.82,35.20,35.46,35.43
2026-05-16T15:28:35+00:00,1778945315.777,99.87,45.446,125.789,36.13,74.444,155.643,47.83,34.94,35.41,35.41
2026-05-16T15:28:40+00:00,1778945320.779,99.87,45.452,125.789,36.13,74.456,155.643,47.84,35.75,35.57,35.46
2026-05-16T15:28:45+00:00,1778945325.780,99.87,45.457,125.789,36.14,74.472,155.643,47.85,35.61,35.54,35.46
2026-05-16T15:28:50+00:00,1778945330.781,99.88,45.469,125.789,36.15,74.493,155.643,47.86,35.32,35.48,35.44
2026-05-16T15:28:55+00:00,1778945335.783,99.89,45.439,125.789,36.12,74.507,155.643,47.87,35.05,35.42,35.42
2026-05-16T15:29:00+00:00,1778945340.784,99.88,45.434,125.789,36.12,74.518,155.643,47.88,35.37,35.48,35.44
2026-05-16T15:29:05+00:00,1778945345.785,99.87,45.441,125.789,36.12,74.528,155.643,47.88,35.50,35.51,35.45
2026-05-16T15:29:10+00:00,1778945350.786,99.88,45.437,125.789,36.12,74.538,155.643,47.89,35.46,35.50,35.44
2026-05-16T15:29:15+00:00,1778945355.788,99.86,45.446,125.789,36.13,74.546,155.643,47.90,35.74,35.56,35.46
2026-05-16T15:29:20+00:00,1778945360.789,99.88,45.445,125.789,36.13,74.554,155.643,47.90,35.44,35.50,35.44
2026-05-16T15:29:25+00:00,1778945365.790,99.87,45.451,125.789,36.13,74.561,155.643,47.91,34.93,35.39,35.41
2026-05-16T15:29:30+00:00,1778945370.792,99.87,45.457,125.789,36.14,74.568,155.643,47.91,34.69,35.33,35.39
2026-05-16T15:29:35+00:00,1778945375.793,99.89,45.466,125.789,36.14,74.576,155.643,47.91,34.80,35.34,35.39
2026-05-16T15:29:40+00:00,1778945380.794,99.88,45.489,125.789,36.16,74.584,155.643,47.92,35.05,35.39,35.41
2026-05-16T15:29:45+00:00,1778945385.795,99.89,45.495,125.789,36.17,74.593,155.643,47.93,34.81,35.33,35.39
2026-05-16T15:29:50+00:00,1778945390.797,99.88,45.504,125.789,36.17,74.600,155.643,47.93,35.30,35.43,35.42
2026-05-16T15:29:55+00:00,1778945395.798,99.87,45.506,125.789,36.18,74.606,155.643,47.93,35.36,35.44,35.42
2026-05-16T15:30:00+00:00,1778945400.799,99.89,45.508,125.789,36.18,74.613,155.643,47.94,35.89,35.55,35.46
2026-05-16T15:30:05+00:00,1778945405.800,99.88,45.497,125.789,36.17,74.620,155.643,47.94,35.58,35.49,35.44
2026-05-16T15:30:10+00:00,1778945410.802,99.86,45.585,125.789,36.24,74.628,155.643,47.95,35.29,35.43,35.42
2026-05-16T15:30:15+00:00,1778945415.803,99.87,45.577,125.789,36.23,74.639,155.643,47.96,35.03,35.37,35.40
2026-05-16T15:30:20+00:00,1778945420.804,99.87,45.582,125.789,36.24,74.656,155.643,47.97,35.19,35.40,35.41
2026-05-16T15:30:25+00:00,1778945425.806,99.89,45.584,125.789,36.24,74.676,155.643,47.98,35.57,35.48,35.44
2026-05-16T15:30:30+00:00,1778945430.807,99.88,45.542,125.789,36.21,74.691,155.643,47.99,36.33,35.63,35.49
2026-05-16T15:30:35+00:00,1778945435.808,99.88,45.542,125.789,36.21,74.701,155.643,48.00,36.94,35.77,35.53
2026-05-16T15:30:40+00:00,1778945440.810,99.89,45.535,125.789,36.20,74.711,155.643,48.00,37.91,35.99,35.61
2026-05-16T15:30:45+00:00,1778945445.811,99.88,45.529,125.789,36.19,74.721,155.643,48.01,37.43,35.93,35.59
2026-05-16T15:30:50+00:00,1778945450.812,99.89,45.538,125.789,36.20,74.730,155.643,48.01,37.56,35.98,35.61
2026-05-16T15:30:55+00:00,1778945455.814,99.87,45.547,125.789,36.21,74.737,155.643,48.02,37.12,35.91,35.59
2026-05-16T15:31:00+00:00,1778945460.815,99.89,45.557,125.789,36.22,74.744,155.643,48.02,37.35,35.98,35.61
2026-05-16T15:31:05+00:00,1778945465.816,99.87,45.567,125.789,36.22,74.751,155.643,48.03,37.72,36.08,35.65
2026-05-16T15:31:10+00:00,1778945470.818,99.87,45.581,125.789,36.24,74.758,155.643,48.03,37.34,36.03,35.63
2026-05-16T15:31:15+00:00,1778945475.819,99.87,45.583,125.789,36.24,74.766,155.643,48.04,36.91,35.96,35.61
2026-05-16T15:31:20+00:00,1778945480.820,99.89,45.591,125.789,36.24,74.774,155.643,48.04,36.52,35.90,35.59
2026-05-16T15:31:25+00:00,1778945485.822,99.87,45.596,125.789,36.25,74.781,155.643,48.05,36.48,35.90,35.59
2026-05-16T15:31:30+00:00,1778945490.823,99.87,45.608,125.789,36.26,74.787,155.643,48.05,36.20,35.85,35.58
2026-05-16T15:31:35+00:00,1778945495.824,99.87,45.619,125.789,36.27,74.795,155.643,48.06,35.94,35.80,35.57
2026-05-16T15:31:40+00:00,1778945500.826,99.86,45.729,125.789,36.35,74.803,155.643,48.06,36.83,35.99,35.63
2026-05-16T15:31:45+00:00,1778945505.827,99.87,45.722,125.789,36.35,74.814,155.643,48.07,36.44,35.92,35.61
2026-05-16T15:31:50+00:00,1778945510.828,99.86,45.752,125.789,36.37,74.827,155.643,48.08,36.09,35.86,35.59
2026-05-16T15:31:55+00:00,1778945515.829,99.88,45.748,125.789,36.37,74.846,155.643,48.09,35.84,35.81,35.57
2026-05-16T15:32:00+00:00,1778945520.831,99.89,45.740,125.789,36.36,74.865,155.643,48.10,35.69,35.78,35.57
2026-05-16T15:32:05+00:00,1778945525.832,99.89,45.723,125.789,36.35,74.877,155.643,48.11,35.56,35.75,35.56
2026-05-16T15:32:10+00:00,1778945530.834,99.88,45.723,125.789,36.35,74.888,155.643,48.12,35.27,35.69,35.54
2026-05-16T15:32:15+00:00,1778945535.835,99.88,45.705,125.789,36.33,74.898,155.643,48.12,36.53,35.94,35.62
2026-05-16T15:32:20+00:00,1778945540.836,99.87,45.709,125.789,36.34,74.907,155.643,48.13,36.17,35.87,35.60
2026-05-16T15:32:25+00:00,1778945545.838,99.87,45.713,125.789,36.34,74.916,155.643,48.13,35.91,35.83,35.59
2026-05-16T15:32:30+00:00,1778945550.839,99.87,45.721,125.789,36.35,74.925,155.643,48.14,35.60,35.76,35.57
2026-05-16T15:32:35+00:00,1778945555.840,99.89,45.727,125.789,36.35,74.932,155.643,48.14,35.55,35.75,35.56
2026-05-16T15:32:40+00:00,1778945560.842,99.87,45.730,125.789,36.35,74.940,155.643,48.15,35.27,35.69,35.54
2026-05-16T15:32:45+00:00,1778945565.843,99.87,45.739,125.789,36.36,74.949,155.643,48.15,35.00,35.63,35.53
2026-05-16T15:32:50+00:00,1778945570.845,99.87,45.752,125.789,36.37,74.958,155.643,48.16,34.92,35.60,35.52
2026-05-16T15:32:55+00:00,1778945575.846,99.87,45.761,125.789,36.38,74.966,155.643,48.17,34.69,35.54,35.50
2026-05-16T15:33:00+00:00,1778945580.847,99.88,45.769,125.789,36.39,74.973,155.643,48.17,34.95,35.58,35.51
2026-05-16T15:33:05+00:00,1778945585.849,99.88,45.773,125.789,36.39,74.981,155.643,48.17,35.28,35.64,35.53
2026-05-16T15:33:10+00:00,1778945590.850,99.87,45.875,125.789,36.47,74.988,155.643,48.18,35.26,35.63,35.53
2026-05-16T15:33:15+00:00,1778945595.851,99.87,45.865,125.789,36.46,74.997,155.643,48.19,35.08,35.58,35.51
2026-05-16T15:33:20+00:00,1778945600.853,99.88,45.869,125.789,36.46,75.011,155.643,48.19,35.31,35.62,35.53
2026-05-16T15:33:25+00:00,1778945605.854,99.88,45.864,125.789,36.46,75.030,155.643,48.21,35.69,35.70,35.55
2026-05-16T15:33:30+00:00,1778945610.855,99.87,45.862,125.789,36.46,75.046,155.643,48.22,36.67,35.90,35.62
2026-05-16T15:33:35+00:00,1778945615.856,99.87,45.839,125.789,36.44,75.058,155.643,48.22,36.30,35.83,35.60
2026-05-16T15:33:40+00:00,1778945620.858,99.87,45.845,125.789,36.45,75.068,155.643,48.23,35.95,35.77,35.58
2026-05-16T15:33:45+00:00,1778945625.859,99.87,45.839,125.789,36.44,75.078,155.643,48.24,35.96,35.77,35.58
2026-05-16T15:33:50+00:00,1778945630.860,99.88,45.841,125.789,36.44,75.088,155.643,48.24,35.96,35.78,35.58
2026-05-16T15:33:55+00:00,1778945635.862,99.86,45.853,125.789,36.45,75.096,155.643,48.25,35.72,35.73,35.57
2026-05-16T15:34:00+00:00,1778945640.863,99.87,45.861,125.789,36.46,75.103,155.643,48.25,35.83,35.75,35.58
2026-05-16T15:34:05+00:00,1778945645.864,99.88,45.873,125.789,36.47,75.110,155.643,48.26,36.40,35.87,35.62
2026-05-16T15:34:10+00:00,1778945650.866,99.88,45.880,125.789,36.47,75.118,155.643,48.26,36.13,35.83,35.60
2026-05-16T15:34:15+00:00,1778945655.867,99.87,45.892,125.789,36.48,75.124,155.643,48.27,36.52,35.91,35.63
2026-05-16T15:34:20+00:00,1778945660.868,99.87,45.897,125.789,36.49,75.131,155.643,48.27,36.16,35.85,35.61
2026-05-16T15:34:25+00:00,1778945665.870,99.87,45.909,125.789,36.50,75.138,155.643,48.28,36.54,35.93,35.64
2026-05-16T15:34:30+00:00,1778945670.871,99.89,45.914,125.789,36.50,75.145,155.643,48.28,37.38,36.12,35.70
2026-05-16T15:34:35+00:00,1778945675.872,99.89,45.928,125.789,36.51,75.152,155.643,48.28,37.03,36.07,35.69
2026-05-16T15:34:40+00:00,1778945680.875,99.87,45.942,125.789,36.52,75.160,155.643,48.29,36.23,35.91,35.64
2026-05-16T15:34:45+00:00,1778945685.877,99.89,46.040,125.789,36.60,75.169,155.643,48.30,35.97,35.87,35.63
2026-05-16T15:34:50+00:00,1778945690.878,99.86,46.057,125.789,36.61,75.182,155.643,48.30,35.65,35.80,35.61
2026-05-16T15:34:55+00:00,1778945695.879,99.85,46.079,125.789,36.63,75.198,155.643,48.31,35.44,35.75,35.59
2026-05-16T15:35:00+00:00,1778945700.881,99.87,46.075,125.789,36.63,75.217,155.643,48.33,35.32,35.72,35.59
2026-05-16T15:35:05+00:00,1778945705.882,99.87,46.051,125.789,36.61,75.232,155.643,48.34,35.06,35.66,35.57
2026-05-16T15:35:10+00:00,1778945710.883,99.87,46.033,125.789,36.60,75.244,155.643,48.34,35.37,35.72,35.58
2026-05-16T15:35:15+00:00,1778945715.884,99.89,46.028,125.789,36.59,75.255,155.643,48.35,35.18,35.67,35.57
2026-05-16T15:35:20+00:00,1778945720.886,99.88,46.030,125.789,36.59,75.265,155.643,48.36,35.01,35.63,35.56
2026-05-16T15:35:25+00:00,1778945725.887,99.87,46.032,125.789,36.59,75.273,155.643,48.36,34.77,35.57,35.54
2026-05-16T15:35:30+00:00,1778945730.889,99.87,46.041,125.789,36.60,75.281,155.643,48.37,34.95,35.59,35.55
2026-05-16T15:35:35+00:00,1778945735.890,99.86,46.047,125.789,36.61,75.288,155.643,48.37,34.71,35.53,35.53
2026-05-16T15:35:40+00:00,1778945740.891,99.87,46.051,125.789,36.61,75.294,155.643,48.38,34.49,35.47,35.51
2026-05-16T15:35:45+00:00,1778945745.892,99.87,46.060,125.789,36.62,75.302,155.643,48.38,35.01,35.56,35.54
2026-05-16T15:35:50+00:00,1778945750.894,99.87,46.073,125.789,36.63,75.311,155.643,48.39,35.01,35.56,35.53
2026-05-16T15:35:55+00:00,1778945755.895,99.87,46.079,125.789,36.63,75.319,155.643,48.39,35.33,35.61,35.55
2026-05-16T15:36:00+00:00,1778945760.896,99.88,46.090,125.789,36.64,75.326,155.643,48.40,35.06,35.55,35.53
2026-05-16T15:36:05+00:00,1778945765.898,99.89,46.094,125.789,36.64,75.332,155.643,48.40,34.90,35.51,35.52
2026-05-16T15:36:10+00:00,1778945770.899,99.87,46.105,125.789,36.65,75.339,155.643,48.41,35.47,35.62,35.56
2026-05-16T15:36:15+00:00,1778945775.901,99.88,46.108,125.789,36.66,75.346,155.643,48.41,35.19,35.56,35.54
2026-05-16T15:36:20+00:00,1778945780.902,99.84,46.232,125.789,36.75,75.354,155.643,48.41,34.93,35.50,35.52
2026-05-16T15:36:25+00:00,1778945785.903,99.88,46.223,125.789,36.75,75.366,155.643,48.42,34.86,35.47,35.51
2026-05-16T15:36:30+00:00,1778945790.905,99.88,46.228,125.789,36.75,75.384,155.643,48.43,35.83,35.66,35.57
2026-05-16T15:36:35+00:00,1778945795.906,99.87,46.218,125.789,36.74,75.403,155.643,48.45,35.60,35.62,35.56
2026-05-16T15:36:40+00:00,1778945800.907,99.88,46.188,125.789,36.72,75.416,155.643,48.45,35.32,35.56,35.54
2026-05-16T15:36:45+00:00,1778945805.909,99.88,46.183,125.789,36.71,75.426,155.643,48.46,35.13,35.52,35.52
2026-05-16T15:36:50+00:00,1778945810.910,99.87,46.180,125.789,36.71,75.436,155.643,48.47,35.60,35.61,35.55
2026-05-16T15:36:55+00:00,1778945815.912,99.89,46.171,125.789,36.70,75.447,155.643,48.47,35.31,35.55,35.53
2026-05-16T15:37:00+00:00,1778945820.913,99.89,46.170,125.789,36.70,75.456,155.643,48.48,35.05,35.49,35.51
2026-05-16T15:37:05+00:00,1778945825.914,99.89,46.181,125.789,36.71,75.464,155.643,48.49,34.88,35.45,35.50
2026-05-16T15:37:10+00:00,1778945830.916,99.87,46.196,125.789,36.73,75.471,155.643,48.49,35.37,35.54,35.53
2026-05-16T15:37:15+00:00,1778945835.917,99.87,46.203,125.789,36.73,75.478,155.643,48.49,35.10,35.48,35.51
2026-05-16T15:37:20+00:00,1778945840.919,99.86,46.216,125.789,36.74,75.486,155.643,48.50,35.01,35.46,35.50
2026-05-16T15:37:25+00:00,1778945845.920,99.86,46.228,125.789,36.75,75.494,155.643,48.50,34.85,35.41,35.49
2026-05-16T15:37:30+00:00,1778945850.921,99.84,46.244,125.789,36.76,75.501,155.643,48.51,34.70,35.37,35.48
2026-05-16T15:37:35+00:00,1778945855.923,99.87,46.252,125.789,36.77,75.508,155.643,48.51,35.21,35.47,35.51
2026-05-16T15:37:40+00:00,1778945860.924,99.87,46.258,125.789,36.77,75.513,155.643,48.52,35.35,35.49,35.51
2026-05-16T15:37:45+00:00,1778945865.925,99.89,46.264,125.789,36.78,75.521,155.643,48.52,35.24,35.47,35.51
2026-05-16T15:37:50+00:00,1778945870.927,99.87,46.374,125.789,36.87,75.529,155.643,48.53,34.98,35.41,35.49
2026-05-16T15:37:55+00:00,1778945875.928,99.88,46.357,125.789,36.85,75.538,155.643,48.53,35.22,35.45,35.50
2026-05-16T15:38:00+00:00,1778945880.929,99.88,46.366,125.789,36.86,75.551,155.643,48.54,35.05,35.41,35.49
2026-05-16T15:38:05+00:00,1778945885.931,99.87,46.376,125.789,36.87,75.567,155.643,48.55,34.88,35.37,35.47
2026-05-16T15:38:10+00:00,1778945890.932,99.87,46.368,125.789,36.86,75.589,155.643,48.57,34.97,35.38,35.48
2026-05-16T15:38:15+00:00,1778945895.933,99.84,46.342,125.789,36.84,75.602,155.643,48.57,34.81,35.34,35.46
2026-05-16T15:38:20+00:00,1778945900.935,99.88,46.335,125.789,36.84,75.612,155.643,48.58,35.63,35.50,35.51
2026-05-16T15:38:25+00:00,1778945905.936,99.89,46.340,125.789,36.84,75.622,155.643,48.59,35.42,35.46,35.50
2026-05-16T15:38:30+00:00,1778945910.937,99.88,46.336,125.789,36.84,75.631,155.643,48.59,35.22,35.42,35.49
2026-05-16T15:38:35+00:00,1778945915.939,99.87,46.341,125.789,36.84,75.639,155.643,48.60,35.13,35.40,35.48
2026-05-16T15:38:40+00:00,1778945920.940,99.87,46.360,125.789,36.86,75.648,155.643,48.60,34.96,35.36,35.46
2026-05-16T15:38:45+00:00,1778945925.941,99.87,46.365,125.789,36.86,75.656,155.643,48.61,34.80,35.32,35.45
2026-05-16T15:38:50+00:00,1778945930.943,99.87,46.373,125.789,36.87,75.665,155.643,48.61,34.74,35.30,35.44
2026-05-16T15:38:55+00:00,1778945935.944,99.88,46.381,125.789,36.87,75.674,155.643,48.62,34.92,35.32,35.45
2026-05-16T15:39:00+00:00,1778945940.946,99.88,46.391,125.789,36.88,75.682,155.643,48.63,34.68,35.27,35.43
2026-05-16T15:39:05+00:00,1778945945.947,99.89,46.394,125.789,36.88,75.689,155.643,48.63,34.87,35.30,35.44
2026-05-16T15:39:10+00:00,1778945950.948,99.87,46.398,125.789,36.89,75.695,155.643,48.63,34.72,35.26,35.43
2026-05-16T15:39:15+00:00,1778945955.950,99.87,46.410,125.789,36.90,75.701,155.643,48.64,34.66,35.24,35.42
2026-05-16T15:39:20+00:00,1778945960.951,99.87,46.416,125.789,36.90,75.709,155.643,48.64,34.45,35.18,35.40
2026-05-16T15:39:25+00:00,1778945965.952,99.87,46.523,125.789,36.99,75.717,155.643,48.65,35.05,35.30,35.44
2026-05-16T15:39:30+00:00,1778945970.954,99.88,46.511,125.789,36.98,75.727,155.643,48.65,35.61,35.41,35.47
2026-05-16T15:39:35+00:00,1778945975.955,99.87,46.514,125.789,36.98,75.740,155.643,48.66,35.96,35.49,35.50
2026-05-16T15:39:40+00:00,1778945980.956,99.89,46.516,125.789,36.98,75.754,155.643,48.67,35.72,35.44,35.48
2026-05-16T15:39:45+00:00,1778945985.958,99.89,46.513,125.789,36.98,75.771,155.643,48.68,35.43,35.39,35.46
2026-05-16T15:39:50+00:00,1778945990.959,99.88,46.495,125.789,36.96,75.784,155.643,48.69,35.63,35.43,35.48
2026-05-16T15:39:55+00:00,1778945995.961,99.87,46.527,125.789,36.99,75.793,155.643,48.70,35.34,35.37,35.46
2026-05-16T15:40:00+00:00,1778946000.962,99.89,46.530,125.789,36.99,75.803,155.643,48.70,35.95,35.50,35.50
2026-05-16T15:40:05+00:00,1778946005.963,99.88,46.522,125.789,36.98,75.812,155.643,48.71,36.12,35.54,35.51
2026-05-16T15:40:10+00:00,1778946010.965,99.87,46.532,125.789,36.99,75.821,155.643,48.71,35.79,35.48,35.49
2026-05-16T15:40:15+00:00,1778946015.966,99.88,46.536,125.789,37.00,75.828,155.643,48.72,36.45,35.62,35.54
2026-05-16T15:40:20+00:00,1778946020.967,99.87,46.551,125.789,37.01,75.834,155.643,48.72,36.49,35.65,35.55
2026-05-16T15:40:25+00:00,1778946025.969,99.88,46.541,125.789,37.00,75.840,155.643,48.73,37.01,35.77,35.59
2026-05-16T15:40:30+00:00,1778946030.970,99.87,46.541,125.789,37.00,75.848,155.643,48.73,37.01,35.79,35.60
2026-05-16T15:40:35+00:00,1778946035.972,99.88,46.549,125.789,37.01,75.856,155.643,48.74,36.61,35.73,35.58
2026-05-16T15:40:40+00:00,1778946040.973,99.87,46.578,125.789,37.03,75.865,155.643,48.74,37.28,35.88,35.63
2026-05-16T15:40:45+00:00,1778946045.974,99.87,46.585,125.789,37.03,75.872,155.643,48.75,37.58,35.97,35.66
2026-05-16T15:40:50+00:00,1778946050.976,99.89,46.595,125.789,37.04,75.877,155.643,48.75,38.09,36.10,35.70
2026-05-16T15:40:55+00:00,1778946055.977,99.89,46.603,125.789,37.05,75.883,155.643,48.75,37.77,36.07,35.69
2026-05-16T15:41:00+00:00,1778946060.978,99.89,46.606,125.789,37.05,75.891,155.643,48.76,37.38,36.01,35.68
2026-05-16T15:41:05+00:00,1778946065.980,99.89,46.712,125.789,37.14,75.900,155.643,48.77,37.83,36.13,35.72
2026-05-16T15:41:10+00:00,1778946070.981,99.86,46.714,125.789,37.14,75.912,155.643,48.77,37.45,36.08,35.70
2026-05-16T15:41:15+00:00,1778946075.982,99.88,46.734,125.789,37.15,75.927,155.643,48.78,37.17,36.04,35.69
2026-05-16T15:41:20+00:00,1778946080.984,99.88,46.727,125.789,37.15,75.945,155.643,48.79,36.84,35.99,35.68
2026-05-16T15:41:25+00:00,1778946085.985,99.89,46.705,125.789,37.13,75.961,155.643,48.80,37.25,36.09,35.71
2026-05-16T15:41:30+00:00,1778946090.986,99.84,46.685,125.789,37.11,75.971,155.643,48.81,37.79,36.22,35.76
2026-05-16T15:41:35+00:00,1778946095.988,99.89,46.686,125.789,37.11,75.982,155.643,48.82,37.49,36.19,35.75
2026-05-16T15:41:40+00:00,1778946100.989,99.87,46.694,125.789,37.12,75.992,155.643,48.82,37.69,36.25,35.77
2026-05-16T15:41:45+00:00,1778946105.990,99.87,46.698,125.789,37.12,76.002,155.643,48.83,37.87,36.31,35.79
2026-05-16T15:41:50+00:00,1778946110.992,99.89,46.692,125.789,37.12,76.011,155.643,48.84,37.48,36.26,35.78
2026-05-16T15:41:55+00:00,1778946115.993,99.83,46.697,125.789,37.12,76.019,155.643,48.84,37.93,36.37,35.82
2026-05-16T15:42:00+00:00,1778946120.994,99.89,46.706,125.789,37.13,76.025,155.643,48.85,37.53,36.31,35.80
2026-05-16T15:42:05+00:00,1778946125.996,99.88,46.721,125.789,37.14,76.032,155.643,48.85,37.17,36.26,35.79
2026-05-16T15:42:10+00:00,1778946130.997,99.89,46.726,125.789,37.15,76.041,155.643,48.86,36.83,36.20,35.77
2026-05-16T15:42:15+00:00,1778946135.999,99.87,46.738,125.789,37.16,76.050,155.643,48.86,36.45,36.13,35.75
2026-05-16T15:42:20+00:00,1778946141.000,99.87,46.748,125.789,37.16,76.057,155.643,48.87,36.33,36.12,35.75
2026-05-16T15:42:26+00:00,1778946146.001,99.87,46.756,125.789,37.17,76.062,155.643,48.87,36.78,36.21,35.78
2026-05-16T15:42:31+00:00,1778946151.003,99.88,46.766,125.789,37.18,76.068,155.643,48.87,36.48,36.16,35.77
2026-05-16T15:42:36+00:00,1778946156.004,99.87,46.777,125.789,37.19,76.075,155.643,48.88,36.20,36.11,35.75
2026-05-16T15:42:41+00:00,1778946161.005,99.86,46.874,125.789,37.26,76.084,155.643,48.88,36.11,36.09,35.75
2026-05-16T15:42:46+00:00,1778946166.006,99.85,46.872,125.789,37.26,76.094,155.643,48.89,36.02,36.07,35.74
2026-05-16T15:42:51+00:00,1778946171.008,99.89,46.872,125.789,37.26,76.108,155.643,48.90,35.85,36.04,35.73
2026-05-16T15:42:56+00:00,1778946176.009,99.88,46.866,125.789,37.26,76.126,155.643,48.91,35.71,36.00,35.72
2026-05-16T15:43:01+00:00,1778946181.011,99.89,46.863,125.789,37.26,76.143,155.643,48.92,35.41,35.93,35.70
2026-05-16T15:43:06+00:00,1778946186.012,99.88,46.850,125.789,37.24,76.154,155.643,48.93,35.14,35.87,35.68
2026-05-16T15:43:11+00:00,1778946191.013,99.88,46.857,125.789,37.25,76.164,155.643,48.93,35.12,35.85,35.68
2026-05-16T15:43:16+00:00,1778946196.015,99.87,46.852,125.789,37.25,76.173,155.643,48.94,35.03,35.82,35.67
2026-05-16T15:43:21+00:00,1778946201.016,99.87,46.848,125.789,37.24,76.182,155.643,48.95,35.11,35.83,35.67
2026-05-16T15:43:26+00:00,1778946206.017,99.86,46.855,125.789,37.25,76.191,155.643,48.95,35.34,35.86,35.68
2026-05-16T15:43:31+00:00,1778946211.019,99.87,46.862,125.789,37.25,76.199,155.643,48.96,35.00,35.78,35.66
2026-05-16T15:43:36+00:00,1778946216.020,99.86,46.872,125.789,37.26,76.206,155.643,48.96,35.00,35.77,35.65
2026-05-16T15:43:41+00:00,1778946221.021,99.88,46.875,125.789,37.26,76.213,155.643,48.97,35.32,35.82,35.67
2026-05-16T15:43:46+00:00,1778946226.023,99.88,46.883,125.789,37.27,76.221,155.643,48.97,35.05,35.76,35.65
2026-05-16T15:43:51+00:00,1778946231.024,99.86,46.893,125.789,37.28,76.230,155.643,48.98,34.89,35.71,35.64
2026-05-16T15:43:56+00:00,1778946236.025,99.88,46.898,125.789,37.28,76.237,155.643,48.98,34.90,35.70,35.63
2026-05-16T15:44:01+00:00,1778946241.027,99.87,46.907,125.789,37.29,76.243,155.643,48.99,34.66,35.64,35.61
2026-05-16T15:44:06+00:00,1778946246.028,99.87,46.923,125.789,37.30,76.249,155.643,48.99,34.53,35.60,35.60
2026-05-16T15:44:11+00:00,1778946251.030,99.86,46.938,125.789,37.31,76.255,155.643,48.99,34.41,35.55,35.59
2026-05-16T15:44:16+00:00,1778946256.031,99.84,47.010,125.789,37.37,76.263,155.643,49.00,35.10,35.68,35.63
2026-05-16T15:44:21+00:00,1778946261.032,99.87,47.039,125.789,37.40,76.273,155.643,49.01,35.89,35.83,35.68
2026-05-16T15:44:26+00:00,1778946266.034,99.87,47.051,125.789,37.40,76.284,155.643,49.01,36.06,35.87,35.69
2026-05-16T15:44:31+00:00,1778946271.035,99.85,47.065,125.789,37.42,76.300,155.643,49.02,35.97,35.85,35.69
2026-05-16T15:44:36+00:00,1778946276.036,99.89,47.084,125.789,37.43,76.321,155.643,49.04,35.74,35.81,35.67
2026-05-16T15:44:41+00:00,1778946281.038,99.87,47.064,125.789,37.42,76.336,155.643,49.05,35.44,35.74,35.65
2026-05-16T15:44:46+00:00,1778946286.039,99.87,47.048,125.789,37.40,76.347,155.643,49.05,35.16,35.68,35.63
2026-05-16T15:44:51+00:00,1778946291.040,99.88,47.045,125.789,37.40,76.357,155.643,49.06,34.91,35.62,35.61
2026-05-16T15:44:56+00:00,1778946296.042,99.87,47.039,125.789,37.40,76.366,155.643,49.07,34.67,35.56,35.59
2026-05-16T15:45:01+00:00,1778946301.043,99.87,47.042,125.789,37.40,76.374,155.643,49.07,34.46,35.50,35.57
2026-05-16T15:45:06+00:00,1778946306.044,99.87,47.047,125.789,37.40,76.383,155.643,49.08,35.38,35.67,35.63
2026-05-16T15:45:11+00:00,1778946311.046,99.89,47.055,125.789,37.41,76.390,155.643,49.08,35.11,35.61,35.61
2026-05-16T15:45:16+00:00,1778946316.047,99.87,47.065,125.789,37.42,76.397,155.643,49.08,34.86,35.55,35.59
2026-05-16T15:45:21+00:00,1778946321.048,99.89,47.070,125.789,37.42,76.405,155.643,49.09,34.71,35.51,35.58
2026-05-16T15:45:26+00:00,1778946326.050,99.87,47.082,125.789,37.43,76.413,155.643,49.10,34.82,35.52,35.58
2026-05-16T15:45:31+00:00,1778946331.051,99.87,47.088,125.789,37.43,76.422,155.643,49.10,34.83,35.51,35.57
2026-05-16T15:45:36+00:00,1778946336.053,99.89,47.094,125.789,37.44,76.429,155.643,49.11,34.60,35.45,35.56
2026-05-16T15:45:41+00:00,1778946341.054,99.88,47.121,125.789,37.46,76.434,155.643,49.11,34.48,35.41,35.54
2026-05-16T15:45:46+00:00,1778946346.055,99.87,47.127,125.789,37.47,76.441,155.643,49.11,35.48,35.60,35.60
2026-05-16T15:45:51+00:00,1778946351.057,99.86,47.148,125.789,37.48,76.448,155.643,49.12,36.16,35.74,35.65
2026-05-16T15:45:56+00:00,1778946356.058,99.87,47.247,125.789,37.56,76.456,155.643,49.12,35.83,35.68,35.63
2026-05-16T15:46:01+00:00,1778946361.059,99.86,47.248,125.789,37.56,76.467,155.643,49.13,36.00,35.72,35.64
2026-05-16T15:46:06+00:00,1778946366.060,99.88,47.245,125.789,37.56,76.480,155.643,49.14,35.68,35.66,35.62
2026-05-16T15:46:11+00:00,1778946371.062,99.87,47.245,125.789,37.56,76.499,155.643,49.15,35.55,35.63,35.61
2026-05-16T15:46:16+00:00,1778946376.063,99.86,47.227,125.789,37.54,76.514,155.643,49.16,35.42,35.60,35.60
2026-05-16T15:46:21+00:00,1778946381.064,99.86,47.215,125.789,37.54,76.525,155.643,49.17,35.63,35.64,35.62
2026-05-16T15:46:26+00:00,1778946386.066,99.87,47.216,125.789,37.54,76.535,155.643,49.17,35.98,35.71,35.64
2026-05-16T15:46:31+00:00,1778946391.067,99.89,47.212,125.789,37.53,76.544,155.643,49.18,35.74,35.67,35.63
2026-05-16T15:46:36+00:00,1778946396.068,99.87,47.215,125.789,37.54,76.553,155.643,49.19,35.44,35.61,35.61
2026-05-16T15:46:41+00:00,1778946401.070,99.86,47.218,125.789,37.54,76.561,155.643,49.19,35.16,35.55,35.59
2026-05-16T15:46:46+00:00,1778946406.071,99.88,47.223,125.789,37.54,76.567,155.643,49.19,35.55,35.62,35.61
2026-05-16T15:46:51+00:00,1778946411.072,99.89,47.233,125.789,37.55,76.574,155.643,49.20,36.79,35.88,35.69
2026-05-16T15:46:56+00:00,1778946416.073,99.86,47.243,125.789,37.56,76.582,155.643,49.20,37.37,36.01,35.74
2026-05-16T15:47:01+00:00,1778946421.075,99.87,47.252,125.789,37.56,76.590,155.643,49.21,36.94,35.94,35.72
2026-05-16T15:47:06+00:00,1778946426.076,99.88,47.260,125.789,37.57,76.597,155.643,49.21,36.54,35.88,35.70
2026-05-16T15:47:11+00:00,1778946431.077,99.87,47.265,125.789,37.57,76.604,155.643,49.22,36.50,35.88,35.70
2026-05-16T15:47:16+00:00,1778946436.079,99.86,47.276,125.789,37.58,76.611,155.643,49.22,37.26,36.05,35.76
2026-05-16T15:47:21+00:00,1778946441.080,99.88,47.282,125.789,37.59,76.616,155.643,49.23,37.32,36.08,35.77
2026-05-16T15:47:26+00:00,1778946446.081,99.89,47.289,125.789,37.59,76.623,155.643,49.23,38.17,36.28,35.83
2026-05-16T15:47:31+00:00,1778946451.083,99.87,47.403,125.789,37.68,76.631,155.643,49.24,37.84,36.24,35.82
2026-05-16T15:47:36+00:00,1778946456.084,99.87,47.397,125.789,37.68,76.643,155.643,49.24,37.61,36.22,35.82
2026-05-16T15:47:41+00:00,1778946461.085,99.87,47.422,125.789,37.70,76.657,155.643,49.25,37.32,36.18,35.81
2026-05-16T15:47:46+00:00,1778946466.087,99.86,47.422,125.789,37.70,76.674,155.643,49.26,37.06,36.15,35.80
2026-05-16T15:47:51+00:00,1778946471.088,99.87,47.411,125.789,37.69,76.693,155.643,49.27,36.65,36.08,35.78
2026-05-16T15:47:56+00:00,1778946476.089,99.87,47.378,125.789,37.66,76.705,155.643,49.28,36.36,36.03,35.76
2026-05-16T15:48:01+00:00,1778946481.091,99.87,47.386,125.789,37.67,76.715,155.643,49.29,36.09,35.98,35.75
2026-05-16T15:48:06+00:00,1778946486.092,99.86,47.392,125.789,37.68,76.725,155.643,49.30,35.84,35.93,35.73
2026-05-16T15:48:11+00:00,1778946491.093,99.87,47.391,125.789,37.67,76.734,155.643,49.30,35.53,35.86,35.71
2026-05-16T15:48:16+00:00,1778946496.095,99.86,47.402,125.789,37.68,76.743,155.643,49.31,35.33,35.81,35.70
2026-05-16T15:48:21+00:00,1778946501.096,99.87,47.405,125.789,37.69,76.751,155.643,49.31,35.14,35.77,35.68
2026-05-16T15:48:26+00:00,1778946506.097,99.86,47.415,125.789,37.69,76.758,155.643,49.32,34.97,35.72,35.67
2026-05-16T15:48:31+00:00,1778946511.099,99.87,47.419,125.789,37.70,76.766,155.643,49.32,35.45,35.81,35.70
2026-05-16T15:48:36+00:00,1778946516.100,99.88,47.427,125.789,37.70,76.775,155.643,49.33,35.34,35.78,35.69
2026-05-16T15:48:41+00:00,1778946521.101,99.87,47.435,125.789,37.71,76.784,155.643,49.33,35.07,35.72,35.67
2026-05-16T15:48:46+00:00,1778946526.103,99.87,47.442,125.789,37.72,76.792,155.643,49.34,34.90,35.67,35.65
2026-05-16T15:48:51+00:00,1778946531.104,99.88,47.446,125.789,37.72,76.797,155.643,49.34,34.67,35.61,35.63
2026-05-16T15:48:56+00:00,1778946536.105,99.87,47.457,125.789,37.73,76.803,155.643,49.35,34.78,35.62,35.64
2026-05-16T15:49:01+00:00,1778946541.107,99.87,47.463,125.789,37.73,76.811,155.643,49.35,34.56,35.56,35.62
2026-05-16T15:49:06+00:00,1778946546.108,99.88,47.568,125.789,37.82,76.818,155.643,49.36,34.35,35.50,35.60
2026-05-16T15:49:11+00:00,1778946551.109,99.85,47.563,125.789,37.81,76.829,155.643,49.36,34.56,35.52,35.60
2026-05-16T15:49:16+00:00,1778946556.111,99.89,47.572,125.789,37.82,76.844,155.643,49.37,35.08,35.61,35.63
2026-05-16T15:49:21+00:00,1778946561.112,99.87,47.578,125.789,37.82,76.865,155.643,49.39,34.83,35.55,35.61
2026-05-16T15:49:26+00:00,1778946566.114,99.87,47.556,125.789,37.81,76.880,155.643,49.40,35.49,35.68,35.65
2026-05-16T15:49:31+00:00,1778946571.115,99.88,47.542,125.789,37.79,76.891,155.643,49.40,36.25,35.83,35.70
2026-05-16T15:49:36+00:00,1778946576.116,99.87,47.544,125.789,37.80,76.901,155.643,49.41,35.91,35.77,35.68
2026-05-16T15:49:41+00:00,1778946581.118,99.87,47.531,125.789,37.79,76.911,155.643,49.42,35.84,35.75,35.68
2026-05-16T15:49:46+00:00,1778946586.119,99.87,47.545,125.789,37.80,76.920,155.643,49.42,35.61,35.71,35.67
2026-05-16T15:49:51+00:00,1778946591.120,99.88,47.548,125.789,37.80,76.927,155.643,49.43,35.56,35.70,35.66
2026-05-16T15:49:56+00:00,1778946596.121,99.89,47.554,125.789,37.81,76.933,155.643,49.43,35.27,35.64,35.64
2026-05-16T15:50:01+00:00,1778946601.123,99.87,47.564,125.789,37.81,76.940,155.643,49.43,35.09,35.59,35.63
2026-05-16T15:50:06+00:00,1778946606.124,99.87,47.574,125.789,37.82,76.948,155.643,49.44,34.84,35.53,35.61
2026-05-16T15:50:11+00:00,1778946611.125,99.87,47.581,125.789,37.83,76.957,155.643,49.44,34.62,35.47,35.59
2026-05-16T15:50:16+00:00,1778946616.127,99.87,47.587,125.789,37.83,76.965,155.643,49.45,35.53,35.65,35.64
2026-05-16T15:50:21+00:00,1778946621.128,99.86,47.602,125.789,37.84,76.972,155.643,49.45,35.65,35.67,35.65
2026-05-16T15:50:26+00:00,1778946626.129,99.88,47.608,125.789,37.85,76.978,155.643,49.46,35.35,35.61,35.63
2026-05-16T15:50:31+00:00,1778946631.131,99.88,47.617,125.789,37.86,76.986,155.643,49.46,35.97,35.73,35.67
2026-05-16T15:50:36+00:00,1778946636.132,99.88,47.722,125.789,37.94,76.995,155.643,49.47,36.21,35.79,35.69
2026-05-16T15:50:41+00:00,1778946641.133,99.87,47.725,125.789,37.94,77.006,155.643,49.48,36.43,35.84,35.71
2026-05-16T15:50:46+00:00,1778946646.134,99.86,47.748,125.789,37.96,77.020,155.643,49.49,36.64,35.89,35.73
2026-05-16T15:50:51+00:00,1778946651.136,99.85,47.737,125.789,37.95,77.038,155.643,49.50,36.35,35.84,35.71
2026-05-16T15:50:56+00:00,1778946656.137,99.88,47.737,125.789,37.95,77.058,155.643,49.51,36.88,35.96,35.75
2026-05-16T15:51:01+00:00,1778946661.138,99.88,47.709,125.789,37.93,77.070,155.643,49.52,36.57,35.91,35.74
2026-05-16T15:51:06+00:00,1778946666.140,99.87,47.713,125.789,37.93,77.079,155.643,49.52,36.04,35.82,35.70
2026-05-16T15:51:11+00:00,1778946671.141,99.86,47.704,125.789,37.92,77.089,155.643,49.53,36.04,35.82,35.71
2026-05-16T15:51:16+00:00,1778946676.142,99.88,47.704,125.789,37.92,77.098,155.643,49.54,36.12,35.84,35.71
2026-05-16T15:51:21+00:00,1778946681.144,99.87,47.705,125.789,37.92,77.106,155.643,49.54,35.95,35.81,35.70
2026-05-16T15:51:26+00:00,1778946686.145,99.87,47.709,125.789,37.93,77.114,155.643,49.55,35.95,35.81,35.71
2026-05-16T15:51:31+00:00,1778946691.146,99.89,47.717,125.789,37.93,77.121,155.643,49.55,35.71,35.77,35.69
2026-05-16T15:51:36+00:00,1778946696.148,99.87,47.725,125.789,37.94,77.130,155.643,49.56,35.50,35.72,35.68
2026-05-16T15:51:41+00:00,1778946701.149,99.89,47.734,125.789,37.95,77.138,155.643,49.56,36.18,35.86,35.72
2026-05-16T15:51:46+00:00,1778946706.150,99.87,47.745,125.789,37.96,77.148,155.643,49.57,35.92,35.81,35.71
2026-05-16T15:51:51+00:00,1778946711.152,99.87,47.755,125.789,37.96,77.155,155.643,49.57,35.69,35.76,35.69
2026-05-16T15:51:56+00:00,1778946716.153,99.87,47.763,125.789,37.97,77.160,155.643,49.58,35.47,35.72,35.68
2026-05-16T15:52:01+00:00,1778946721.154,99.87,47.772,125.789,37.98,77.167,155.643,49.58,35.43,35.70,35.67
2026-05-16T15:52:06+00:00,1778946726.156,99.89,47.779,125.789,37.98,77.174,155.643,49.58,35.32,35.68,35.67
2026-05-16T15:52:11+00:00,1778946731.157,99.84,47.880,125.789,38.06,77.184,155.643,49.59,35.29,35.66,35.66
2026-05-16T15:52:16+00:00,1778946736.158,99.87,47.868,125.789,38.05,77.197,155.643,49.60,35.11,35.62,35.65
2026-05-16T15:52:21+00:00,1778946741.160,99.87,47.871,125.789,38.06,77.213,155.643,49.61,34.94,35.58,35.63
2026-05-16T15:52:26+00:00,1778946746.161,99.88,47.868,125.789,38.05,77.232,155.643,49.62,34.70,35.52,35.61
2026-05-16T15:52:31+00:00,1778946751.163,99.89,47.842,125.789,38.03,77.245,155.643,49.63,35.61,35.69,35.67
2026-05-16T15:52:36+00:00,1778946756.164,99.87,47.843,125.789,38.03,77.255,155.643,49.64,36.20,35.81,35.71
2026-05-16T15:52:41+00:00,1778946761.165,99.88,47.832,125.789,38.03,77.265,155.643,49.64,35.94,35.77,35.69
2026-05-16T15:52:46+00:00,1778946766.167,99.89,47.840,125.789,38.03,77.275,155.643,49.65,35.95,35.77,35.70
2026-05-16T15:52:51+00:00,1778946771.168,99.87,47.849,125.789,38.04,77.282,155.643,49.65,36.67,35.92,35.75
2026-05-16T15:52:56+00:00,1778946776.169,99.87,47.857,125.789,38.05,77.288,155.643,49.66,36.30,35.86,35.73
2026-05-16T15:53:01+00:00,1778946781.170,99.87,47.868,125.789,38.05,77.295,155.643,49.66,36.04,35.81,35.71
2026-05-16T15:53:06+00:00,1778946786.172,99.89,47.873,125.789,38.06,77.303,155.643,49.67,35.87,35.78,35.70
2026-05-16T15:53:11+00:00,1778946791.173,99.86,47.882,125.789,38.07,77.311,155.643,49.67,36.52,35.92,35.75
2026-05-16T15:53:16+00:00,1778946796.174,99.86,47.898,125.789,38.08,77.319,155.643,49.68,36.32,35.88,35.74
2026-05-16T15:53:21+00:00,1778946801.176,99.89,47.906,125.789,38.08,77.327,155.643,49.68,36.78,35.98,35.77
2026-05-16T15:53:26+00:00,1778946806.177,99.87,47.918,125.789,38.09,77.333,155.643,49.69,36.47,35.93,35.76
2026-05-16T15:53:31+00:00,1778946811.178,99.87,47.924,125.789,38.10,77.339,155.643,49.69,36.12,35.87,35.73
2026-05-16T15:53:36+00:00,1778946816.180,99.87,47.931,125.789,38.10,77.347,155.643,49.70,35.95,35.84,35.72
2026-05-16T15:53:41+00:00,1778946821.181,99.86,48.034,125.789,38.19,77.357,155.643,49.70,36.51,35.96,35.76
2026-05-16T15:53:46+00:00,1778946826.183,99.89,48.038,125.789,38.19,77.367,155.643,49.71,36.15,35.89,35.74
2026-05-16T15:53:51+00:00,1778946831.184,99.86,48.044,125.789,38.19,77.381,155.643,49.72,36.06,35.88,35.74
2026-05-16T15:53:56+00:00,1778946836.186,99.87,48.047,125.789,38.20,77.401,155.643,49.73,35.81,35.83,35.72
2026-05-16T15:54:01+00:00,1778946841.187,99.88,48.032,125.789,38.18,77.417,155.643,49.74,35.67,35.80,35.72
2026-05-16T15:54:06+00:00,1778946846.188,99.87,48.014,125.789,38.17,77.429,155.643,49.75,35.37,35.73,35.70
2026-05-16T15:54:11+00:00,1778946851.190,99.87,48.000,125.789,38.16,77.439,155.643,49.75,35.18,35.69,35.68
2026-05-16T15:54:16+00:00,1778946856.191,99.88,47.993,125.789,38.15,77.450,155.643,49.76,35.01,35.64,35.67
2026-05-16T15:54:21+00:00,1778946861.193,99.87,47.993,125.789,38.15,77.460,155.643,49.77,34.77,35.58,35.65
2026-05-16T15:54:26+00:00,1778946866.194,99.87,47.994,125.789,38.15,77.469,155.643,49.77,34.70,35.56,35.64
2026-05-16T15:54:31+00:00,1778946871.195,99.87,48.004,125.789,38.16,77.476,155.643,49.78,34.73,35.55,35.63
2026-05-16T15:54:36+00:00,1778946876.197,99.87,48.010,125.789,38.17,77.483,155.643,49.78,34.99,35.59,35.65
2026-05-16T15:54:41+00:00,1778946881.198,99.90,48.001,125.789,38.16,77.491,155.643,49.79,34.83,35.55,35.63
2026-05-16T15:54:46+00:00,1778946886.199,99.89,48.005,125.789,38.16,77.499,155.643,49.79,34.60,35.49,35.61
2026-05-16T15:54:51+00:00,1778946891.201,99.87,48.013,125.789,38.17,77.509,155.643,49.80,35.36,35.63,35.66
2026-05-16T15:54:56+00:00,1778946896.202,99.90,48.021,125.789,38.18,77.516,155.643,49.80,36.21,35.80,35.71
2026-05-16T15:55:01+00:00,1778946901.203,99.89,48.029,125.789,38.18,77.520,155.643,49.81,35.87,35.74,35.69
2026-05-16T15:55:06+00:00,1778946906.205,99.89,48.035,125.789,38.19,77.525,155.643,49.81,35.72,35.71,35.68
2026-05-16T15:55:11+00:00,1778946911.206,99.89,48.046,125.789,38.20,77.532,155.643,49.81,35.42,35.65,35.66
2026-05-16T15:55:16+00:00,1778946916.207,99.89,48.164,125.789,38.29,77.539,155.643,49.82,35.15,35.58,35.64
2026-05-16T15:55:21+00:00,1778946921.209,99.87,48.158,125.789,38.28,77.547,155.643,49.82,35.14,35.58,35.64
2026-05-16T15:55:26+00:00,1778946926.210,99.89,48.158,125.789,38.28,77.559,155.643,49.83,34.97,35.53,35.62
2026-05-16T15:55:31+00:00,1778946931.211,99.91,48.160,125.789,38.29,77.576,155.643,49.84,35.77,35.69,35.68
2026-05-16T15:55:36+00:00,1778946936.213,99.88,48.160,125.789,38.29,77.596,155.643,49.86,35.87,35.71,35.68
2026-05-16T15:55:41+00:00,1778946941.214,99.89,48.141,125.789,38.27,77.608,155.643,49.86,36.60,35.87,35.73
2026-05-16T15:55:46+00:00,1778946946.215,99.88,48.136,125.789,38.27,77.619,155.643,49.87,36.23,35.80,35.71
2026-05-16T15:55:51+00:00,1778946951.217,99.88,48.132,125.789,38.26,77.628,155.643,49.88,35.89,35.74,35.69
2026-05-16T15:55:56+00:00,1778946956.218,99.88,48.129,125.789,38.26,77.638,155.643,49.88,35.66,35.69,35.68
2026-05-16T15:56:01+00:00,1778946961.220,99.89,48.136,125.789,38.27,77.646,155.643,49.89,36.65,35.90,35.74
2026-05-16T15:56:06+00:00,1778946966.221,99.87,48.144,125.789,38.27,77.652,155.643,49.89,36.60,35.90,35.75
2026-05-16T15:56:11+00:00,1778946971.222,99.86,48.149,125.789,38.28,77.659,155.643,49.90,36.23,35.83,35.73
2026-05-16T15:56:16+00:00,1778946976.224,99.89,48.149,125.789,38.28,77.666,155.643,49.90,36.29,35.85,35.73
2026-05-16T15:56:21+00:00,1778946981.225,99.89,48.157,125.789,38.28,77.674,155.643,49.91,36.03,35.81,35.72
2026-05-16T15:56:26+00:00,1778946986.226,99.88,48.169,125.789,38.29,77.683,155.643,49.91,36.02,35.81,35.72
2026-05-16T15:56:31+00:00,1778946991.227,99.89,48.182,125.789,38.30,77.691,155.643,49.92,36.02,35.81,35.72
2026-05-16T15:56:36+00:00,1778946996.229,99.89,48.192,125.789,38.31,77.697,155.643,49.92,36.10,35.83,35.73
2026-05-16T15:56:41+00:00,1778947001.230,99.87,48.207,125.789,38.32,77.702,155.643,49.92,36.01,35.82,35.72
2026-05-16T15:56:46+00:00,1778947006.232,99.88,48.212,125.789,38.33,77.709,155.643,49.93,35.77,35.77,35.71
2026-05-16T15:56:51+00:00,1778947011.233,99.87,48.323,125.789,38.42,77.718,155.643,49.93,35.79,35.77,35.71
2026-05-16T15:56:56+00:00,1778947016.234,99.87,48.320,125.789,38.41,77.728,155.643,49.94,35.49,35.71,35.69
2026-05-16T15:57:01+00:00,1778947021.236,99.85,48.330,125.789,38.42,77.739,155.643,49.95,35.37,35.68,35.68
2026-05-16T15:57:06+00:00,1778947026.237,99.88,48.330,125.789,38.42,77.755,155.643,49.96,35.26,35.65,35.67
2026-05-16T15:57:11+00:00,1778947031.238,99.86,48.322,125.789,38.42,77.774,155.643,49.97,35.08,35.61,35.66
2026-05-16T15:57:16+00:00,1778947036.240,99.87,48.316,125.789,38.41,77.789,155.643,49.98,35.39,35.67,35.68
2026-05-16T15:57:21+00:00,1778947041.241,99.87,48.306,125.789,38.40,77.800,155.643,49.99,35.12,35.61,35.66
2026-05-16T15:57:26+00:00,1778947046.242,99.88,48.309,125.789,38.40,77.810,155.643,49.99,35.83,35.75,35.70
2026-05-16T15:57:31+00:00,1778947051.243,99.87,48.295,125.789,38.39,77.821,155.643,50.00,36.96,35.98,35.78
2026-05-16T15:57:36+00:00,1778947056.245,99.87,48.299,125.789,38.40,77.830,155.643,50.01,36.57,35.92,35.76
2026-05-16T15:57:41+00:00,1778947061.246,99.86,48.309,125.789,38.41,77.839,155.643,50.01,36.20,35.85,35.74
2026-05-16T15:57:46+00:00,1778947066.247,99.87,48.313,125.789,38.41,77.847,155.643,50.02,35.86,35.79,35.72
2026-05-16T15:57:51+00:00,1778947071.249,99.88,48.319,125.789,38.41,77.855,155.643,50.02,36.12,35.84,35.74
2026-05-16T15:57:56+00:00,1778947076.250,99.87,48.327,125.789,38.42,77.864,155.643,50.03,35.87,35.79,35.72
2026-05-16T15:58:01+00:00,1778947081.251,99.89,48.349,125.789,38.44,77.873,155.643,50.03,36.60,35.95,35.77
2026-05-16T15:58:06+00:00,1778947086.253,99.91,48.360,125.789,38.45,77.882,155.643,50.04,36.23,35.88,35.75
2026-05-16T15:58:11+00:00,1778947091.254,99.88,48.373,125.789,38.46,77.887,155.643,50.04,36.45,35.93,35.77
2026-05-16T15:58:16+00:00,1778947096.255,99.86,48.380,125.789,38.46,77.892,155.643,50.05,36.17,35.88,35.75
2026-05-16T15:58:21+00:00,1778947101.256,99.87,48.419,125.789,38.49,77.899,155.643,50.05,36.08,35.87,35.75
2026-05-16T15:58:26+00:00,1778947106.258,99.87,48.422,125.789,38.49,77.906,155.643,50.05,36.23,35.90,35.76
2026-05-16T15:58:31+00:00,1778947111.259,99.86,48.527,125.789,38.58,77.915,155.643,50.06,36.22,35.91,35.76
2026-05-16T15:58:36+00:00,1778947116.260,99.87,48.508,125.789,38.56,77.926,155.643,50.07,36.68,36.01,35.80
2026-05-16T15:58:41+00:00,1778947121.262,99.89,48.515,125.789,38.57,77.941,155.643,50.08,36.30,35.94,35.77
2026-05-16T15:58:46+00:00,1778947126.263,99.88,48.530,125.789,38.58,77.959,155.643,50.09,36.20,35.93,35.77
2026-05-16T15:58:51+00:00,1778947131.264,99.89,48.521,125.789,38.57,77.972,155.643,50.10,35.86,35.86,35.75
2026-05-16T15:58:56+00:00,1778947136.266,99.89,48.505,125.789,38.56,77.982,155.643,50.10,35.63,35.81,35.73
2026-05-16T15:59:01+00:00,1778947141.267,99.86,48.504,125.789,38.56,77.992,155.643,50.11,36.46,35.98,35.79
2026-05-16T15:59:06+00:00,1778947146.268,99.89,48.490,125.789,38.55,78.002,155.643,50.12,36.19,35.93,35.77
2026-05-16T15:59:11+00:00,1778947151.270,99.86,48.499,125.789,38.56,78.011,155.643,50.12,35.85,35.87,35.75
2026-05-16T15:59:16+00:00,1778947156.271,99.87,48.511,125.789,38.57,78.019,155.643,50.13,36.02,35.90,35.77
2026-05-16T15:59:21+00:00,1778947161.272,99.88,48.515,125.789,38.57,78.024,155.643,50.13,35.78,35.85,35.75
2026-05-16T15:59:26+00:00,1778947166.274,99.89,48.513,125.789,38.57,78.031,155.643,50.13,35.48,35.79,35.73
2026-05-16T15:59:31+00:00,1778947171.275,99.86,48.519,125.789,38.57,78.038,155.643,50.14,35.36,35.76,35.72
2026-05-16T15:59:36+00:00,1778947176.276,99.88,48.490,125.789,38.55,78.047,155.643,50.14,36.37,35.96,35.79
2026-05-16T15:59:41+00:00,1778947181.277,99.89,48.492,125.789,38.55,78.055,155.643,50.15,36.10,35.91,35.77
2026-05-16T15:59:46+00:00,1778947186.279,99.89,48.489,125.789,38.55,78.063,155.643,50.16,35.85,35.86,35.76
2026-05-16T15:59:51+00:00,1778947191.280,99.87,48.489,125.789,38.55,78.068,155.643,50.16,35.70,35.83,35.75
2026-05-16T15:59:56+00:00,1778947196.281,99.85,48.495,125.789,38.55,78.074,155.643,50.16,35.49,35.79,35.73
2026-05-16T16:00:01+00:00,1778947201.283,99.88,48.498,125.789,38.56,78.082,155.643,50.17,35.29,35.74,35.72
2026-05-16T16:00:06+00:00,1778947206.284,99.89,48.607,125.789,38.64,78.091,155.643,50.17,35.27,35.73,35.71
2026-05-16T16:00:11+00:00,1778947211.291,99.89,48.598,125.789,38.63,78.102,155.643,50.18,35.08,35.68,35.70
2026-05-16T16:00:16+00:00,1778947216.293,99.86,48.622,125.789,38.65,78.117,155.643,50.19,36.04,35.87,35.76
2026-05-16T16:00:21+00:00,1778947221.294,99.87,48.614,125.789,38.65,78.136,155.643,50.20,36.84,36.04,35.81
2026-05-16T16:00:26+00:00,1778947226.295,99.86,48.605,125.789,38.64,78.153,155.643,50.21,36.61,36.00,35.81
2026-05-16T16:00:31+00:00,1778947231.296,99.88,48.586,125.789,38.63,78.164,155.643,50.22,36.24,35.94,35.78
2026-05-16T16:00:36+00:00,1778947236.298,99.89,48.582,125.789,38.62,78.175,155.643,50.23,36.30,35.95,35.79
2026-05-16T16:00:41+00:00,1778947241.299,99.87,48.577,125.789,38.62,78.186,155.643,50.23,36.20,35.94,35.79
2026-05-16T16:00:46+00:00,1778947246.300,99.87,48.605,125.789,38.64,78.195,155.643,50.24,35.86,35.87,35.77
2026-05-16T16:00:51+00:00,1778947251.302,99.88,48.607,125.789,38.64,78.204,155.643,50.25,35.55,35.81,35.75
2026-05-16T16:00:56+00:00,1778947256.303,99.87,48.618,125.789,38.65,78.211,155.643,50.25,35.75,35.85,35.76
2026-05-16T16:01:01+00:00,1778947261.304,99.88,48.624,125.789,38.66,78.217,155.643,50.25,35.69,35.83,35.75
2026-05-16T16:01:06+00:00,1778947266.306,99.87,48.631,125.789,38.66,78.225,155.643,50.26,35.63,35.82,35.75
2026-05-16T16:01:11+00:00,1778947271.307,99.88,48.637,125.789,38.67,78.234,155.643,50.27,35.98,35.89,35.77
2026-05-16T16:01:16+00:00,1778947276.308,99.87,48.646,125.789,38.67,78.243,155.643,50.27,36.54,36.01,35.81
2026-05-16T16:01:21+00:00,1778947281.310,99.88,48.671,125.789,38.69,78.250,155.643,50.28,37.30,36.17,35.87
2026-05-16T16:01:26+00:00,1778947286.311,99.87,48.678,125.789,38.70,78.255,155.643,50.28,37.12,36.15,35.86
2026-05-16T16:01:31+00:00,1778947291.312,99.86,48.688,125.789,38.71,78.261,155.643,50.28,36.79,36.10,35.85
2026-05-16T16:01:36+00:00,1778947296.313,99.88,48.697,125.789,38.71,78.268,155.643,50.29,36.64,36.08,35.84
2026-05-16T16:01:41+00:00,1778947301.315,99.89,48.784,125.789,38.78,78.276,155.643,50.29,37.15,36.20,35.88
2026-05-16T16:01:46+00:00,1778947306.316,99.88,48.766,125.789,38.77,78.287,155.643,50.30,37.54,36.29,35.91
2026-05-16T16:01:51+00:00,1778947311.317,99.89,48.768,125.789,38.77,78.303,155.643,50.31,37.42,36.29,35.91
2026-05-16T16:01:56+00:00,1778947316.318,99.87,48.769,125.789,38.77,78.323,155.643,50.32,37.54,36.33,35.93
2026-05-16T16:02:01+00:00,1778947321.320,99.87,48.759,125.789,38.76,78.337,155.643,50.33,37.18,36.28,35.91
2026-05-16T16:02:06+00:00,1778947326.321,99.89,48.746,125.789,38.75,78.348,155.643,50.34,36.93,36.24,35.90
2026-05-16T16:02:11+00:00,1778947331.322,99.87,48.753,125.789,38.76,78.357,155.643,50.34,36.93,36.25,35.91
2026-05-16T16:02:16+00:00,1778947336.324,99.87,48.741,125.789,38.75,78.367,155.643,50.35,36.86,36.25,35.91
2026-05-16T16:02:21+00:00,1778947341.325,99.88,48.749,125.789,38.75,78.376,155.643,50.36,36.47,36.18,35.89
2026-05-16T16:02:26+00:00,1778947346.326,99.86,48.755,125.789,38.76,78.383,155.643,50.36,36.19,36.12,35.87
2026-05-16T16:02:31+00:00,1778947351.328,99.88,48.755,125.789,38.76,78.389,155.643,50.36,36.50,36.19,35.90
2026-05-16T16:02:36+00:00,1778947356.329,99.89,48.755,125.789,38.76,78.395,155.643,50.37,35.97,36.08,35.86
2026-05-16T16:02:41+00:00,1778947361.330,99.87,48.760,125.789,38.76,78.402,155.643,50.37,36.94,36.28,35.93
2026-05-16T16:02:46+00:00,1778947366.332,99.88,48.768,125.789,38.77,78.410,155.643,50.38,36.54,36.21,35.91
2026-05-16T16:02:51+00:00,1778947371.333,99.88,48.773,125.789,38.77,78.419,155.643,50.38,36.26,36.16,35.89
2026-05-16T16:02:56+00:00,1778947376.334,99.88,48.784,125.789,38.78,78.427,155.643,50.39,36.80,36.27,35.93
2026-05-16T16:03:01+00:00,1778947381.336,99.88,48.789,125.789,38.79,78.433,155.643,50.39,37.70,36.47,36.00
2026-05-16T16:03:06+00:00,1778947386.337,99.87,48.798,125.789,38.79,78.439,155.643,50.40,37.32,36.41,35.98
2026-05-16T16:03:11+00:00,1778947391.338,99.87,48.806,125.789,38.80,78.446,155.643,50.40,36.89,36.34,35.96
2026-05-16T16:03:16+00:00,1778947396.339,99.86,48.917,125.789,38.89,78.455,155.643,50.41,36.50,36.26,35.94
2026-05-16T16:03:21+00:00,1778947401.341,99.86,48.908,125.789,38.88,78.468,155.643,50.42,36.14,36.19,35.91
2026-05-16T16:03:26+00:00,1778947406.342,99.86,48.921,125.789,38.89,78.484,155.643,50.43,36.69,36.31,35.95
2026-05-16T16:03:31+00:00,1778947411.343,99.87,48.917,125.789,38.89,78.505,155.643,50.44,37.44,36.47,36.01
2026-05-16T16:03:36+00:00,1778947416.345,99.86,48.894,125.789,38.87,78.520,155.643,50.45,37.56,36.51,36.02
2026-05-16T16:03:41+00:00,1778947421.346,99.87,48.876,125.789,38.86,78.531,155.643,50.46,37.12,36.43,36.00
2026-05-16T16:03:46+00:00,1778947426.348,99.87,48.875,125.789,38.85,78.541,155.643,50.46,37.59,36.54,36.04
2026-05-16T16:03:51+00:00,1778947431.349,99.87,48.861,125.789,38.84,78.551,155.643,50.47,37.22,36.48,36.02
2026-05-16T16:03:56+00:00,1778947436.350,99.87,48.864,125.789,38.85,78.560,155.643,50.47,36.80,36.41,36.00
2026-05-16T16:04:01+00:00,1778947441.352,99.87,48.870,125.789,38.85,78.569,155.643,50.48,37.14,36.49,36.03
2026-05-16T16:04:06+00:00,1778947446.353,99.86,48.881,125.789,38.86,78.577,155.643,50.49,37.53,36.58,36.06
2026-05-16T16:04:11+00:00,1778947451.354,99.87,48.888,125.789,38.87,78.585,155.643,50.49,37.08,36.50,36.04
2026-05-16T16:04:16+00:00,1778947456.355,99.88,48.892,125.789,38.87,78.594,155.643,50.50,38.12,36.73,36.11
2026-05-16T16:04:21+00:00,1778947461.357,99.84,48.907,125.789,38.88,78.604,155.643,50.50,37.63,36.65,36.09
2026-05-16T16:04:26+00:00,1778947466.358,99.89,48.914,125.789,38.89,78.611,155.643,50.51,37.50,36.64,36.09
2026-05-16T16:04:31+00:00,1778947471.359,99.88,48.919,125.789,38.89,78.617,155.643,50.51,37.86,36.73,36.12
2026-05-16T16:04:36+00:00,1778947476.361,99.87,48.928,125.789,38.90,78.622,155.643,50.51,37.79,36.73,36.13
2026-05-16T16:04:41+00:00,1778947481.362,99.87,48.938,125.789,38.90,78.629,155.643,50.52,37.33,36.65,36.10
2026-05-16T16:04:46+00:00,1778947486.364,99.87,49.042,125.789,38.99,78.638,155.643,50.52,36.90,36.57,36.08
2026-05-16T16:04:51+00:00,1778947491.365,99.86,49.027,125.789,38.98,78.648,155.643,50.53,36.75,36.55,36.08
2026-05-16T16:04:56+00:00,1778947496.366,99.89,49.039,125.789,38.99,78.662,155.643,50.54,37.49,36.71,36.13
2026-05-16T16:05:01+00:00,1778947501.367,99.88,49.037,125.789,38.98,78.681,155.643,50.55,37.29,36.68,36.12
2026-05-16T16:05:06+00:00,1778947506.369,99.88,49.027,125.789,38.98,78.696,155.643,50.56,36.86,36.60,36.10
2026-05-16T16:05:11+00:00,1778947511.370,99.88,49.009,125.789,38.96,78.708,155.643,50.57,36.47,36.52,36.08
2026-05-16T16:05:16+00:00,1778947516.371,99.89,49.008,125.789,38.96,78.717,155.643,50.58,36.20,36.46,36.06
2026-05-16T16:05:21+00:00,1778947521.373,99.88,48.995,125.789,38.95,78.727,155.643,50.58,35.86,36.39,36.04
2026-05-16T16:05:26+00:00,1778947526.374,99.88,49.002,125.789,38.96,78.737,155.643,50.59,35.87,36.38,36.04
2026-05-16T16:05:31+00:00,1778947531.375,99.89,49.013,125.789,38.96,78.744,155.643,50.59,35.64,36.33,36.02
2026-05-16T16:05:36+00:00,1778947536.376,99.87,49.025,125.789,38.97,78.751,155.643,50.60,36.39,36.47,36.07
2026-05-16T16:05:41+00:00,1778947541.378,99.88,49.029,125.789,38.98,78.758,155.643,50.60,36.04,36.40,36.05
2026-05-16T16:05:46+00:00,1778947546.379,99.86,49.035,125.789,38.98,78.767,155.643,50.61,36.04,36.39,36.05
2026-05-16T16:05:51+00:00,1778947551.380,99.86,49.049,125.789,38.99,78.775,155.643,50.61,36.43,36.47,36.08
2026-05-16T16:05:56+00:00,1778947556.382,99.87,49.060,125.789,39.00,78.784,155.643,50.62,36.16,36.41,36.06
2026-05-16T16:06:01+00:00,1778947561.383,99.89,49.063,125.789,39.00,78.791,155.643,50.62,36.15,36.40,36.06
2026-05-16T16:06:06+00:00,1778947566.384,99.89,49.071,125.789,39.01,78.797,155.643,50.63,36.77,36.53,36.10
2026-05-16T16:06:11+00:00,1778947571.385,99.89,49.083,125.789,39.02,78.804,155.643,50.63,36.39,36.45,36.08
2026-05-16T16:06:16+00:00,1778947576.387,99.88,49.201,125.789,39.11,78.813,155.643,50.64,36.04,36.38,36.06
2026-05-16T16:06:21+00:00,1778947581.388,99.87,49.202,125.789,39.11,78.825,155.643,50.64,35.80,36.32,36.04
2026-05-16T16:06:26+00:00,1778947586.389,99.84,49.233,125.789,39.14,78.838,155.643,50.65,35.57,36.27,36.02
2026-05-16T16:06:31+00:00,1778947591.391,99.86,49.225,125.789,39.13,78.857,155.643,50.67,35.37,36.21,36.01
2026-05-16T16:06:36+00:00,1778947596.392,99.88,49.215,125.789,39.12,78.875,155.643,50.68,35.18,36.16,35.99
2026-05-16T16:06:41+00:00,1778947601.394,99.87,49.194,125.789,39.11,78.888,155.643,50.69,35.00,36.11,35.97
2026-05-16T16:06:46+00:00,1778947606.395,99.87,49.196,125.789,39.11,78.898,155.643,50.69,34.84,36.05,35.96
2026-05-16T16:06:51+00:00,1778947611.396,99.87,49.189,125.789,39.10,78.909,155.643,50.70,35.09,36.09,35.97
2026-05-16T16:06:56+00:00,1778947616.397,99.87,49.191,125.789,39.11,78.918,155.643,50.70,35.89,36.24,36.02
2026-05-16T16:07:01+00:00,1778947621.399,99.89,49.193,125.789,39.11,78.928,155.643,50.71,36.54,36.36,36.06
2026-05-16T16:07:06+00:00,1778947626.400,99.88,49.206,125.789,39.12,78.936,155.643,50.72,36.58,36.37,36.07
2026-05-16T16:07:11+00:00,1778947631.401,99.88,49.215,125.789,39.13,78.943,155.643,50.72,36.29,36.32,36.05
2026-05-16T16:07:16+00:00,1778947636.402,99.88,49.226,125.789,39.13,78.952,155.643,50.73,36.02,36.26,36.03
2026-05-16T16:07:21+00:00,1778947641.404,99.87,49.229,125.789,39.14,78.961,155.643,50.73,35.78,36.21,36.02
2026-05-16T16:07:26+00:00,1778947646.405,99.87,49.236,125.789,39.14,78.970,155.643,50.74,36.28,36.31,36.05
2026-05-16T16:07:31+00:00,1778947651.406,99.86,49.243,125.789,39.15,78.978,155.643,50.74,35.94,36.23,36.03
2026-05-16T16:07:36+00:00,1778947656.408,99.87,49.251,125.789,39.15,78.984,155.643,50.75,35.70,36.18,36.01
2026-05-16T16:07:41+00:00,1778947661.409,99.88,49.256,125.789,39.16,78.990,155.643,50.75,35.49,36.13,35.99
2026-05-16T16:07:46+00:00,1778947666.410,99.88,49.266,125.789,39.17,78.998,155.643,50.76,35.21,36.06,35.97
2026-05-16T16:07:51+00:00,1778947671.411,99.87,49.371,125.789,39.25,79.006,155.643,50.76,35.03,36.01,35.96
2026-05-16T16:07:56+00:00,1778947676.413,99.85,49.363,125.789,39.24,79.017,155.643,50.77,35.51,36.09,35.98
2026-05-16T16:08:01+00:00,1778947681.414,99.88,49.376,125.789,39.25,79.032,155.643,50.78,36.03,36.19,36.02
2026-05-16T16:08:06+00:00,1778947686.415,99.89,49.374,125.789,39.25,79.052,155.643,50.79,35.87,36.15,36.01
2026-05-16T16:08:11+00:00,1778947691.417,99.87,49.348,125.789,39.23,79.067,155.643,50.80,35.64,36.10,35.99
2026-05-16T16:08:16+00:00,1778947696.418,99.89,49.342,125.789,39.23,79.079,155.643,50.81,36.63,36.30,36.05
2026-05-16T16:08:21+00:00,1778947701.419,99.88,49.348,125.789,39.23,79.088,155.643,50.81,37.22,36.42,36.10
2026-05-16T16:08:26+00:00,1778947706.421,99.87,49.335,125.789,39.22,79.099,155.643,50.82,37.68,36.53,36.13
2026-05-16T16:08:31+00:00,1778947711.422,99.87,49.337,125.789,39.22,79.108,155.643,50.83,37.22,36.46,36.11
2026-05-16T16:08:36+00:00,1778947716.423,99.87,49.339,125.789,39.22,79.116,155.643,50.83,36.81,36.38,36.09
2026-05-16T16:08:41+00:00,1778947721.425,99.87,49.357,125.789,39.24,79.124,155.643,50.84,36.50,36.33,36.07
2026-05-16T16:08:46+00:00,1778947726.426,99.86,49.366,125.789,39.25,79.132,155.643,50.84,36.22,36.27,36.06
2026-05-16T16:08:51+00:00,1778947731.427,99.87,49.372,125.789,39.25,79.139,155.643,50.85,36.76,36.38,36.09
2026-05-16T16:08:56+00:00,1778947736.429,99.87,49.382,125.789,39.26,79.148,155.643,50.85,36.46,36.33,36.08
2026-05-16T16:09:01+00:00,1778947741.430,99.88,49.389,125.789,39.26,79.156,155.643,50.86,36.26,36.29,36.06
2026-05-16T16:09:06+00:00,1778947746.431,99.87,49.397,125.789,39.27,79.163,155.643,50.86,36.80,36.40,36.10
2026-05-16T16:09:11+00:00,1778947751.433,99.87,49.400,125.789,39.27,79.169,155.643,50.87,36.50,36.34,36.09
2026-05-16T16:09:16+00:00,1778947756.434,99.88,49.412,125.789,39.28,79.176,155.643,50.87,36.86,36.42,36.11
2026-05-16T16:09:21+00:00,1778947761.435,99.88,49.422,125.789,39.29,79.184,155.643,50.88,36.71,36.40,36.11
2026-05-16T16:09:26+00:00,1778947766.436,99.89,49.527,125.789,39.37,79.192,155.643,50.88,37.45,36.56,36.16
2026-05-16T16:09:31+00:00,1778947771.438,99.88,49.549,125.789,39.39,79.204,155.643,50.89,37.42,36.56,36.16
2026-05-16T16:09:36+00:00,1778947776.439,99.87,49.555,125.789,39.40,79.218,155.643,50.90,37.14,36.52,36.15
2026-05-16T16:09:41+00:00,1778947781.440,99.89,49.554,125.789,39.39,79.235,155.643,50.91,36.73,36.45,36.13
2026-05-16T16:09:46+00:00,1778947786.442,99.90,49.548,125.789,39.39,79.251,155.643,50.92,36.43,36.39,36.11
2026-05-16T16:09:51+00:00,1778947791.443,99.91,49.538,125.789,39.38,79.262,155.643,50.93,36.80,36.47,36.14
2026-05-16T16:09:56+00:00,1778947796.444,99.89,49.528,125.789,39.37,79.272,155.643,50.93,36.49,36.41,36.12
2026-05-16T16:10:01+00:00,1778947801.445,99.88,49.511,125.789,39.36,79.282,155.643,50.94,36.77,36.47,36.14
2026-05-16T16:10:06+00:00,1778947806.447,99.88,49.524,125.789,39.37,79.291,155.643,50.94,36.55,36.43,36.13
2026-05-16T16:10:11+00:00,1778947811.448,99.86,49.530,125.789,39.38,79.300,155.643,50.95,37.15,36.55,36.17
2026-05-16T16:10:16+00:00,1778947816.449,99.87,49.533,125.789,39.38,79.308,155.643,50.96,36.98,36.53,36.17
2026-05-16T16:10:21+00:00,1778947821.451,99.89,49.537,125.789,39.38,79.316,155.643,50.96,37.46,36.63,36.20
2026-05-16T16:10:26+00:00,1778947826.452,99.87,49.541,125.789,39.38,79.323,155.643,50.96,37.42,36.64,36.21
2026-05-16T16:10:31+00:00,1778947831.453,99.88,49.551,125.789,39.39,79.331,155.643,50.97,37.07,36.58,36.19
2026-05-16T16:10:36+00:00,1778947836.455,99.89,49.606,125.789,39.44,79.340,155.643,50.98,36.66,36.50,36.17
2026-05-16T16:10:41+00:00,1778947841.456,99.89,49.615,125.789,39.44,79.347,155.643,50.98,36.37,36.45,36.15
2026-05-16T16:10:46+00:00,1778947846.457,99.86,49.628,125.789,39.45,79.352,155.643,50.98,36.74,36.52,36.18
2026-05-16T16:10:51+00:00,1778947851.459,99.88,49.639,125.789,39.46,79.357,155.643,50.99,36.44,36.46,36.16
2026-05-16T16:10:56+00:00,1778947856.460,99.88,49.650,125.789,39.47,79.364,155.643,50.99,37.12,36.60,36.21
2026-05-16T16:11:01+00:00,1778947861.461,99.87,49.770,125.789,39.57,79.371,155.643,51.00,36.79,36.54,36.19
2026-05-16T16:11:06+00:00,1778947866.463,99.89,49.753,125.789,39.55,79.380,155.643,51.00,36.41,36.47,36.17
2026-05-16T16:11:11+00:00,1778947871.464,99.87,49.744,125.789,39.55,79.392,155.643,51.01,36.86,36.56,36.20
2026-05-16T16:11:16+00:00,1778947876.465,99.87,49.745,125.789,39.55,79.406,155.643,51.02,36.55,36.50,36.18
2026-05-16T16:11:21+00:00,1778947881.466,99.88,49.746,125.789,39.55,79.424,155.643,51.03,36.18,36.43,36.16
2026-05-16T16:11:26+00:00,1778947886.468,99.89,49.731,125.789,39.54,79.437,155.643,51.04,36.01,36.39,36.15
2026-05-16T16:11:31+00:00,1778947891.469,99.88,49.717,125.789,39.52,79.447,155.643,51.04,35.93,36.36,36.14
2026-05-16T16:11:36+00:00,1778947896.470,99.87,49.718,125.789,39.53,79.456,155.643,51.05,36.89,36.56,36.20
2026-05-16T16:11:41+00:00,1778947901.471,99.87,49.717,125.789,39.52,79.466,155.643,51.06,36.58,36.50,36.19
2026-05-16T16:11:46+00:00,1778947906.473,99.87,49.723,125.789,39.53,79.473,155.643,51.06,36.86,36.56,36.21
2026-05-16T16:11:51+00:00,1778947911.474,99.88,49.734,125.789,39.54,79.480,155.643,51.07,36.47,36.48,36.18
2026-05-16T16:11:56+00:00,1778947916.475,99.86,49.740,125.789,39.54,79.486,155.643,51.07,36.19,36.42,36.17
2026-05-16T16:12:01+00:00,1778947921.477,99.89,49.745,125.789,39.55,79.493,155.643,51.07,36.17,36.41,36.17
2026-05-16T16:12:06+00:00,1778947926.478,99.88,49.752,125.789,39.55,79.501,155.643,51.08,35.84,36.34,36.14
2026-05-16T16:12:11+00:00,1778947931.479,99.88,49.758,125.789,39.56,79.509,155.643,51.08,36.17,36.40,36.16
2026-05-16T16:12:16+00:00,1778947936.480,99.88,49.768,125.789,39.57,79.517,155.643,51.09,36.56,36.48,36.19
2026-05-16T16:12:21+00:00,1778947941.482,99.87,49.776,125.789,39.57,79.526,155.643,51.10,36.43,36.45,36.18
2026-05-16T16:12:26+00:00,1778947946.483,99.89,49.782,125.789,39.58,79.532,155.643,51.10,36.16,36.40,36.17
2026-05-16T16:12:31+00:00,1778947951.485,99.88,49.779,125.789,39.57,79.538,155.643,51.10,35.91,36.34,36.15
2026-05-16T16:12:36+00:00,1778947956.486,99.88,49.775,125.789,39.57,79.546,155.643,51.11,35.75,36.30,36.14
2026-05-16T16:12:41+00:00,1778947961.487,99.86,49.886,125.789,39.66,79.555,155.643,51.11,35.45,36.23,36.12
2026-05-16T16:12:46+00:00,1778947966.488,99.88,49.886,125.789,39.66,79.567,155.643,51.12,35.34,36.19,36.10
2026-05-16T16:12:51+00:00,1778947971.490,99.89,49.886,125.789,39.66,79.581,155.643,51.13,35.39,36.19,36.10
2026-05-16T16:12:56+00:00,1778947976.491,99.88,49.882,125.789,39.66,79.600,155.643,51.14,35.28,36.15,36.09
2026-05-16T16:13:01+00:00,1778947981.492,99.87,49.871,125.789,39.65,79.616,155.643,51.15,35.82,36.25,36.12
2026-05-16T16:13:06+00:00,1778947986.494,99.88,49.856,125.789,39.63,79.627,155.643,51.16,35.51,36.18,36.10
2026-05-16T16:13:11+00:00,1778947991.495,99.89,49.842,125.789,39.62,79.638,155.643,51.17,35.47,36.16,36.09
2026-05-16T16:13:16+00:00,1778947996.496,99.89,49.841,125.789,39.62,79.648,155.643,51.17,36.31,36.32,36.15
2026-05-16T16:13:21+00:00,1778948001.498,99.88,49.846,125.789,39.63,79.657,155.643,51.18,35.89,36.23,36.12
2026-05-16T16:13:26+00:00,1778948006.499,99.88,49.848,125.789,39.63,79.666,155.643,51.19,35.74,36.20,36.11
2026-05-16T16:13:31+00:00,1778948011.500,99.87,49.854,125.789,39.63,79.674,155.643,51.19,35.44,36.13,36.09
2026-05-16T16:13:36+00:00,1778948016.501,99.87,49.865,125.789,39.64,79.680,155.643,51.19,35.32,36.09,36.07
2026-05-16T16:13:41+00:00,1778948021.503,99.87,49.872,125.789,39.65,79.688,155.643,51.20,35.22,36.06,36.06
2026-05-16T16:13:46+00:00,1778948026.504,99.87,49.876,125.789,39.65,79.697,155.643,51.21,34.96,35.99,36.04
2026-05-16T16:13:51+00:00,1778948031.505,99.89,49.909,125.789,39.68,79.706,155.643,51.21,34.96,35.97,36.04
2026-05-16T16:13:56+00:00,1778948036.507,99.88,49.916,125.789,39.68,79.712,155.643,51.21,34.80,35.92,36.02
2026-05-16T16:14:01+00:00,1778948041.508,99.88,49.922,125.789,39.69,79.716,155.643,51.22,35.06,35.96,36.03
2026-05-16T16:14:06+00:00,1778948046.509,99.89,49.930,125.789,39.69,79.722,155.643,51.22,34.89,35.91,36.01
2026-05-16T16:14:11+00:00,1778948051.511,99.87,49.942,125.789,39.70,79.728,155.643,51.23,34.66,35.84,35.99
2026-05-16T16:14:16+00:00,1778948056.512,99.87,50.041,125.789,39.78,79.736,155.643,51.23,35.01,35.89,36.01
2026-05-16T16:14:21+00:00,1778948061.514,99.88,50.036,125.789,39.78,79.746,155.643,51.24,34.85,35.85,35.99
2026-05-16T16:14:26+00:00,1778948066.515,99.89,50.050,125.789,39.79,79.759,155.643,51.25,35.26,35.92,36.01
2026-05-16T16:14:31+00:00,1778948071.516,99.89,50.045,125.789,39.79,79.778,155.643,51.26,35.16,35.88,36.00
2026-05-16T16:14:36+00:00,1778948076.518,99.88,50.029,125.789,39.77,79.795,155.643,51.27,35.07,35.85,35.99
2026-05-16T16:14:41+00:00,1778948081.519,99.89,50.031,125.789,39.77,79.807,155.643,51.28,35.06,35.84,35.98
2026-05-16T16:14:46+00:00,1778948086.520,99.88,50.027,125.789,39.77,79.817,155.643,51.28,34.82,35.77,35.96
2026-05-16T16:14:51+00:00,1778948091.522,99.88,50.014,125.789,39.76,79.827,155.643,51.29,34.67,35.73,35.95
2026-05-16T16:14:56+00:00,1778948096.523,99.89,50.024,125.789,39.77,79.836,155.643,51.29,34.46,35.66,35.93
2026-05-16T16:15:01+00:00,1778948101.524,99.89,50.036,125.789,39.78,79.843,155.643,51.30,34.34,35.62,35.91
2026-05-16T16:15:06+00:00,1778948106.526,99.87,50.049,125.789,39.79,79.849,155.643,51.30,34.15,35.56,35.89
2026-05-16T16:15:11+00:00,1778948111.527,99.87,50.055,125.789,39.79,79.856,155.643,51.31,33.98,35.50,35.87
2026-05-16T16:15:16+00:00,1778948116.529,99.87,50.063,125.789,39.80,79.863,155.643,51.31,33.82,35.44,35.85
2026-05-16T16:15:21+00:00,1778948121.530,99.87,50.071,125.789,39.81,79.870,155.643,51.32,33.76,35.40,35.83
2026-05-16T16:15:26+00:00,1778948126.531,99.86,50.080,125.789,39.81,79.878,155.643,51.32,33.61,35.34,35.81
2026-05-16T16:15:31+00:00,1778948131.533,99.86,50.086,125.789,39.82,79.886,155.643,51.33,34.53,35.50,35.86
2026-05-16T16:15:36+00:00,1778948136.534,99.86,50.100,125.789,39.83,79.893,155.643,51.33,34.64,35.51,35.86
2026-05-16T16:15:41+00:00,1778948141.535,99.87,50.101,125.789,39.83,79.898,155.643,51.33,34.43,35.45,35.84
2026-05-16T16:15:46+00:00,1778948146.537,99.87,50.108,125.789,39.83,79.905,155.643,51.34,34.32,35.41,35.82
2026-05-16T16:15:51+00:00,1778948151.538,99.87,50.246,125.789,39.94,79.913,155.643,51.34,35.17,35.57,35.87
2026-05-16T16:15:56+00:00,1778948156.539,99.87,50.233,125.789,39.93,79.923,155.643,51.35,35.56,35.65,35.90
2026-05-16T16:16:01+00:00,1778948161.541,99.87,50.241,125.789,39.94,79.934,155.643,51.36,35.27,35.59,35.87
2026-05-16T16:16:06+00:00,1778948166.542,99.87,50.242,125.789,39.94,79.949,155.643,51.37,35.09,35.54,35.86
2026-05-16T16:16:11+00:00,1778948171.543,99.86,50.241,125.789,39.94,79.970,155.643,51.38,35.25,35.57,35.87
2026-05-16T16:16:16+00:00,1778948176.545,99.87,50.225,125.789,39.93,79.983,155.643,51.39,35.06,35.52,35.85
2026-05-16T16:16:21+00:00,1778948181.546,99.86,50.212,125.789,39.92,79.993,155.643,51.40,34.98,35.50,35.84
2026-05-16T16:16:26+00:00,1778948186.547,99.89,50.212,125.789,39.92,80.003,155.643,51.40,34.74,35.44,35.82
2026-05-16T16:16:31+00:00,1778948191.549,99.86,50.202,125.789,39.91,80.013,155.643,51.41,34.52,35.38,35.80
2026-05-16T16:16:36+00:00,1778948196.550,99.87,50.207,125.789,39.91,80.023,155.643,51.41,34.40,35.34,35.78
2026-05-16T16:16:41+00:00,1778948201.551,99.87,50.217,125.789,39.92,80.031,155.643,51.42,34.21,35.29,35.76
2026-05-16T16:16:46+00:00,1778948206.553,99.86,50.230,125.789,39.93,80.038,155.643,51.42,34.11,35.25,35.75
2026-05-16T16:16:51+00:00,1778948211.554,99.84,50.236,125.789,39.94,80.045,155.643,51.43,33.94,35.20,35.73
2026-05-16T16:16:56+00:00,1778948216.555,99.86,50.243,125.789,39.94,80.053,155.643,51.43,34.91,35.38,35.78
2026-05-16T16:17:01+00:00,1778948221.557,99.87,50.250,125.789,39.95,80.061,155.643,51.44,34.67,35.32,35.76
2026-05-16T16:17:06+00:00,1778948226.558,99.85,50.259,125.789,39.96,80.070,155.643,51.44,34.70,35.31,35.76
2026-05-16T16:17:11+00:00,1778948231.559,99.86,50.266,125.789,39.96,80.076,155.643,51.45,34.48,35.26,35.74
2026-05-16T16:17:16+00:00,1778948236.561,99.87,50.272,125.789,39.97,80.081,155.643,51.45,34.36,35.22,35.72
2026-05-16T16:17:21+00:00,1778948241.562,99.87,50.287,125.789,39.98,80.087,155.643,51.46,34.17,35.17,35.70
2026-05-16T16:17:26+00:00,1778948246.563,99.86,50.301,125.789,39.99,80.095,155.643,51.46,34.00,35.11,35.68
2026-05-16T16:17:31+00:00,1778948251.565,99.86,50.400,125.789,40.07,80.103,155.643,51.47,34.08,35.11,35.68
2026-05-16T16:17:36+00:00,1778948256.566,99.87,50.385,125.789,40.06,80.114,155.643,51.47,34.63,35.21,35.71
2026-05-16T16:17:41+00:00,1778948261.567,99.89,50.392,125.789,40.06,80.128,155.643,51.48,35.14,35.31,35.73
2026-05-16T16:17:46+00:00,1778948266.569,99.87,50.389,125.789,40.06,80.146,155.643,51.49,35.21,35.32,35.74
2026-05-16T16:17:51+00:00,1778948271.570,99.86,50.385,125.789,40.06,80.161,155.643,51.50,35.44,35.36,35.75
2026-05-16T16:17:56+00:00,1778948276.571,99.87,50.359,125.789,40.03,80.171,155.643,51.51,35.16,35.31,35.73
2026-05-16T16:18:01+00:00,1778948281.573,99.87,50.361,125.789,40.04,80.180,155.643,51.52,34.91,35.25,35.71
2026-05-16T16:18:06+00:00,1778948286.574,99.89,50.350,125.789,40.03,80.189,155.643,51.52,34.76,35.21,35.69
2026-05-16T16:18:11+00:00,1778948291.575,99.86,50.358,125.789,40.03,80.198,155.643,51.53,35.66,35.39,35.75
2026-05-16T16:18:16+00:00,1778948296.577,99.86,50.367,125.789,40.04,80.205,155.643,51.53,35.36,35.34,35.73
2026-05-16T16:18:21+00:00,1778948301.578,99.87,50.395,125.789,40.06,80.211,155.643,51.54,35.57,35.38,35.74
2026-05-16T16:18:26+00:00,1778948306.579,99.86,50.403,125.789,40.07,80.219,155.643,51.54,35.37,35.34,35.72
2026-05-16T16:18:31+00:00,1778948311.581,99.85,50.411,125.789,40.08,80.226,155.643,51.55,35.10,35.29,35.70
2026-05-16T16:18:36+00:00,1778948316.582,99.87,50.422,125.789,40.09,80.235,155.643,51.55,34.85,35.23,35.68
2026-05-16T16:18:41+00:00,1778948321.584,99.87,50.437,125.789,40.10,80.243,155.643,51.56,35.58,35.38,35.73
2026-05-16T16:18:46+00:00,1778948326.585,99.87,50.441,125.789,40.10,80.251,155.643,51.56,36.34,35.54,35.78
2026-05-16T16:18:51+00:00,1778948331.586,99.86,50.448,125.789,40.11,80.258,155.643,51.57,36.87,35.66,35.82
2026-05-16T16:18:56+00:00,1778948336.588,99.87,50.459,125.789,40.11,80.265,155.643,51.57,36.64,35.63,35.81
2026-05-16T16:19:01+00:00,1778948341.589,99.87,50.566,125.789,40.20,80.272,155.643,51.57,36.43,35.61,35.80
2026-05-16T16:19:06+00:00,1778948346.590,99.89,50.559,125.789,40.19,80.282,155.643,51.58,36.15,35.56,35.78
2026-05-16T16:19:11+00:00,1778948351.592,99.86,50.582,125.789,40.21,80.294,155.643,51.59,35.82,35.50,35.76
2026-05-16T16:19:16+00:00,1778948356.593,99.86,50.595,125.789,40.22,80.311,155.643,51.60,35.75,35.50,35.76
2026-05-16T16:19:21+00:00,1778948361.594,99.87,50.590,125.789,40.22,80.330,155.643,51.61,36.50,35.65,35.81
2026-05-16T16:19:26+00:00,1778948366.595,99.86,50.569,125.789,40.20,80.344,155.643,51.62,36.86,35.74,35.84
2026-05-16T16:19:31+00:00,1778948371.597,99.86,50.564,125.789,40.20,80.355,155.643,51.63,36.55,35.70,35.82
2026-05-16T16:19:36+00:00,1778948376.598,99.86,50.568,125.789,40.20,80.365,155.643,51.63,36.98,35.80,35.85
2026-05-16T16:19:41+00:00,1778948381.600,99.86,50.565,125.789,40.20,80.376,155.643,51.64,36.83,35.79,35.85
2026-05-16T16:19:46+00:00,1778948386.601,99.86,50.565,125.789,40.20,80.385,155.643,51.65,36.44,35.72,35.83
2026-05-16T16:19:51+00:00,1778948391.602,99.87,50.574,125.789,40.21,80.393,155.643,51.65,36.64,35.78,35.85
2026-05-16T16:19:56+00:00,1778948396.604,99.87,50.575,125.789,40.21,80.400,155.643,51.66,36.51,35.77,35.84
2026-05-16T16:20:01+00:00,1778948401.605,99.87,50.584,125.789,40.21,80.407,155.643,51.66,36.31,35.74,35.83
2026-05-16T16:20:06+00:00,1778948406.606,99.87,50.591,125.789,40.22,80.415,155.643,51.67,36.05,35.69,35.81
2026-05-16T16:20:11+00:00,1778948411.607,99.87,50.602,125.789,40.23,80.423,155.643,51.67,36.04,35.70,35.82
2026-05-16T16:20:16+00:00,1778948416.609,99.86,50.616,125.789,40.24,80.431,155.643,51.68,36.28,35.75,35.83
2026-05-16T16:20:21+00:00,1778948421.610,99.86,50.626,125.789,40.25,80.437,155.643,51.68,36.02,35.70,35.82
2026-05-16T16:20:26+00:00,1778948426.611,99.85,50.633,125.789,40.25,80.441,155.643,51.68,35.77,35.66,35.80
2026-05-16T16:20:31+00:00,1778948431.613,99.86,50.639,125.789,40.26,80.449,155.643,51.69,35.95,35.70,35.81
2026-05-16T16:20:36+00:00,1778948436.614,99.87,50.647,125.789,40.26,80.456,155.643,51.69,35.64,35.64,35.79
2026-05-16T16:20:41+00:00,1778948441.615,99.83,50.740,125.789,40.34,80.465,155.643,51.70,35.66,35.64,35.80
2026-05-16T16:20:46+00:00,1778948446.617,99.87,50.739,125.789,40.34,80.478,155.643,51.71,35.61,35.63,35.79
2026-05-16T16:20:51+00:00,1778948451.618,99.84,50.747,125.789,40.34,80.496,155.643,51.72,35.32,35.57,35.77
2026-05-16T16:20:56+00:00,1778948456.619,99.87,50.736,125.789,40.33,80.514,155.643,51.73,35.78,35.66,35.80
2026-05-16T16:21:01+00:00,1778948461.621,99.86,50.712,125.789,40.32,80.527,155.643,51.74,35.55,35.62,35.78
2026-05-16T16:21:06+00:00,1778948466.622,99.86,50.710,125.789,40.31,80.537,155.643,51.75,35.43,35.59,35.77
2026-05-16T16:21:11+00:00,1778948471.623,99.86,50.708,125.789,40.31,80.547,155.643,51.75,35.23,35.55,35.76
2026-05-16T16:21:16+00:00,1778948476.625,99.86,50.720,125.789,40.32,80.557,155.643,51.76,35.86,35.67,35.80
2026-05-16T16:21:21+00:00,1778948481.626,99.85,50.731,125.789,40.33,80.565,155.643,51.76,35.71,35.64,35.79
2026-05-16T16:21:26+00:00,1778948486.627,99.86,50.737,125.789,40.34,80.570,155.643,51.77,35.81,35.67,35.80
2026-05-16T16:21:31+00:00,1778948491.628,99.87,50.742,125.789,40.34,80.576,155.643,51.77,36.47,35.81,35.84
2026-05-16T16:21:36+00:00,1778948496.630,99.85,50.759,125.789,40.35,80.584,155.643,51.77,36.99,35.93,35.88
2026-05-16T16:21:41+00:00,1778948501.631,99.86,50.772,125.789,40.36,80.592,155.643,51.78,36.91,35.93,35.88
2026-05-16T16:21:46+00:00,1778948506.633,99.86,50.776,125.789,40.37,80.601,155.643,51.79,36.76,35.91,35.87
2026-05-16T16:21:51+00:00,1778948511.634,99.86,50.779,125.789,40.37,80.609,155.643,51.79,36.38,35.85,35.85
2026-05-16T16:21:56+00:00,1778948516.635,99.86,50.790,125.789,40.38,80.617,155.643,51.80,36.51,35.88,35.87
2026-05-16T16:22:01+00:00,1778948521.637,99.89,50.794,125.789,40.38,80.623,155.643,51.80,36.23,35.83,35.85
2026-05-16T16:22:06+00:00,1778948526.638,99.87,50.802,125.789,40.39,80.630,155.643,51.80,35.89,35.77,35.83
2026-05-16T16:22:11+00:00,1778948531.639,99.86,50.930,125.789,40.49,80.638,155.643,51.81,35.58,35.71,35.81
2026-05-16T16:22:16+00:00,1778948536.641,99.86,50.911,125.789,40.47,80.647,155.643,51.82,35.37,35.66,35.79
2026-05-16T16:22:21+00:00,1778948541.642,99.87,50.935,125.789,40.49,80.659,155.643,51.82,35.10,35.60,35.77
2026-05-16T16:22:26+00:00,1778948546.643,99.86,50.939,125.789,40.50,80.676,155.643,51.83,35.81,35.74,35.82
2026-05-16T16:22:31+00:00,1778948551.645,99.86,50.932,125.789,40.49,80.697,155.643,51.85,35.59,35.69,35.80
2026-05-16T16:22:36+00:00,1778948556.646,99.87,50.901,125.789,40.47,80.711,155.643,51.86,35.70,35.72,35.81
2026-05-16T16:22:41+00:00,1778948561.647,99.88,50.890,125.789,40.46,80.721,155.643,51.86,35.48,35.67,35.79
2026-05-16T16:22:46+00:00,1778948566.649,99.86,50.887,125.789,40.45,80.732,155.643,51.87,36.01,35.78,35.83
2026-05-16T16:22:51+00:00,1778948571.650,99.86,50.890,125.789,40.46,80.741,155.643,51.88,35.68,35.71,35.81
2026-05-16T16:22:56+00:00,1778948576.651,99.86,50.894,125.789,40.46,80.751,155.643,51.88,35.95,35.77,35.82
2026-05-16T16:23:01+00:00,1778948581.653,99.87,50.901,125.789,40.47,80.758,155.643,51.89,35.63,35.71,35.80
2026-05-16T16:23:06+00:00,1778948586.654,99.86,50.912,125.789,40.47,80.764,155.643,51.89,35.42,35.66,35.79
2026-05-16T16:23:11+00:00,1778948591.655,99.86,50.922,125.789,40.48,80.771,155.643,51.90,35.31,35.63,35.78
2026-05-16T16:23:16+00:00,1778948596.657,99.86,50.927,125.789,40.49,80.780,155.643,51.90,35.04,35.57,35.76
2026-05-16T16:23:21+00:00,1778948601.658,99.87,50.938,125.789,40.50,80.788,155.643,51.91,34.88,35.53,35.74
2026-05-16T16:23:26+00:00,1778948606.660,99.86,50.948,125.789,40.50,80.795,155.643,51.91,34.81,35.50,35.73
2026-05-16T16:23:31+00:00,1778948611.661,99.87,50.956,125.789,40.51,80.800,155.643,51.91,35.30,35.60,35.76
2026-05-16T16:23:36+00:00,1778948616.662,99.86,50.967,125.789,40.52,80.807,155.643,51.92,35.36,35.60,35.76
2026-05-16T16:23:41+00:00,1778948621.664,99.86,50.971,125.789,40.52,80.815,155.643,51.92,35.17,35.56,35.75
2026-05-16T16:23:46+00:00,1778948626.665,99.86,51.079,125.789,40.61,80.822,155.643,51.93,35.80,35.68,35.79
2026-05-16T16:23:51+00:00,1778948631.666,99.85,51.069,125.789,40.60,80.833,155.643,51.93,35.49,35.62,35.77
2026-05-16T16:23:56+00:00,1778948636.668,99.87,51.079,125.789,40.61,80.846,155.643,51.94,35.21,35.56,35.74
2026-05-16T16:24:01+00:00,1778948641.669,99.87,51.077,125.789,40.61,80.863,155.643,51.95,35.52,35.62,35.76
2026-05-16T16:24:06+00:00,1778948646.670,99.86,51.071,125.789,40.60,80.878,155.643,51.96,36.28,35.77,35.81
2026-05-16T16:24:11+00:00,1778948651.672,99.87,51.062,125.789,40.59,80.890,155.643,51.97,36.82,35.89,35.85
2026-05-16T16:24:16+00:00,1778948656.673,99.87,51.064,125.789,40.59,80.900,155.643,51.98,36.43,35.83,35.83
2026-05-16T16:24:21+00:00,1778948661.674,99.85,51.061,125.789,40.59,80.909,155.643,51.98,37.28,36.01,35.89
2026-05-16T16:24:26+00:00,1778948666.676,99.87,51.072,125.789,40.60,80.918,155.643,51.99,37.73,36.13,35.93
2026-05-16T16:24:31+00:00,1778948671.677,99.86,51.081,125.789,40.61,80.926,155.643,51.99,37.52,36.11,35.92
2026-05-16T16:24:36+00:00,1778948676.678,99.86,51.089,125.789,40.62,80.932,155.643,52.00,38.12,36.26,35.97
2026-05-16T16:24:41+00:00,1778948681.680,99.87,51.099,125.789,40.62,80.939,155.643,52.00,38.35,36.34,36.00
2026-05-16T16:24:46+00:00,1778948686.681,99.87,51.109,125.789,40.63,80.946,155.643,52.01,38.64,36.43,36.03
2026-05-16T16:24:51+00:00,1778948691.682,99.86,51.118,125.789,40.64,80.953,155.643,52.01,38.19,36.38,36.02
2026-05-16T16:24:56+00:00,1778948696.684,99.86,51.125,125.789,40.64,80.961,155.643,52.02,37.69,36.30,35.99
2026-05-16T16:25:01+00:00,1778948701.685,99.86,51.135,125.789,40.65,80.968,155.643,52.02,37.24,36.23,35.97
2026-05-16T16:25:06+00:00,1778948706.687,99.87,51.143,125.789,40.66,80.974,155.643,52.03,37.14,36.23,35.97
2026-05-16T16:25:11+00:00,1778948711.688,99.87,51.153,125.789,40.67,80.981,155.643,52.03,38.01,36.42,36.04
2026-05-16T16:25:16+00:00,1778948716.689,99.86,51.159,125.789,40.67,80.988,155.643,52.03,38.09,36.47,36.05
2026-05-16T16:25:21+00:00,1778948721.690,99.87,51.276,125.789,40.76,80.996,155.643,52.04,37.92,36.46,36.05
2026-05-16T16:25:26+00:00,1778948726.692,99.87,51.277,125.789,40.76,81.005,155.643,52.05,38.33,36.57,36.09
2026-05-16T16:25:31+00:00,1778948731.693,99.86,51.284,125.789,40.77,81.017,155.643,52.05,37.98,36.52,36.08
2026-05-16T16:25:36+00:00,1778948736.695,99.87,51.284,125.789,40.77,81.034,155.643,52.06,37.90,36.53,36.08
2026-05-16T16:25:41+00:00,1778948741.696,99.88,51.285,125.789,40.77,81.052,155.643,52.08,37.43,36.46,36.06
2026-05-16T16:25:46+00:00,1778948746.697,99.86,51.266,125.789,40.76,81.067,155.643,52.09,37.07,36.40,36.05
2026-05-16T16:25:51+00:00,1778948751.699,99.88,51.246,125.789,40.74,81.078,155.643,52.09,36.67,36.33,36.02
2026-05-16T16:25:56+00:00,1778948756.700,99.87,51.246,125.789,40.74,81.089,155.643,52.10,36.29,36.25,36.00
2026-05-16T16:26:01+00:00,1778948761.701,99.88,51.241,125.789,40.74,81.099,155.643,52.11,35.95,36.18,35.98
2026-05-16T16:26:06+00:00,1778948766.703,99.88,51.251,125.789,40.74,81.109,155.643,52.11,35.55,36.10,35.95
2026-05-16T16:26:11+00:00,1778948771.704,99.86,51.260,125.789,40.75,81.117,155.643,52.12,35.75,36.13,35.96
2026-05-16T16:26:16+00:00,1778948776.705,99.87,51.262,125.789,40.75,81.122,155.643,52.12,35.53,36.08,35.95
2026-05-16T16:26:21+00:00,1778948781.707,99.87,51.259,125.789,40.75,81.129,155.643,52.13,35.33,36.02,35.93
2026-05-16T16:26:26+00:00,1778948786.708,99.89,51.263,125.789,40.75,81.137,155.643,52.13,35.06,35.96,35.91
2026-05-16T16:26:31+00:00,1778948791.710,99.86,51.271,125.789,40.76,81.146,155.643,52.14,35.86,36.11,35.96
2026-05-16T16:26:36+00:00,1778948796.711,99.89,51.275,125.789,40.76,81.153,155.643,52.14,35.71,36.07,35.95
2026-05-16T16:26:41+00:00,1778948801.712,99.88,51.279,125.789,40.77,81.159,155.643,52.14,36.77,36.29,36.02
2026-05-16T16:26:46+00:00,1778948806.714,99.86,51.299,125.789,40.78,81.165,155.643,52.15,37.19,36.38,36.05
2026-05-16T16:26:51+00:00,1778948811.715,99.87,51.306,125.789,40.79,81.173,155.643,52.15,36.77,36.31,36.03
2026-05-16T16:26:56+00:00,1778948816.717,99.87,51.396,125.789,40.86,81.181,155.643,52.16,37.19,36.40,36.06
2026-05-16T16:27:01+00:00,1778948821.718,99.86,51.387,125.789,40.85,81.191,155.643,52.17,37.34,36.45,36.08
2026-05-16T16:27:06+00:00,1778948826.719,99.89,51.393,125.789,40.86,81.205,155.643,52.17,37.15,36.42,36.07
2026-05-16T16:27:11+00:00,1778948831.721,99.89,51.391,125.789,40.86,81.224,155.643,52.19,36.74,36.35,36.05
2026-05-16T16:27:16+00:00,1778948836.722,99.87,51.382,125.789,40.85,81.241,155.643,52.20,36.92,36.39,36.07
2026-05-16T16:27:21+00:00,1778948841.724,99.87,51.385,125.789,40.85,81.253,155.643,52.20,37.25,36.47,36.09
2026-05-16T16:27:26+00:00,1778948846.725,99.88,51.384,125.789,40.85,81.262,155.643,52.21,37.07,36.45,36.09
2026-05-16T16:27:31+00:00,1778948851.726,99.89,51.375,125.789,40.84,81.272,155.643,52.22,36.74,36.39,36.07
2026-05-16T16:27:36+00:00,1778948856.728,99.86,51.370,125.789,40.84,81.281,155.643,52.22,36.36,36.31,36.05
2026-05-16T16:27:41+00:00,1778948861.729,99.87,51.377,125.789,40.84,81.289,155.643,52.23,36.09,36.26,36.03
2026-05-16T16:27:46+00:00,1778948866.730,99.87,51.387,125.789,40.85,81.295,155.643,52.23,35.76,36.19,36.01
2026-05-16T16:27:51+00:00,1778948871.732,99.87,51.393,125.789,40.86,81.301,155.643,52.24,35.78,36.19,36.01
2026-05-16T16:27:56+00:00,1778948876.733,99.87,51.397,125.789,40.86,81.307,155.643,52.24,35.48,36.12,35.99
2026-05-16T16:28:01+00:00,1778948881.734,99.87,51.406,125.789,40.87,81.314,155.643,52.24,35.20,36.05,35.97
2026-05-16T16:28:06+00:00,1778948886.736,99.89,51.415,125.789,40.87,81.322,155.643,52.25,34.94,35.98,35.94
2026-05-16T16:28:11+00:00,1778948891.737,99.86,51.421,125.789,40.88,81.330,155.643,52.25,35.27,36.03,35.96
2026-05-16T16:28:16+00:00,1778948896.738,99.87,51.432,125.789,40.89,81.338,155.643,52.26,35.17,36.00,35.95
2026-05-16T16:28:21+00:00,1778948901.740,99.88,51.451,125.789,40.90,81.344,155.643,52.26,34.99,35.95,35.93
2026-05-16T16:28:26+00:00,1778948906.741,99.87,51.454,125.789,40.91,81.350,155.643,52.27,34.75,35.88,35.91
2026-05-16T16:28:31+00:00,1778948911.742,99.88,51.459,125.789,40.91,81.358,155.643,52.27,34.53,35.82,35.89
2026-05-16T16:28:36+00:00,1778948916.744,99.86,51.554,125.789,40.98,81.368,155.643,52.28,34.33,35.75,35.87
2026-05-16T16:28:41+00:00,1778948921.745,99.84,51.571,125.789,41.00,81.380,155.643,52.29,34.30,35.72,35.86
2026-05-16T16:28:46+00:00,1778948926.746,99.87,51.577,125.789,41.00,81.395,155.643,52.30,34.20,35.68,35.84
2026-05-16T16:28:51+00:00,1778948931.748,99.86,51.578,125.789,41.00,81.416,155.643,52.31,34.02,35.62,35.82
2026-05-16T16:28:56+00:00,1778948936.749,99.87,51.540,125.789,40.97,81.430,155.643,52.32,33.94,35.57,35.81
2026-05-16T16:29:01+00:00,1778948941.751,99.85,51.526,125.789,40.96,81.440,155.643,52.32,33.86,35.53,35.79
2026-05-16T16:29:06+00:00,1778948946.752,99.89,51.551,125.789,40.98,81.450,155.643,52.33,34.84,35.70,35.85
2026-05-16T16:29:11+00:00,1778948951.753,99.89,51.534,125.789,40.97,81.459,155.643,52.34,35.49,35.83,35.89
2026-05-16T16:29:16+00:00,1778948956.755,99.88,51.538,125.789,40.97,81.468,155.643,52.34,35.29,35.78,35.87
2026-05-16T16:29:21+00:00,1778948961.756,99.81,51.548,125.789,40.98,81.477,155.643,52.35,35.27,35.76,35.87
2026-05-16T16:29:26+00:00,1778948966.757,99.87,51.554,125.789,40.98,81.485,155.643,52.35,35.01,35.70,35.84
2026-05-16T16:29:31+00:00,1778948971.759,99.85,51.562,125.789,40.99,81.491,155.643,52.36,35.57,35.81,35.88
2026-05-16T16:29:36+00:00,1778948976.760,99.87,51.574,125.789,41.00,81.499,155.643,52.36,35.36,35.76,35.86
2026-05-16T16:29:41+00:00,1778948981.761,99.87,51.586,125.789,41.01,81.507,155.643,52.37,35.25,35.73,35.85
2026-05-16T16:29:46+00:00,1778948986.763,99.89,51.592,125.789,41.01,81.517,155.643,52.37,35.23,35.72,35.85
2026-05-16T16:29:51+00:00,1778948991.764,99.87,51.598,125.789,41.02,81.524,155.643,52.38,34.97,35.66,35.83
2026-05-16T16:29:56+00:00,1778948996.765,99.87,51.629,125.789,41.04,81.529,155.643,52.38,35.37,35.73,35.85
2026-05-16T16:30:01+00:00,1778949001.767,99.87,51.639,125.789,41.05,81.535,155.643,52.39,35.10,35.67,35.83
2026-05-16T16:30:06+00:00,1778949006.768,99.87,51.654,125.789,41.06,81.542,155.643,52.39,35.42,35.72,35.84
2026-05-16T16:30:11+00:00,1778949011.769,99.86,51.753,125.789,41.14,81.551,155.643,52.40,35.62,35.76,35.86
2026-05-16T16:30:16+00:00,1778949016.770,99.87,51.746,125.789,41.14,81.562,155.643,52.40,35.41,35.71,35.84
2026-05-16T16:30:21+00:00,1778949021.772,99.87,51.748,125.789,41.14,81.576,155.643,52.41,35.14,35.65,35.82
2026-05-16T16:30:26+00:00,1778949026.773,99.87,51.745,125.789,41.14,81.593,155.643,52.42,35.21,35.66,35.82
2026-05-16T16:30:31+00:00,1778949031.774,99.86,51.735,125.789,41.13,81.608,155.643,52.43,34.95,35.60,35.80
2026-05-16T16:30:36+00:00,1778949036.776,99.87,51.717,125.789,41.11,81.618,155.643,52.44,34.71,35.54,35.78
2026-05-16T16:30:41+00:00,1778949041.777,99.88,51.726,125.789,41.12,81.628,155.643,52.45,34.50,35.48,35.76
2026-05-16T16:30:46+00:00,1778949046.778,99.87,51.720,125.789,41.12,81.638,155.643,52.45,34.78,35.52,35.77
2026-05-16T16:30:51+00:00,1778949051.780,99.89,51.728,125.789,41.12,81.647,155.643,52.46,35.44,35.64,35.81
2026-05-16T16:30:56+00:00,1778949056.781,99.88,51.735,125.789,41.13,81.654,155.643,52.46,35.08,35.57,35.78
2026-05-16T16:31:01+00:00,1778949061.782,99.88,51.738,125.789,41.13,81.659,155.643,52.47,34.83,35.51,35.76
2026-05-16T16:31:06+00:00,1778949066.784,99.86,51.752,125.789,41.14,81.667,155.643,52.47,34.61,35.45,35.74
2026-05-16T16:31:11+00:00,1778949071.785,99.88,51.758,125.789,41.15,81.675,155.643,52.48,34.40,35.39,35.72
2026-05-16T16:31:16+00:00,1778949076.786,99.89,51.763,125.789,41.15,81.683,155.643,52.48,34.21,35.34,35.70
2026-05-16T16:31:21+00:00,1778949081.787,99.84,51.769,125.789,41.16,81.692,155.643,52.49,34.03,35.28,35.68
2026-05-16T16:31:26+00:00,1778949086.789,99.89,51.774,125.789,41.16,81.699,155.643,52.49,34.03,35.26,35.67
2026-05-16T16:31:31+00:00,1778949091.790,99.89,51.786,125.789,41.17,81.705,155.643,52.50,34.10,35.25,35.67
2026-05-16T16:31:36+00:00,1778949096.791,99.88,51.801,125.789,41.18,81.712,155.643,52.50,34.74,35.37,35.70
2026-05-16T16:31:41+00:00,1778949101.793,99.87,51.925,125.789,41.28,81.720,155.643,52.50,34.68,35.34,35.69
2026-05-16T16:31:46+00:00,1778949106.794,99.87,51.920,125.789,41.28,81.731,155.643,52.51,34.54,35.30,35.68
2026-05-16T16:31:51+00:00,1778949111.795,99.87,51.939,125.789,41.29,81.742,155.643,52.52,35.54,35.50,35.74
2026-05-16T16:31:56+00:00,1778949116.797,99.85,51.950,125.789,41.30,81.759,155.643,52.53,35.26,35.44,35.72
2026-05-16T16:32:01+00:00,1778949121.798,99.89,51.941,125.789,41.29,81.779,155.643,52.54,36.04,35.60,35.77
2026-05-16T16:32:06+00:00,1778949126.799,99.89,51.914,125.789,41.27,81.793,155.643,52.55,35.79,35.56,35.76
2026-05-16T16:32:11+00:00,1778949131.801,99.89,51.901,125.789,41.26,81.805,155.643,52.56,36.53,35.71,35.81
2026-05-16T16:32:16+00:00,1778949136.802,99.90,51.894,125.789,41.25,81.815,155.643,52.57,36.65,35.75,35.82
2026-05-16T16:32:21+00:00,1778949141.803,99.88,51.887,125.789,41.25,81.826,155.643,52.57,36.36,35.71,35.80
2026-05-16T16:32:26+00:00,1778949146.805,99.89,51.889,125.789,41.25,81.835,155.643,52.58,36.89,35.83,35.84
2026-05-16T16:32:31+00:00,1778949151.806,99.89,51.892,125.789,41.25,81.843,155.643,52.58,36.58,35.78,35.83
2026-05-16T16:32:36+00:00,1778949156.807,99.87,51.901,125.789,41.26,81.849,155.643,52.59,37.01,35.88,35.86
2026-05-16T16:32:41+00:00,1778949161.808,99.87,51.908,125.789,41.27,81.855,155.643,52.59,36.85,35.87,35.85
2026-05-16T16:32:46+00:00,1778949166.812,99.88,51.919,125.789,41.27,81.864,155.643,52.60,36.70,35.85,35.85
2026-05-16T16:32:51+00:00,1778949171.814,99.88,51.929,125.789,41.28,81.872,155.643,52.60,36.40,35.81,35.83
2026-05-16T16:32:56+00:00,1778949176.815,99.86,51.938,125.789,41.29,81.879,155.643,52.61,36.05,35.74,35.81
2026-05-16T16:33:01+00:00,1778949181.816,99.89,51.944,125.789,41.29,81.884,155.643,52.61,36.13,35.76,35.82
2026-05-16T16:33:06+00:00,1778949186.818,99.88,51.948,125.789,41.30,81.889,155.643,52.61,36.04,35.75,35.81
2026-05-16T16:33:11+00:00,1778949191.819,99.89,51.957,125.789,41.31,81.897,155.643,52.62,35.79,35.70,35.80
2026-05-16T16:33:16+00:00,1778949196.820,99.83,52.069,125.789,41.39,81.906,155.643,52.62,36.13,35.78,35.82
2026-05-16T16:33:21+00:00,1778949201.822,99.87,52.055,125.789,41.38,81.916,155.643,52.63,36.04,35.76,35.82
2026-05-16T16:33:26+00:00,1778949206.823,99.89,52.061,125.789,41.39,81.930,155.643,52.64,36.84,35.93,35.87
2026-05-16T16:33:31+00:00,1778949211.824,99.89,52.064,125.789,41.39,81.951,155.643,52.65,37.41,36.07,35.92
2026-05-16T16:33:36+00:00,1778949216.826,99.87,52.046,125.789,41.38,81.967,155.643,52.66,36.98,36.00,35.89
2026-05-16T16:33:41+00:00,1778949221.827,99.87,52.030,125.789,41.36,81.978,155.643,52.67,36.74,35.97,35.88
2026-05-16T16:33:46+00:00,1778949226.828,99.86,52.036,125.789,41.37,81.988,155.643,52.68,36.36,35.90,35.86
2026-05-16T16:33:51+00:00,1778949231.830,99.90,52.023,125.789,41.36,81.998,155.643,52.68,36.09,35.85,35.85
2026-05-16T16:33:56+00:00,1778949236.831,99.90,52.022,125.789,41.36,82.007,155.643,52.69,36.00,35.84,35.84
2026-05-16T16:34:01+00:00,1778949241.832,99.89,52.030,125.789,41.36,82.014,155.643,52.69,35.76,35.79,35.83
2026-05-16T16:34:06+00:00,1778949246.834,99.89,52.035,125.789,41.37,82.020,155.643,52.70,35.46,35.73,35.81
2026-05-16T16:34:11+00:00,1778949251.835,99.88,52.045,125.789,41.37,82.027,155.643,52.70,35.26,35.68,35.79
2026-05-16T16:34:16+00:00,1778949256.836,99.89,52.052,125.789,41.38,82.034,155.643,52.71,35.24,35.67,35.79
2026-05-16T16:34:21+00:00,1778949261.838,99.89,52.059,125.789,41.39,82.043,155.643,52.71,34.98,35.61,35.77
2026-05-16T16:34:26+00:00,1778949266.839,99.87,52.069,125.789,41.39,82.052,155.643,52.72,34.74,35.55,35.75
2026-05-16T16:34:31+00:00,1778949271.840,99.87,52.081,125.789,41.40,82.060,155.643,52.72,35.56,35.71,35.80
2026-05-16T16:34:36+00:00,1778949276.842,99.87,52.094,125.789,41.41,82.066,155.643,52.73,35.36,35.66,35.78
2026-05-16T16:34:41+00:00,1778949281.843,99.87,52.102,125.789,41.42,82.072,155.643,52.73,35.09,35.60,35.76
2026-05-16T16:34:46+00:00,1778949286.844,99.86,52.116,125.789,41.43,82.080,155.643,52.74,34.84,35.54,35.74
2026-05-16T16:34:51+00:00,1778949291.846,99.88,52.234,125.789,41.53,82.089,155.643,52.74,34.93,35.55,35.74
2026-05-16T16:34:56+00:00,1778949296.847,99.87,52.226,125.789,41.52,82.101,155.643,52.75,35.42,35.64,35.77
2026-05-16T16:35:01+00:00,1778949301.848,99.89,52.235,125.789,41.53,82.118,155.643,52.76,36.27,35.81,35.82
2026-05-16T16:35:06+00:00,1778949306.850,99.88,52.229,125.789,41.52,82.138,155.643,52.77,36.25,35.81,35.83
2026-05-16T16:35:11+00:00,1778949311.851,99.88,52.209,125.789,41.51,82.153,155.643,52.78,36.31,35.83,35.83
2026-05-16T16:35:16+00:00,1778949316.852,99.89,52.190,125.789,41.49,82.163,155.643,52.79,36.20,35.82,35.83
2026-05-16T16:35:21+00:00,1778949321.854,99.89,52.186,125.789,41.49,82.174,155.643,52.80,35.87,35.76,35.81
2026-05-16T16:35:26+00:00,1778949326.855,99.88,52.183,125.789,41.48,82.184,155.643,52.80,35.16,35.61,35.76
2026-05-16T16:35:31+00:00,1778949331.856,99.87,52.193,125.789,41.49,82.192,155.643,52.81,34.90,35.55,35.74
2026-05-16T16:35:36+00:00,1778949336.857,99.88,52.203,125.789,41.50,82.201,155.643,52.81,34.67,35.49,35.72
2026-05-16T16:35:41+00:00,1778949341.859,99.87,52.215,125.789,41.51,82.208,155.643,52.82,34.46,35.43,35.70
2026-05-16T16:35:46+00:00,1778949346.860,99.88,52.225,125.789,41.52,82.215,155.643,52.82,34.26,35.38,35.68
2026-05-16T16:35:51+00:00,1778949351.862,99.87,52.232,125.789,41.52,82.224,155.643,52.83,34.88,35.49,35.71
2026-05-16T16:35:56+00:00,1778949356.863,99.87,52.249,125.789,41.54,82.232,155.643,52.83,34.81,35.46,35.70
2026-05-16T16:36:01+00:00,1778949361.864,99.87,52.269,125.789,41.55,82.239,155.643,52.84,34.66,35.42,35.69
2026-05-16T16:36:06+00:00,1778949366.866,99.88,52.286,125.789,41.57,82.244,155.643,52.84,35.97,35.68,35.77
2026-05-16T16:36:11+00:00,1778949371.867,99.86,52.290,125.789,41.57,82.249,155.643,52.84,36.21,35.74,35.79
2026-05-16T16:36:16+00:00,1778949376.868,99.86,52.296,125.789,41.57,82.256,155.643,52.85,36.68,35.84,35.82
2026-05-16T16:36:21+00:00,1778949381.870,99.86,52.410,125.789,41.67,82.264,155.643,52.85,36.54,35.83,35.82
2026-05-16T16:36:26+00:00,1778949386.871,99.86,52.398,125.789,41.66,82.274,155.643,52.86,36.74,35.88,35.83
2026-05-16T16:36:31+00:00,1778949391.873,99.89,52.410,125.789,41.66,82.289,155.643,52.87,36.36,35.81,35.81
2026-05-16T16:36:36+00:00,1778949396.874,99.87,52.402,125.789,41.66,82.306,155.643,52.88,36.25,35.80,35.81
2026-05-16T16:36:41+00:00,1778949401.875,99.87,52.394,125.789,41.65,82.322,155.643,52.89,35.91,35.74,35.79
2026-05-16T16:36:46+00:00,1778949406.877,99.87,52.373,125.789,41.64,82.334,155.643,52.90,35.92,35.74,35.79
2026-05-16T16:36:51+00:00,1778949411.878,99.89,52.374,125.789,41.64,82.343,155.643,52.91,35.68,35.70,35.77
2026-05-16T16:36:56+00:00,1778949416.879,99.86,52.369,125.789,41.63,82.353,155.643,52.91,35.47,35.65,35.76
2026-05-16T16:37:01+00:00,1778949421.881,99.87,52.372,125.789,41.64,82.362,155.643,52.92,35.27,35.61,35.74
2026-05-16T16:37:06+00:00,1778949426.882,99.86,52.384,125.789,41.64,82.368,155.643,52.92,35.01,35.55,35.72
2026-05-16T16:37:11+00:00,1778949431.883,99.87,52.390,125.789,41.65,82.375,155.643,52.93,34.93,35.52,35.71
2026-05-16T16:37:16+00:00,1778949436.885,99.86,52.398,125.789,41.66,82.383,155.643,52.93,35.09,35.54,35.72
2026-05-16T16:37:21+00:00,1778949441.886,99.87,52.409,125.789,41.66,82.390,155.643,52.94,34.93,35.50,35.71
2026-05-16T16:37:26+00:00,1778949446.887,99.87,52.415,125.789,41.67,82.399,155.643,52.94,34.85,35.48,35.70
2026-05-16T16:37:31+00:00,1778949451.889,99.86,52.438,125.789,41.69,82.408,155.643,52.95,34.78,35.45,35.69
2026-05-16T16:37:36+00:00,1778949456.890,99.87,52.437,125.789,41.69,82.416,155.643,52.95,34.88,35.46,35.69
2026-05-16T16:37:41+00:00,1778949461.891,99.87,52.446,125.789,41.69,82.421,155.643,52.96,34.73,35.42,35.68
2026-05-16T16:37:46+00:00,1778949466.893,99.87,52.457,125.789,41.70,82.428,155.643,52.96,34.59,35.38,35.66
2026-05-16T16:37:51+00:00,1778949471.894,99.87,52.464,125.789,41.71,82.435,155.643,52.96,34.38,35.32,35.64
2026-05-16T16:37:56+00:00,1778949476.895,99.88,52.556,125.789,41.78,82.443,155.643,52.97,34.35,35.30,35.63
2026-05-16T16:38:01+00:00,1778949481.897,99.86,52.560,125.789,41.78,82.455,155.643,52.98,34.16,35.25,35.61
2026-05-16T16:38:06+00:00,1778949486.898,99.85,52.566,125.789,41.79,82.469,155.643,52.99,34.07,35.21,35.60
2026-05-16T16:38:11+00:00,1778949491.900,99.81,52.570,125.789,41.79,82.489,155.643,53.00,34.15,35.20,35.60
2026-05-16T16:38:16+00:00,1778949496.901,99.86,52.536,125.789,41.76,82.505,155.643,53.01,33.97,35.15,35.58
2026-05-16T16:38:21+00:00,1778949501.902,99.87,52.526,125.789,41.76,82.516,155.643,53.02,33.90,35.12,35.56
2026-05-16T16:38:26+00:00,1778949506.903,99.88,52.530,125.789,41.76,82.526,155.643,53.02,33.90,35.10,35.55
2026-05-16T16:38:31+00:00,1778949511.905,99.87,52.530,125.789,41.76,82.537,155.643,53.03,33.75,35.04,35.53
2026-05-16T16:38:36+00:00,1778949516.906,99.87,52.528,125.789,41.76,82.546,155.643,53.04,33.61,34.99,35.51
2026-05-16T16:38:41+00:00,1778949521.907,99.86,52.539,125.789,41.77,82.555,155.643,53.04,33.56,34.96,35.50
2026-05-16T16:38:46+00:00,1778949526.909,99.87,52.548,125.789,41.77,82.561,155.643,53.05,33.60,34.94,35.49
2026-05-16T16:38:51+00:00,1778949531.910,99.88,52.558,125.789,41.78,82.568,155.643,53.05,33.47,34.90,35.47
2026-05-16T16:38:56+00:00,1778949536.911,99.85,52.567,125.789,41.79,82.577,155.643,53.06,33.51,34.88,35.46
2026-05-16T16:39:01+00:00,1778949541.913,99.87,52.578,125.789,41.80,82.585,155.643,53.06,34.27,35.02,35.51
2026-05-16T16:39:06+00:00,1778949546.914,99.87,52.583,125.789,41.80,82.593,155.643,53.07,34.09,34.97,35.49
2026-05-16T16:39:11+00:00,1778949551.915,99.88,52.589,125.789,41.81,82.599,155.643,53.07,34.08,34.95,35.48
2026-05-16T16:39:16+00:00,1778949556.917,99.88,52.604,125.789,41.82,82.604,155.643,53.07,34.08,34.93,35.47
2026-05-16T16:39:21+00:00,1778949561.918,99.87,52.608,125.789,41.82,82.610,155.643,53.08,33.99,34.90,35.46
2026-05-16T16:39:26+00:00,1778949566.920,99.87,52.621,125.789,41.83,82.618,155.643,53.08,34.63,35.02,35.49
2026-05-16T16:39:31+00:00,1778949571.921,99.87,52.720,125.789,41.91,82.626,155.643,53.09,35.06,35.10,35.52
2026-05-16T16:39:36+00:00,1778949576.922,99.87,52.724,125.789,41.91,82.639,155.643,53.10,34.98,35.08,35.51
2026-05-16T16:39:41+00:00,1778949581.924,99.88,52.721,125.789,41.91,82.655,155.643,53.11,34.74,35.03,35.49
2026-05-16T16:39:46+00:00,1778949586.925,99.88,52.724,125.789,41.92,82.674,155.643,53.12,34.52,34.98,35.47
2026-05-16T16:39:51+00:00,1778949591.926,99.87,52.718,125.789,41.91,82.687,155.643,53.13,34.40,34.95,35.46
2026-05-16T16:39:56+00:00,1778949596.928,99.87,52.710,125.789,41.90,82.698,155.643,53.13,34.28,34.92,35.44
2026-05-16T16:40:01+00:00,1778949601.929,99.87,52.717,125.789,41.91,82.708,155.643,53.14,34.26,34.90,35.43
2026-05-16T16:40:06+00:00,1778949606.930,99.88,52.710,125.789,41.90,82.718,155.643,53.15,34.08,34.85,35.42
2026-05-16T16:40:11+00:00,1778949611.931,99.87,52.719,125.789,41.91,82.727,155.643,53.15,33.99,34.82,35.40
2026-05-16T16:40:16+00:00,1778949616.933,99.88,52.726,125.789,41.92,82.736,155.643,53.16,33.83,34.77,35.38
2026-05-16T16:40:21+00:00,1778949621.934,99.89,52.733,125.789,41.92,82.745,155.643,53.16,33.77,34.74,35.37
2026-05-16T16:40:26+00:00,1778949626.935,99.88,52.751,125.789,41.94,82.752,155.643,53.17,33.62,34.70,35.35
2026-05-16T16:40:31+00:00,1778949631.937,99.87,52.764,125.789,41.95,82.758,155.643,53.17,33.49,34.65,35.33
2026-05-16T16:40:36+00:00,1778949636.938,99.88,52.769,125.789,41.95,82.765,155.643,53.18,33.62,34.66,35.33
2026-05-16T16:40:41+00:00,1778949641.939,99.87,52.783,125.789,41.96,82.773,155.643,53.18,33.49,34.61,35.31
2026-05-16T16:40:46+00:00,1778949646.941,99.89,52.795,125.789,41.97,82.780,155.643,53.19,33.61,34.62,35.31
2026-05-16T16:40:51+00:00,1778949651.942,99.88,52.802,125.789,41.98,82.785,155.643,53.19,33.80,34.64,35.32
2026-05-16T16:40:56+00:00,1778949656.943,99.88,52.806,125.789,41.98,82.792,155.643,53.19,34.78,34.83,35.37
2026-05-16T16:41:01+00:00,1778949661.945,99.87,52.815,125.789,41.99,82.800,155.643,53.20,34.39,34.75,35.34
2026-05-16T16:41:06+00:00,1778949666.946,99.88,52.916,125.789,42.07,82.808,155.643,53.20,35.00,34.87,35.38
2026-05-16T16:41:11+00:00,1778949671.947,99.87,52.930,125.789,42.08,82.821,155.643,53.21,35.08,34.89,35.38
2026-05-16T16:41:16+00:00,1778949676.948,99.87,52.930,125.789,42.08,82.835,155.643,53.22,34.92,34.86,35.37
2026-05-16T16:41:21+00:00,1778949681.950,99.86,52.920,125.789,42.07,82.856,155.643,53.23,34.76,34.83,35.36
2026-05-16T16:41:26+00:00,1778949686.951,99.90,52.907,125.789,42.06,82.871,155.643,53.24,34.54,34.78,35.34
2026-05-16T16:41:31+00:00,1778949691.952,99.89,52.875,125.789,42.03,82.882,155.643,53.25,34.34,34.74,35.32
2026-05-16T16:41:36+00:00,1778949696.954,99.89,52.874,125.789,42.03,82.891,155.643,53.26,35.11,34.89,35.37
2026-05-16T16:41:41+00:00,1778949701.955,99.87,52.863,125.789,42.03,82.900,155.643,53.26,34.94,34.86,35.35
2026-05-16T16:41:46+00:00,1778949706.956,99.88,52.867,125.789,42.03,82.909,155.643,53.27,35.59,34.99,35.40
2026-05-16T16:41:51+00:00,1778949711.958,99.88,52.876,125.789,42.04,82.918,155.643,53.27,36.02,35.09,35.43
2026-05-16T16:41:56+00:00,1778949716.959,99.89,52.884,125.789,42.04,82.925,155.643,53.28,35.70,35.04,35.41
2026-05-16T16:42:01+00:00,1778949721.960,99.87,52.890,125.789,42.05,82.932,155.643,53.28,35.40,34.99,35.39
2026-05-16T16:42:06+00:00,1778949726.962,99.89,52.895,125.789,42.05,82.941,155.643,53.29,35.13,34.94,35.37
2026-05-16T16:42:11+00:00,1778949731.963,99.88,52.907,125.789,42.06,82.950,155.643,53.30,34.96,34.91,35.36
2026-05-16T16:42:16+00:00,1778949736.964,99.89,52.931,125.789,42.08,82.959,155.643,53.30,34.88,34.89,35.35
2026-05-16T16:42:21+00:00,1778949741.966,99.88,52.940,125.789,42.09,82.967,155.643,53.31,34.65,34.85,35.33
2026-05-16T16:42:26+00:00,1778949746.967,99.89,52.945,125.789,42.09,82.972,155.643,53.31,34.84,34.88,35.34
2026-05-16T16:42:31+00:00,1778949751.968,99.87,52.956,125.789,42.10,82.978,155.643,53.31,35.41,35.00,35.38
2026-05-16T16:42:36+00:00,1778949756.970,99.87,52.970,125.789,42.11,82.985,155.643,53.32,36.34,35.20,35.44
2026-05-16T16:42:41+00:00,1778949761.971,99.81,53.068,125.789,42.19,82.993,155.643,53.32,35.99,35.15,35.42
2026-05-16T16:42:46+00:00,1778949766.972,99.84,53.058,125.789,42.18,83.002,155.643,53.33,36.63,35.29,35.47
2026-05-16T16:42:51+00:00,1778949771.974,99.87,53.063,125.789,42.18,83.014,155.643,53.34,36.58,35.31,35.47
2026-05-16T16:42:56+00:00,1778949776.975,99.89,53.084,125.789,42.20,83.029,155.643,53.35,37.10,35.43,35.51
2026-05-16T16:43:01+00:00,1778949781.976,99.89,53.071,125.789,42.19,83.047,155.643,53.36,37.01,35.44,35.51
2026-05-16T16:43:06+00:00,1778949786.978,99.87,53.050,125.789,42.17,83.059,155.643,53.37,36.69,35.40,35.50
2026-05-16T16:43:11+00:00,1778949791.979,99.87,53.051,125.789,42.17,83.069,155.643,53.37,36.79,35.45,35.51
2026-05-16T16:43:16+00:00,1778949796.980,99.87,53.061,125.789,42.18,83.077,155.643,53.38,36.41,35.39,35.50
2026-05-16T16:43:21+00:00,1778949801.982,99.87,53.060,125.789,42.18,83.086,155.643,53.38,36.14,35.35,35.48
2026-05-16T16:43:26+00:00,1778949806.983,99.86,53.066,125.789,42.19,83.095,155.643,53.39,36.04,35.34,35.48
2026-05-16T16:43:31+00:00,1778949811.984,99.86,53.074,125.789,42.19,83.100,155.643,53.39,35.72,35.29,35.46
2026-05-16T16:43:36+00:00,1778949816.986,99.85,53.080,125.789,42.20,83.105,155.643,53.39,36.38,35.43,35.51
2026-05-16T16:43:41+00:00,1778949821.987,99.87,53.083,125.789,42.20,83.110,155.643,53.40,36.19,35.41,35.50
2026-05-16T16:43:46+00:00,1778949826.988,99.88,53.092,125.789,42.21,83.117,155.643,53.40,36.10,35.40,35.49
2026-05-16T16:43:51+00:00,1778949831.990,99.87,53.099,125.789,42.21,83.125,155.643,53.41,36.65,35.53,35.54
2026-05-16T16:43:56+00:00,1778949836.991,99.86,53.106,125.789,42.22,83.134,155.643,53.41,36.44,35.50,35.53
2026-05-16T16:44:01+00:00,1778949841.992,99.86,53.115,125.789,42.23,83.141,155.643,53.42,36.24,35.48,35.52
2026-05-16T16:44:06+00:00,1778949846.994,99.86,53.124,125.789,42.23,83.149,155.643,53.42,36.54,35.55,35.54
2026-05-16T16:44:11+00:00,1778949851.995,99.86,53.131,125.789,42.24,83.154,155.643,53.43,37.22,35.71,35.59
2026-05-16T16:44:16+00:00,1778949856.996,99.87,53.141,125.789,42.25,83.161,155.643,53.43,37.84,35.86,35.64
2026-05-16T16:44:21+00:00,1778949861.997,99.86,53.266,125.789,42.35,83.168,155.643,53.44,38.26,35.98,35.68
2026-05-16T16:44:26+00:00,1778949866.999,99.87,53.259,125.789,42.34,83.178,155.643,53.44,37.76,35.92,35.66
2026-05-16T16:44:32+00:00,1778949872.000,99.86,53.265,125.789,42.34,83.190,155.643,53.45,37.61,35.92,35.67
2026-05-16T16:44:37+00:00,1778949877.001,99.89,53.271,125.789,42.35,83.206,155.643,53.46,37.16,35.85,35.65
2026-05-16T16:44:42+00:00,1778949882.003,99.87,53.264,125.789,42.34,83.224,155.643,53.47,36.75,35.79,35.63
2026-05-16T16:44:47+00:00,1778949887.004,99.88,53.234,125.789,42.32,83.239,155.643,53.48,36.37,35.72,35.61
2026-05-16T16:44:52+00:00,1778949892.005,99.87,53.229,125.789,42.32,83.251,155.643,53.49,36.02,35.66,35.59
2026-05-16T16:44:57+00:00,1778949897.007,99.87,53.228,125.789,42.32,83.261,155.643,53.50,35.70,35.60,35.57
2026-05-16T16:45:02+00:00,1778949902.008,99.88,53.226,125.789,42.31,83.270,155.643,53.50,35.64,35.59,35.56
2026-05-16T16:45:07+00:00,1778949907.009,99.88,53.228,125.789,42.32,83.279,155.643,53.51,35.67,35.60,35.57
2026-05-16T16:45:12+00:00,1778949912.011,99.86,53.231,125.789,42.32,83.287,155.643,53.51,36.26,35.72,35.61
2026-05-16T16:45:17+00:00,1778949917.012,99.87,53.255,125.789,42.34,83.292,155.643,53.52,36.16,35.71,35.60
2026-05-16T16:45:22+00:00,1778949922.013,99.87,53.267,125.789,42.35,83.299,155.643,53.52,35.82,35.65,35.58
2026-05-16T16:45:27+00:00,1778949927.015,99.89,53.270,125.789,42.35,83.307,155.643,53.52,36.24,35.74,35.61
2026-05-16T16:45:32+00:00,1778949932.016,99.87,53.274,125.789,42.35,83.315,155.643,53.53,36.78,35.86,35.65
2026-05-16T16:45:37+00:00,1778949937.017,99.87,53.280,125.789,42.36,83.324,155.643,53.54,36.48,35.81,35.64
2026-05-16T16:45:42+00:00,1778949942.019,99.88,53.286,125.789,42.36,83.330,155.643,53.54,36.12,35.75,35.62
2026-05-16T16:45:47+00:00,1778949947.020,99.87,53.302,125.789,42.37,83.335,155.643,53.54,36.03,35.73,35.62
2026-05-16T16:45:52+00:00,1778949952.021,99.88,53.310,125.789,42.38,83.341,155.643,53.55,35.95,35.72,35.61
2026-05-16T16:45:57+00:00,1778949957.023,99.88,53.318,125.789,42.39,83.348,155.643,53.55,35.95,35.73,35.61
2026-05-16T16:46:02+00:00,1778949962.024,99.86,53.406,125.789,42.46,83.356,155.643,53.56,35.63,35.66,35.59
2026-05-16T16:46:07+00:00,1778949967.025,99.89,53.404,125.789,42.46,83.368,155.643,53.56,35.34,35.60,35.58
2026-05-16T16:46:12+00:00,1778949972.027,99.89,53.409,125.789,42.46,83.385,155.643,53.57,35.07,35.54,35.56
2026-05-16T16:46:17+00:00,1778949977.028,99.88,53.404,125.789,42.46,83.405,155.643,53.59,34.91,35.50,35.54
2026-05-16T16:46:22+00:00,1778949982.029,99.88,53.384,125.789,42.44,83.418,155.643,53.60,35.72,35.66,35.59
2026-05-16T16:46:27+00:00,1778949987.031,99.89,53.376,125.789,42.43,83.428,155.643,53.60,35.66,35.65,35.59
2026-05-16T16:46:32+00:00,1778949992.032,99.89,53.374,125.789,42.43,83.438,155.643,53.61,36.25,35.77,35.63
2026-05-16T16:46:37+00:00,1778949997.033,99.87,53.375,125.789,42.43,83.447,155.643,53.61,35.91,35.71,35.61
2026-05-16T16:46:42+00:00,1778950002.035,99.88,53.391,125.789,42.44,83.457,155.643,53.62,35.91,35.71,35.61
2026-05-16T16:46:47+00:00,1778950007.036,99.86,53.402,125.789,42.45,83.464,155.643,53.63,35.68,35.67,35.60
2026-05-16T16:46:52+00:00,1778950012.037,99.89,53.406,125.789,42.46,83.471,155.643,53.63,35.39,35.60,35.58
2026-05-16T16:46:57+00:00,1778950017.038,99.87,53.409,125.789,42.46,83.479,155.643,53.63,35.11,35.54,35.56
2026-05-16T16:47:02+00:00,1778950022.040,99.88,53.421,125.789,42.47,83.486,155.643,53.64,35.11,35.54,35.56
2026-05-16T16:47:07+00:00,1778950027.041,99.87,53.426,125.789,42.47,83.493,155.643,53.64,35.02,35.51,35.55
2026-05-16T16:47:12+00:00,1778950032.042,99.89,53.429,125.789,42.48,83.501,155.643,53.65,35.58,35.62,35.58
2026-05-16T16:47:17+00:00,1778950037.044,99.86,53.437,125.789,42.48,83.509,155.643,53.65,35.45,35.59,35.57
2026-05-16T16:47:22+00:00,1778950042.045,99.87,53.450,125.789,42.49,83.516,155.643,53.66,35.33,35.56,35.56
2026-05-16T16:47:27+00:00,1778950047.047,99.86,53.457,125.789,42.50,83.521,155.643,53.66,35.07,35.50,35.54
2026-05-16T16:47:32+00:00,1778950052.048,99.88,53.466,125.789,42.50,83.529,155.643,53.67,35.62,35.61,35.58
2026-05-16T16:47:37+00:00,1778950057.049,99.88,53.577,125.789,42.59,83.537,155.643,53.67,35.57,35.60,35.58
2026-05-16T16:47:42+00:00,1778950062.051,99.87,53.582,125.789,42.60,83.547,155.643,53.68,35.53,35.59,35.57
2026-05-16T16:47:47+00:00,1778950067.052,99.85,53.606,125.789,42.62,83.560,155.643,53.69,35.32,35.55,35.56
2026-05-16T16:47:52+00:00,1778950072.053,99.87,53.602,125.789,42.61,83.579,155.643,53.70,35.30,35.54,35.56
2026-05-16T16:47:57+00:00,1778950077.055,99.87,53.592,125.789,42.60,83.597,155.643,53.71,35.03,35.48,35.54
2026-05-16T16:48:02+00:00,1778950082.056,99.87,53.574,125.789,42.59,83.609,155.643,53.72,34.87,35.44,35.52
2026-05-16T16:48:07+00:00,1778950087.057,99.89,53.572,125.789,42.59,83.618,155.643,53.72,35.12,35.48,35.54
2026-05-16T16:48:12+00:00,1778950092.058,99.87,53.555,125.789,42.58,83.628,155.643,53.73,35.59,35.57,35.57
2026-05-16T16:48:17+00:00,1778950097.060,99.86,53.561,125.789,42.58,83.638,155.643,53.74,36.10,35.68,35.60
2026-05-16T16:48:22+00:00,1778950102.061,99.88,53.568,125.789,42.59,83.647,155.643,53.74,36.58,35.78,35.63
2026-05-16T16:48:27+00:00,1778950107.062,99.88,53.575,125.789,42.59,83.656,155.643,53.75,36.85,35.85,35.66
2026-05-16T16:48:32+00:00,1778950112.064,99.87,53.583,125.789,42.60,83.662,155.643,53.75,36.62,35.82,35.65
2026-05-16T16:48:37+00:00,1778950117.065,99.89,53.595,125.789,42.61,83.670,155.643,53.76,37.21,35.96,35.69
2026-05-16T16:48:42+00:00,1778950122.066,99.87,53.610,125.789,42.62,83.678,155.643,53.76,36.88,35.91,35.68
2026-05-16T16:48:47+00:00,1778950127.068,99.87,53.612,125.789,42.62,83.687,155.643,53.77,36.49,35.85,35.66
2026-05-16T16:48:52+00:00,1778950132.069,99.88,53.617,125.789,42.62,83.695,155.643,53.77,36.13,35.78,35.64
2026-05-16T16:48:57+00:00,1778950137.070,99.87,53.630,125.789,42.64,83.701,155.643,53.78,35.88,35.73,35.62
2026-05-16T16:49:02+00:00,1778950142.072,99.88,53.637,125.789,42.64,83.705,155.643,53.78,35.56,35.67,35.61
2026-05-16T16:49:07+00:00,1778950147.073,99.87,53.641,125.789,42.64,83.712,155.643,53.79,35.36,35.63,35.59
2026-05-16T16:49:12+00:00,1778950152.074,99.88,53.756,125.789,42.74,83.720,155.643,53.79,35.25,35.60,35.58
2026-05-16T16:49:17+00:00,1778950157.076,99.86,53.742,125.789,42.72,83.729,155.643,53.80,35.07,35.56,35.57
2026-05-16T16:49:22+00:00,1778950162.077,99.89,53.735,125.789,42.72,83.742,155.643,53.80,34.82,35.50,35.55
2026-05-16T16:49:27+00:00,1778950167.078,99.86,53.736,125.789,42.72,83.758,155.643,53.81,34.60,35.44,35.53
2026-05-16T16:49:32+00:00,1778950172.080,99.85,53.730,125.789,42.71,83.775,155.643,53.83,34.39,35.38,35.51
2026-05-16T16:49:37+00:00,1778950177.081,99.87,53.722,125.789,42.71,83.787,155.643,53.83,34.20,35.33,35.49
2026-05-16T16:49:42+00:00,1778950182.082,99.86,53.717,125.789,42.70,83.797,155.643,53.84,34.50,35.37,35.50
2026-05-16T16:49:47+00:00,1778950187.084,99.87,53.699,125.789,42.69,83.807,155.643,53.85,35.10,35.48,35.54
2026-05-16T16:49:52+00:00,1778950192.086,99.87,53.702,125.789,42.69,83.817,155.643,53.85,34.85,35.42,35.52
2026-05-16T16:49:57+00:00,1778950197.087,99.87,53.712,125.789,42.70,83.825,155.643,53.86,35.19,35.48,35.54
2026-05-16T16:50:02+00:00,1778950202.088,99.87,53.719,125.789,42.71,83.831,155.643,53.86,35.25,35.49,35.54
2026-05-16T16:50:07+00:00,1778950207.090,99.87,53.722,125.789,42.71,83.838,155.643,53.87,35.47,35.53,35.56
2026-05-16T16:50:12+00:00,1778950212.091,99.86,53.724,125.789,42.71,83.846,155.643,53.87,35.19,35.47,35.54
2026-05-16T16:50:17+00:00,1778950217.092,99.87,53.732,125.789,42.72,83.854,155.643,53.88,34.94,35.42,35.52
2026-05-16T16:50:22+00:00,1778950222.094,99.88,53.745,125.789,42.73,83.863,155.643,53.88,34.70,35.36,35.50
2026-05-16T16:50:27+00:00,1778950227.095,99.89,53.750,125.789,42.73,83.872,155.643,53.89,34.49,35.30,35.48
2026-05-16T16:50:32+00:00,1778950232.096,99.87,53.762,125.789,42.74,83.878,155.643,53.89,35.33,35.46,35.53
2026-05-16T16:50:37+00:00,1778950237.098,99.87,53.772,125.789,42.75,83.884,155.643,53.90,35.46,35.49,35.54
2026-05-16T16:50:42+00:00,1778950242.099,99.86,53.779,125.789,42.75,83.892,155.643,53.90,35.35,35.47,35.53
2026-05-16T16:50:47+00:00,1778950247.100,99.86,53.892,125.789,42.84,83.901,155.643,53.91,35.08,35.41,35.51
2026-05-16T16:50:52+00:00,1778950252.102,99.86,53.887,125.789,42.84,83.912,155.643,53.91,34.83,35.35,35.49
2026-05-16T16:50:57+00:00,1778950257.103,99.87,53.899,125.789,42.85,83.926,155.643,53.92,34.60,35.30,35.47
2026-05-16T16:51:02+00:00,1778950262.104,99.87,53.895,125.789,42.85,83.943,155.643,53.93,35.20,35.41,35.51
2026-05-16T16:51:07+00:00,1778950267.106,99.87,53.873,125.789,42.83,83.960,155.643,53.94,35.02,35.37,35.50
2026-05-16T16:51:12+00:00,1778950272.107,99.86,53.846,125.789,42.81,83.972,155.643,53.95,35.10,35.38,35.50
2026-05-16T16:51:17+00:00,1778950277.108,99.87,53.856,125.789,42.81,83.982,155.643,53.96,34.85,35.32,35.48
2026-05-16T16:51:22+00:00,1778950282.109,99.87,53.862,125.789,42.82,83.992,155.643,53.96,35.26,35.40,35.50
2026-05-16T16:51:27+00:00,1778950287.111,99.87,53.865,125.789,42.82,84.002,155.643,53.97,35.08,35.36,35.49
2026-05-16T16:51:32+00:00,1778950292.112,99.87,53.878,125.789,42.83,84.011,155.643,53.98,34.99,35.34,35.48
2026-05-16T16:51:37+00:00,1778950297.114,99.86,53.888,125.789,42.84,84.017,155.643,53.98,35.31,35.40,35.50
2026-05-16T16:51:42+00:00,1778950302.115,99.86,53.895,125.789,42.85,84.024,155.643,53.99,35.13,35.36,35.49
2026-05-16T16:51:47+00:00,1778950307.116,99.86,53.896,125.789,42.85,84.032,155.643,53.99,34.96,35.32,35.47
2026-05-16T16:51:52+00:00,1778950312.118,99.89,53.904,125.789,42.85,84.040,155.643,54.00,34.80,35.28,35.46
2026-05-16T16:51:57+00:00,1778950317.119,99.88,53.916,125.789,42.86,84.048,155.643,54.00,34.58,35.22,35.44
2026-05-16T16:52:02+00:00,1778950322.120,99.87,53.924,125.789,42.87,84.055,155.643,54.01,34.37,35.17,35.42
2026-05-16T16:52:07+00:00,1778950327.122,99.88,53.932,125.789,42.87,84.060,155.643,54.01,34.18,35.12,35.40
2026-05-16T16:52:12+00:00,1778950332.123,99.86,53.943,125.789,42.88,84.067,155.643,54.01,34.09,35.08,35.39
2026-05-16T16:52:17+00:00,1778950337.124,99.86,53.948,125.789,42.89,84.075,155.643,54.02,33.92,35.03,35.37
2026-05-16T16:52:22+00:00,1778950342.126,99.86,54.070,125.789,42.98,84.083,155.643,54.02,33.76,34.98,35.35
2026-05-16T16:52:27+00:00,1778950347.127,99.86,54.062,125.789,42.98,84.095,155.643,54.03,33.62,34.93,35.34
2026-05-16T16:52:32+00:00,1778950352.128,99.88,54.064,125.789,42.98,84.112,155.643,54.04,34.85,35.16,35.41
2026-05-16T16:52:37+00:00,1778950357.130,99.87,54.056,125.789,42.97,84.132,155.643,54.05,34.62,35.11,35.39
2026-05-16T16:52:42+00:00,1778950362.131,99.87,54.035,125.789,42.96,84.147,155.643,54.06,34.57,35.09,35.38
2026-05-16T16:52:47+00:00,1778950367.132,99.86,54.021,125.789,42.95,84.157,155.643,54.07,34.61,35.09,35.38
2026-05-16T16:52:52+00:00,1778950372.134,99.87,54.027,125.789,42.95,84.167,155.643,54.08,34.56,35.07,35.37
2026-05-16T16:52:57+00:00,1778950377.135,99.87,54.014,125.789,42.94,84.177,155.643,54.08,34.60,35.07,35.37
2026-05-16T16:53:02+00:00,1778950382.136,99.87,54.022,125.789,42.95,84.185,155.643,54.09,34.63,35.07,35.37
2026-05-16T16:53:07+00:00,1778950387.138,99.86,54.032,125.789,42.95,84.192,155.643,54.09,34.42,35.02,35.35
2026-05-16T16:53:12+00:00,1778950392.139,99.87,54.045,125.789,42.96,84.198,155.643,54.10,34.22,34.97,35.33
2026-05-16T16:53:17+00:00,1778950397.141,99.87,54.053,125.789,42.97,84.206,155.643,54.10,34.85,35.09,35.37
2026-05-16T16:53:22+00:00,1778950402.142,99.86,54.059,125.789,42.98,84.213,155.643,54.11,35.50,35.22,35.41
2026-05-16T16:53:27+00:00,1778950407.143,99.88,54.066,125.789,42.98,84.221,155.643,54.11,36.10,35.35,35.45
2026-05-16T16:53:32+00:00,1778950412.145,99.86,54.082,125.789,42.99,84.230,155.643,54.12,35.93,35.32,35.44
2026-05-16T16:53:37+00:00,1778950417.146,99.87,54.095,125.789,43.01,84.237,155.643,54.12,35.62,35.27,35.42
2026-05-16T16:53:42+00:00,1778950422.147,99.87,54.100,125.789,43.01,84.243,155.643,54.13,35.41,35.23,35.41
2026-05-16T16:53:47+00:00,1778950427.149,99.87,54.104,125.789,43.01,84.250,155.643,54.13,35.13,35.18,35.39
2026-05-16T16:53:52+00:00,1778950432.150,99.86,54.229,125.789,43.11,84.258,155.643,54.14,35.04,35.16,35.38
2026-05-16T16:53:57+00:00,1778950437.151,99.87,54.229,125.789,43.11,84.267,155.643,54.14,34.80,35.10,35.36
2026-05-16T16:54:02+00:00,1778950442.153,99.87,54.232,125.789,43.11,84.278,155.643,54.15,34.65,35.07,35.35
2026-05-16T16:54:07+00:00,1778950447.154,99.87,54.242,125.789,43.12,84.294,155.643,54.16,34.44,35.02,35.33
2026-05-16T16:54:12+00:00,1778950452.155,99.87,54.233,125.789,43.11,84.314,155.643,54.17,34.33,34.98,35.32
2026-05-16T16:54:17+00:00,1778950457.157,99.87,54.217,125.789,43.10,84.329,155.643,54.18,34.22,34.95,35.31
2026-05-16T16:54:22+00:00,1778950462.158,99.86,54.209,125.789,43.10,84.339,155.643,54.19,35.00,35.10,35.35
2026-05-16T16:54:27+00:00,1778950467.159,99.85,54.209,125.789,43.10,84.349,155.643,54.19,35.00,35.10,35.35
2026-05-16T16:54:32+00:00,1778950472.161,99.87,54.206,125.789,43.09,84.359,155.643,54.20,34.76,35.05,35.33
2026-05-16T16:54:37+00:00,1778950477.162,99.87,54.208,125.789,43.09,84.368,155.643,54.21,34.78,35.05,35.33
2026-05-16T16:54:42+00:00,1778950482.163,99.87,54.220,125.789,43.10,84.377,155.643,54.21,34.72,35.03,35.33
2026-05-16T16:54:47+00:00,1778950487.165,99.87,54.228,125.789,43.11,84.384,155.643,54.22,34.50,34.98,35.31
2026-05-16T16:54:52+00:00,1778950492.166,99.87,54.241,125.789,43.12,84.391,155.643,54.22,34.62,35.00,35.31
2026-05-16T16:54:57+00:00,1778950497.167,99.87,54.246,125.789,43.12,84.398,155.643,54.23,34.49,34.96,35.30
2026-05-16T16:55:02+00:00,1778950502.168,99.87,54.259,125.789,43.13,84.406,155.643,54.23,34.29,34.91,35.28
2026-05-16T16:55:07+00:00,1778950507.170,99.87,54.264,125.789,43.14,84.413,155.643,54.24,34.67,34.98,35.30
2026-05-16T16:55:12+00:00,1778950512.171,99.88,54.268,125.789,43.14,84.418,155.643,54.24,34.53,34.95,35.29
2026-05-16T16:55:17+00:00,1778950517.172,99.87,54.284,125.789,43.15,84.424,155.643,54.24,34.33,34.90,35.27
2026-05-16T16:55:22+00:00,1778950522.174,99.87,54.314,125.789,43.18,84.431,155.643,54.25,34.14,34.85,35.25
2026-05-16T16:55:27+00:00,1778950527.175,99.87,54.417,125.789,43.26,84.438,155.643,54.25,34.21,34.85,35.25
2026-05-16T16:55:32+00:00,1778950532.176,99.83,54.393,125.789,43.24,84.448,155.643,54.26,34.92,34.99,35.29
2026-05-16T16:55:37+00:00,1778950537.178,99.89,54.389,125.789,43.24,84.462,155.643,54.27,34.84,34.97,35.29
2026-05-16T16:55:42+00:00,1778950542.179,99.88,54.381,125.789,43.23,84.479,155.643,54.28,34.62,34.92,35.27
2026-05-16T16:55:47+00:00,1778950547.181,99.87,54.370,125.789,43.22,84.496,155.643,54.29,34.41,34.87,35.25
2026-05-16T16:55:52+00:00,1778950552.182,99.88,54.351,125.789,43.21,84.507,155.643,54.30,35.17,35.02,35.30
2026-05-16T16:55:57+00:00,1778950557.183,99.85,54.350,125.789,43.21,84.517,155.643,54.30,35.56,35.11,35.32
2026-05-16T16:56:02+00:00,1778950562.185,99.89,54.342,125.789,43.20,84.526,155.643,54.31,35.36,35.07,35.31
2026-05-16T16:56:07+00:00,1778950567.186,99.87,54.346,125.789,43.20,84.536,155.643,54.31,35.25,35.05,35.30
2026-05-16T16:56:12+00:00,1778950572.187,99.87,54.357,125.789,43.21,84.543,155.643,54.32,35.31,35.07,35.31
2026-05-16T16:56:17+00:00,1778950577.189,99.87,54.362,125.789,43.22,84.550,155.643,54.32,35.04,35.02,35.29
2026-05-16T16:56:22+00:00,1778950582.190,99.86,54.370,125.789,43.22,84.557,155.643,54.33,35.84,35.19,35.34
2026-05-16T16:56:27+00:00,1778950587.191,99.88,54.371,125.789,43.22,84.565,155.643,54.33,36.33,35.30,35.38
2026-05-16T16:56:32+00:00,1778950592.192,99.87,54.377,125.789,43.23,84.572,155.643,54.34,36.15,35.28,35.37
2026-05-16T16:56:37+00:00,1778950597.194,99.87,54.388,125.789,43.24,84.581,155.643,54.34,35.81,35.22,35.35
2026-05-16T16:56:42+00:00,1778950602.195,99.87,54.395,125.789,43.24,84.589,155.643,54.35,36.07,35.29,35.37
2026-05-16T16:56:47+00:00,1778950607.197,99.87,54.409,125.789,43.25,84.594,155.643,54.35,36.38,35.36,35.40
2026-05-16T16:56:52+00:00,1778950612.198,99.87,54.418,125.789,43.26,84.600,155.643,54.36,37.07,35.52,35.45
2026-05-16T16:56:57+00:00,1778950617.199,99.88,54.426,125.789,43.27,84.608,155.643,54.36,37.15,35.57,35.46
2026-05-16T16:57:02+00:00,1778950622.201,99.86,54.526,125.789,43.35,84.616,155.643,54.37,37.22,35.61,35.47
2026-05-16T16:57:07+00:00,1778950627.202,99.87,54.505,125.789,43.33,84.624,155.643,54.37,37.12,35.61,35.48
2026-05-16T16:57:12+00:00,1778950632.203,99.86,54.519,125.789,43.34,84.638,155.643,54.38,36.87,35.59,35.47
2026-05-16T16:57:17+00:00,1778950637.205,99.87,54.523,125.789,43.34,84.658,155.643,54.39,36.56,35.54,35.46
2026-05-16T16:57:22+00:00,1778950642.206,99.88,54.514,125.789,43.34,84.676,155.643,54.40,37.00,35.65,35.49
2026-05-16T16:57:27+00:00,1778950647.207,99.87,54.486,125.789,43.32,84.688,155.643,54.41,36.60,35.59,35.47
2026-05-16T16:57:32+00:00,1778950652.209,99.87,54.481,125.789,43.31,84.699,155.643,54.42,36.23,35.53,35.45
2026-05-16T16:57:37+00:00,1778950657.210,99.88,54.481,125.789,43.31,84.709,155.643,54.43,35.97,35.49,35.44
2026-05-16T16:57:42+00:00,1778950662.211,99.88,54.481,125.789,43.31,84.719,155.643,54.43,35.73,35.45,35.43
2026-05-16T16:57:47+00:00,1778950667.213,99.87,54.481,125.789,43.31,84.728,155.643,54.44,35.51,35.40,35.41
2026-05-16T16:57:52+00:00,1778950672.214,99.87,54.485,125.789,43.31,84.734,155.643,54.44,35.23,35.35,35.39
2026-05-16T16:57:57+00:00,1778950677.215,99.89,54.491,125.789,43.32,84.740,155.643,54.45,34.97,35.29,35.38
2026-05-16T16:58:02+00:00,1778950682.216,99.89,54.496,125.789,43.32,84.748,155.643,54.45,35.53,35.40,35.41
2026-05-16T16:58:07+00:00,1778950687.218,99.89,54.502,125.789,43.33,84.755,155.643,54.46,35.33,35.36,35.40
2026-05-16T16:58:12+00:00,1778950692.219,99.86,54.516,125.789,43.34,84.763,155.643,54.46,35.47,35.39,35.41
2026-05-16T16:58:17+00:00,1778950697.221,99.87,54.526,125.789,43.35,84.770,155.643,54.46,35.59,35.42,35.42
2026-05-16T16:58:22+00:00,1778950702.222,99.87,54.536,125.789,43.36,84.775,155.643,54.47,36.18,35.54,35.46
2026-05-16T16:58:27+00:00,1778950707.224,99.88,54.539,125.789,43.36,84.780,155.643,54.47,35.93,35.50,35.44
2026-05-16T16:58:32+00:00,1778950712.225,99.88,54.543,125.789,43.36,84.786,155.643,54.48,35.69,35.46,35.43
2026-05-16T16:58:37+00:00,1778950717.226,99.88,54.655,125.789,43.45,84.794,155.643,54.48,35.80,35.49,35.44
2026-05-16T16:58:42+00:00,1778950722.228,99.86,54.646,125.789,43.44,84.803,155.643,54.49,36.05,35.54,35.46
2026-05-16T16:58:47+00:00,1778950727.229,99.89,54.649,125.789,43.45,84.816,155.643,54.49,35.89,35.52,35.45
2026-05-16T16:58:52+00:00,1778950732.230,99.89,54.653,125.789,43.45,84.832,155.643,54.50,35.66,35.48,35.44
2026-05-16T16:58:57+00:00,1778950737.232,99.88,54.645,125.789,43.44,84.850,155.643,54.52,36.33,35.62,35.48
2026-05-16T16:59:02+00:00,1778950742.233,99.90,54.627,125.789,43.43,84.861,155.643,54.52,36.38,35.64,35.49
2026-05-16T16:59:07+00:00,1778950747.234,99.89,54.618,125.789,43.42,84.870,155.643,54.53,36.03,35.58,35.47
2026-05-16T16:59:12+00:00,1778950752.236,99.89,54.623,125.789,43.42,84.879,155.643,54.53,35.79,35.54,35.46
2026-05-16T16:59:17+00:00,1778950757.237,99.87,54.612,125.789,43.42,84.889,155.643,54.54,35.48,35.48,35.44
2026-05-16T16:59:22+00:00,1778950762.238,99.87,54.625,125.789,43.43,84.898,155.643,54.55,36.09,35.60,35.48
2026-05-16T16:59:27+00:00,1778950767.240,99.87,54.633,125.789,43.43,84.904,155.643,54.55,35.76,35.54,35.46
2026-05-16T16:59:32+00:00,1778950772.241,99.87,54.639,125.789,43.44,84.911,155.643,54.56,35.54,35.50,35.45
2026-05-16T16:59:37+00:00,1778950777.243,99.86,54.644,125.789,43.44,84.919,155.643,54.56,35.65,35.53,35.46
2026-05-16T16:59:42+00:00,1778950782.244,99.87,54.665,125.789,43.46,84.926,155.643,54.56,35.60,35.52,35.45
2026-05-16T16:59:47+00:00,1778950787.245,99.87,54.678,125.789,43.47,84.934,155.643,54.57,35.31,35.46,35.44
2026-05-16T16:59:52+00:00,1778950792.247,99.86,54.686,125.789,43.47,84.942,155.643,54.58,34.97,35.38,35.41
2026-05-16T16:59:57+00:00,1778950797.248,99.87,54.691,125.789,43.48,84.949,155.643,54.58,34.73,35.33,35.39
2026-05-16T17:00:02+00:00,1778950802.250,99.87,54.694,125.789,43.48,84.954,155.643,54.58,35.07,35.39,35.41
2026-05-16T17:00:07+00:00,1778950807.251,99.87,54.709,125.789,43.49,84.959,155.643,54.59,35.07,35.38,35.41
2026-05-16T17:00:12+00:00,1778950812.252,99.86,54.722,125.789,43.50,84.967,155.643,54.59,35.38,35.44,35.43
2026-05-16T17:00:17+00:00,1778950817.253,99.86,54.826,125.789,43.59,84.975,155.643,54.60,36.63,35.70,35.51
2026-05-16T17:00:22+00:00,1778950822.255,99.87,54.829,125.789,43.59,84.985,155.643,54.60,36.98,35.79,35.54
2026-05-16T17:00:27+00:00,1778950827.256,99.85,54.848,125.789,43.60,84.999,155.643,54.61,36.66,35.74,35.53
2026-05-16T17:00:32+00:00,1778950832.258,99.87,54.845,125.789,43.60,85.015,155.643,54.62,36.29,35.68,35.51
2026-05-16T17:00:37+00:00,1778950837.259,99.87,54.839,125.789,43.60,85.035,155.643,54.63,35.95,35.62,35.49
2026-05-16T17:00:42+00:00,1778950842.260,99.86,54.820,125.789,43.58,85.047,155.643,54.64,35.79,35.59,35.48
2026-05-16T17:00:47+00:00,1778950847.262,99.86,54.816,125.789,43.58,85.057,155.643,54.65,35.81,35.60,35.49
2026-05-16T17:00:52+00:00,1778950852.263,99.87,54.803,125.789,43.57,85.067,155.643,54.66,35.50,35.54,35.47
2026-05-16T17:00:57+00:00,1778950857.264,99.86,54.803,125.789,43.57,85.075,155.643,54.66,35.78,35.60,35.49
2026-05-16T17:01:02+00:00,1778950862.266,99.89,54.818,125.789,43.58,85.083,155.643,54.67,36.92,35.83,35.56
2026-05-16T17:01:07+00:00,1778950867.267,99.87,54.823,125.789,43.58,85.091,155.643,54.67,36.61,35.79,35.55
2026-05-16T17:01:12+00:00,1778950872.268,99.87,54.826,125.789,43.59,85.097,155.643,54.67,36.32,35.74,35.54
2026-05-16T17:01:17+00:00,1778950877.270,99.87,54.836,125.789,43.59,85.105,155.643,54.68,35.97,35.68,35.52
2026-05-16T17:01:22+00:00,1778950882.271,99.86,54.845,125.789,43.60,85.112,155.643,54.68,36.21,35.73,35.54
2026-05-16T17:01:27+00:00,1778950887.272,99.86,54.855,125.789,43.61,85.120,155.643,54.69,35.88,35.67,35.52
2026-05-16T17:01:32+00:00,1778950892.274,99.84,54.863,125.789,43.62,85.127,155.643,54.69,36.69,35.84,35.57
2026-05-16T17:01:37+00:00,1778950897.275,99.87,54.872,125.789,43.62,85.132,155.643,54.70,36.31,35.78,35.55
2026-05-16T17:01:42+00:00,1778950902.276,99.87,54.879,125.789,43.63,85.136,155.643,54.70,36.13,35.75,35.55
2026-05-16T17:01:47+00:00,1778950907.278,99.89,54.883,125.789,43.63,85.143,155.643,54.70,36.92,35.92,35.60
2026-05-16T17:01:52+00:00,1778950912.279,99.87,54.988,125.789,43.71,85.150,155.643,54.71,36.60,35.87,35.59
2026-05-16T17:01:57+00:00,1778950917.281,99.87,54.981,125.789,43.71,85.158,155.643,54.71,36.47,35.86,35.58
2026-05-16T17:02:02+00:00,1778950922.282,99.87,54.976,125.789,43.71,85.170,155.643,54.72,36.20,35.81,35.57
2026-05-16T17:02:07+00:00,1778950927.283,99.88,54.978,125.789,43.71,85.184,155.643,54.73,36.10,35.80,35.57
2026-05-16T17:02:12+00:00,1778950932.285,99.88,54.977,125.789,43.71,85.202,155.643,54.74,35.77,35.73,35.55
2026-05-16T17:02:17+00:00,1778950937.286,99.87,54.957,125.789,43.69,85.215,155.643,54.75,35.47,35.67,35.53
2026-05-16T17:02:22+00:00,1778950942.287,99.87,54.942,125.789,43.68,85.224,155.643,54.76,35.27,35.63,35.51
2026-05-16T17:02:27+00:00,1778950947.288,99.87,54.947,125.789,43.68,85.234,155.643,54.76,35.81,35.73,35.55
2026-05-16T17:02:32+00:00,1778950952.290,99.86,54.944,125.789,43.68,85.243,155.643,54.77,35.67,35.70,35.54
2026-05-16T17:02:37+00:00,1778950957.291,99.87,54.949,125.789,43.68,85.252,155.643,54.77,35.61,35.69,35.54
2026-05-16T17:02:42+00:00,1778950962.293,99.87,54.953,125.789,43.69,85.259,155.643,54.78,35.32,35.63,35.52
2026-05-16T17:02:47+00:00,1778950967.294,99.86,54.957,125.789,43.69,85.266,155.643,54.78,35.78,35.72,35.55
2026-05-16T17:02:52+00:00,1778950972.295,99.87,54.959,125.789,43.69,85.273,155.643,54.79,35.47,35.66,35.53
2026-05-16T17:02:57+00:00,1778950977.297,99.87,54.967,125.789,43.70,85.280,155.643,54.79,35.60,35.68,35.54
2026-05-16T17:03:02+00:00,1778950982.298,99.87,54.979,125.789,43.71,85.287,155.643,54.80,36.27,35.82,35.58
2026-05-16T17:03:07+00:00,1778950987.299,99.86,54.987,125.789,43.71,85.295,155.643,54.80,37.21,36.02,35.65
2026-05-16T17:03:12+00:00,1778950992.301,99.86,54.998,125.789,43.72,85.302,155.643,54.81,37.03,36.00,35.65
2026-05-16T17:03:17+00:00,1778950997.302,99.87,55.009,125.789,43.73,85.306,155.643,54.81,36.63,35.94,35.63
2026-05-16T17:03:22+00:00,1778951002.304,99.88,55.017,125.789,43.74,85.312,155.643,54.81,36.34,35.89,35.61
2026-05-16T17:03:27+00:00,1778951007.305,99.87,55.022,125.789,43.74,85.320,155.643,54.82,36.39,35.91,35.62
2026-05-16T17:03:32+00:00,1778951012.306,99.87,55.144,125.789,43.84,85.329,155.643,54.82,37.00,36.04,35.66
2026-05-16T17:03:37+00:00,1778951017.308,99.87,55.142,125.789,43.84,85.341,155.643,54.83,37.56,36.17,35.71
2026-05-16T17:03:42+00:00,1778951022.309,99.87,55.145,125.789,43.84,85.357,155.643,54.84,37.20,36.12,35.70
2026-05-16T17:03:47+00:00,1778951027.311,99.87,55.142,125.789,43.84,85.376,155.643,54.85,37.82,36.27,35.75
2026-05-16T17:03:52+00:00,1778951032.312,99.88,55.116,125.789,43.82,85.391,155.643,54.86,37.35,36.20,35.72
2026-05-16T17:03:57+00:00,1778951037.313,99.89,55.101,125.789,43.80,85.401,155.643,54.87,37.49,36.24,35.74
2026-05-16T17:04:02+00:00,1778951042.315,99.88,55.101,125.789,43.80,85.412,155.643,54.88,37.21,36.21,35.73
2026-05-16T17:04:07+00:00,1778951047.316,99.88,55.104,125.789,43.81,85.421,155.643,54.88,36.87,36.15,35.72
2026-05-16T17:04:12+00:00,1778951052.317,99.86,55.114,125.789,43.81,85.430,155.643,54.89,37.52,36.30,35.77
2026-05-16T17:04:17+00:00,1778951057.319,99.89,55.111,125.789,43.81,85.438,155.643,54.89,37.08,36.23,35.75
2026-05-16T17:04:22+00:00,1778951062.320,99.85,55.121,125.789,43.82,85.444,155.643,54.90,36.75,36.17,35.73
2026-05-16T17:04:27+00:00,1778951067.321,99.87,55.130,125.789,43.83,85.451,155.643,54.90,37.09,36.25,35.76
2026-05-16T17:04:32+00:00,1778951072.323,99.87,55.140,125.789,43.84,85.459,155.643,54.91,37.25,36.30,35.78
2026-05-16T17:04:37+00:00,1778951077.324,99.89,55.149,125.789,43.84,85.468,155.643,54.91,36.83,36.23,35.76
2026-05-16T17:04:42+00:00,1778951082.325,99.87,55.155,125.789,43.85,85.475,155.643,54.92,36.60,36.19,35.75
2026-05-16T17:04:47+00:00,1778951087.327,99.88,55.164,125.789,43.85,85.482,155.643,54.92,37.43,36.37,35.81
2026-05-16T17:04:52+00:00,1778951092.328,99.86,55.177,125.789,43.87,85.487,155.643,54.93,37.80,36.46,35.84
2026-05-16T17:04:57+00:00,1778951097.329,99.87,55.185,125.789,43.87,85.492,155.643,54.93,37.49,36.42,35.83
2026-05-16T17:05:02+00:00,1778951102.330,99.87,55.194,125.789,43.88,85.498,155.643,54.93,37.85,36.52,35.87
2026-05-16T17:05:07+00:00,1778951107.332,99.86,55.309,125.789,43.97,85.505,155.643,54.94,37.47,36.46,35.85
2026-05-16T17:05:12+00:00,1778951112.333,99.88,55.297,125.789,43.96,85.515,155.643,54.94,37.03,36.38,35.83
2026-05-16T17:05:17+00:00,1778951117.334,99.88,55.294,125.789,43.96,85.529,155.643,54.95,36.70,36.33,35.81
2026-05-16T17:05:22+00:00,1778951122.335,99.89,55.295,125.789,43.96,85.549,155.643,54.97,36.33,36.25,35.79
2026-05-16T17:05:27+00:00,1778951127.337,99.87,55.287,125.789,43.95,85.565,155.643,54.98,35.98,36.18,35.77
2026-05-16T17:05:32+00:00,1778951132.338,99.88,55.269,125.789,43.94,85.576,155.643,54.98,36.22,36.23,35.79
2026-05-16T17:05:37+00:00,1778951137.340,99.87,55.271,125.789,43.94,85.585,155.643,54.99,35.89,36.16,35.77
2026-05-16T17:05:42+00:00,1778951142.341,99.88,55.258,125.789,43.93,85.595,155.643,54.99,35.65,36.11,35.75
2026-05-16T17:05:47+00:00,1778951147.342,99.87,55.264,125.789,43.93,85.605,155.643,55.00,35.60,36.09,35.75
2026-05-16T17:05:52+00:00,1778951152.344,99.87,55.268,125.789,43.94,85.613,155.643,55.01,35.31,36.02,35.73
2026-05-16T17:05:57+00:00,1778951157.345,99.88,55.274,125.789,43.94,85.619,155.643,55.01,35.21,35.99,35.72
2026-05-16T17:06:02+00:00,1778951162.346,99.89,55.280,125.789,43.95,85.626,155.643,55.01,35.91,36.12,35.76
2026-05-16T17:06:07+00:00,1778951167.347,99.87,55.289,125.789,43.95,85.633,155.643,55.02,35.68,36.07,35.75
2026-05-16T17:06:12+00:00,1778951172.349,99.87,55.297,125.789,43.96,85.641,155.643,55.02,35.38,36.00,35.73
2026-05-16T17:06:17+00:00,1778951177.350,99.86,55.317,125.789,43.98,85.650,155.643,55.03,35.11,35.93,35.71
2026-05-16T17:06:22+00:00,1778951182.351,99.87,55.330,125.789,43.99,85.658,155.643,55.03,34.86,35.87,35.69
2026-05-16T17:06:27+00:00,1778951187.353,99.86,55.330,125.789,43.99,85.664,155.643,55.04,35.67,36.02,35.74
2026-05-16T17:06:32+00:00,1778951192.354,99.86,55.337,125.789,43.99,85.670,155.643,55.04,35.94,36.07,35.76
2026-05-16T17:06:37+00:00,1778951197.355,99.89,55.345,125.789,44.00,85.678,155.643,55.05,35.87,36.05,35.75
2026-05-16T17:06:42+00:00,1778951202.357,99.86,55.454,125.789,44.09,85.686,155.643,55.05,35.56,35.98,35.73
2026-05-16T17:06:47+00:00,1778951207.358,99.86,55.462,125.789,44.09,85.698,155.643,55.06,35.99,36.07,35.76
2026-05-16T17:06:52+00:00,1778951212.360,99.84,55.481,125.789,44.11,85.712,155.643,55.07,35.99,36.07,35.76
2026-05-16T17:06:57+00:00,1778951217.361,99.87,55.477,125.789,44.10,85.731,155.643,55.08,36.87,36.25,35.82
2026-05-16T17:07:02+00:00,1778951222.363,99.87,55.471,125.789,44.10,85.750,155.643,55.09,36.48,36.18,35.80
2026-05-16T17:07:07+00:00,1778951227.364,99.87,55.430,125.789,44.07,85.761,155.643,55.10,36.20,36.12,35.79
2026-05-16T17:07:12+00:00,1778951232.365,99.87,55.433,125.789,44.07,85.771,155.643,55.11,36.11,36.10,35.78
2026-05-16T17:07:17+00:00,1778951237.367,99.87,55.430,125.789,44.07,85.781,155.643,55.11,37.14,36.32,35.85
2026-05-16T17:07:22+00:00,1778951242.368,99.87,55.435,125.789,44.07,85.791,155.643,55.12,36.81,36.26,35.84
2026-05-16T17:07:27+00:00,1778951247.369,99.87,55.437,125.789,44.07,85.800,155.643,55.13,37.31,36.38,35.88
2026-05-16T17:07:32+00:00,1778951252.371,99.87,55.443,125.789,44.08,85.807,155.643,55.13,36.96,36.32,35.86
2026-05-16T17:07:37+00:00,1778951257.372,99.87,55.446,125.789,44.08,85.814,155.643,55.14,36.72,36.28,35.85
2026-05-16T17:07:42+00:00,1778951262.373,99.87,55.450,125.789,44.08,85.822,155.643,55.14,36.34,36.21,35.83
2026-05-16T17:07:47+00:00,1778951267.375,99.88,55.458,125.789,44.09,85.830,155.643,55.15,36.72,36.29,35.86
2026-05-16T17:07:52+00:00,1778951272.376,99.87,55.463,125.789,44.09,85.838,155.643,55.15,37.06,36.37,35.88
2026-05-16T17:07:57+00:00,1778951277.377,99.87,55.470,125.789,44.10,85.844,155.643,55.15,37.22,36.41,35.90
2026-05-16T17:08:02+00:00,1778951282.379,99.89,55.481,125.789,44.11,85.848,155.643,55.16,37.68,36.52,35.94
2026-05-16T17:08:07+00:00,1778951287.380,99.87,55.489,125.789,44.11,85.854,155.643,55.16,37.38,36.48,35.93
2026-05-16T17:08:12+00:00,1778951292.381,99.87,55.496,125.789,44.12,85.862,155.643,55.17,37.03,36.42,35.91
2026-05-16T17:08:17+00:00,1778951297.383,99.84,55.598,125.789,44.20,85.870,155.643,55.17,36.71,36.36,35.90
2026-05-16T17:08:22+00:00,1778951302.384,99.86,55.576,125.789,44.18,85.883,155.643,55.18,36.33,36.29,35.88
2026-05-16T17:08:27+00:00,1778951307.385,99.88,55.585,125.789,44.19,85.897,155.643,55.19,36.87,36.40,35.91
2026-05-16T17:08:32+00:00,1778951312.387,99.87,55.584,125.789,44.19,85.915,155.643,55.20,36.48,36.33,35.89
2026-05-16T17:08:37+00:00,1778951317.388,99.87,55.563,125.789,44.17,85.929,155.643,55.21,36.12,36.26,35.87
2026-05-16T17:08:42+00:00,1778951322.389,99.86,55.557,125.789,44.17,85.939,155.643,55.22,35.79,36.19,35.85
2026-05-16T17:08:47+00:00,1778951327.391,99.86,55.556,125.789,44.17,85.948,155.643,55.22,35.48,36.12,35.83
2026-05-16T17:08:52+00:00,1778951332.392,99.88,55.552,125.789,44.16,85.958,155.643,55.23,35.36,36.08,35.82
2026-05-16T17:08:57+00:00,1778951337.394,99.87,55.555,125.789,44.17,85.967,155.643,55.23,36.14,36.23,35.87
2026-05-16T17:09:02+00:00,1778951342.395,99.89,55.560,125.789,44.17,85.973,155.643,55.24,35.97,36.19,35.86
2026-05-16T17:09:07+00:00,1778951347.396,99.87,55.569,125.789,44.18,85.979,155.643,55.24,36.61,36.32,35.90
2026-05-16T17:09:12+00:00,1778951352.397,99.87,55.577,125.789,44.18,85.986,155.643,55.25,36.32,36.27,35.89
2026-05-16T17:09:17+00:00,1778951357.399,99.86,55.590,125.789,44.19,85.994,155.643,55.25,36.53,36.31,35.90
2026-05-16T17:09:22+00:00,1778951362.400,99.86,55.600,125.789,44.20,86.002,155.643,55.26,37.53,36.52,35.97
2026-05-16T17:09:27+00:00,1778951367.402,99.86,55.609,125.789,44.21,86.011,155.643,55.26,38.37,36.72,36.04
2026-05-16T17:09:32+00:00,1778951372.403,99.86,55.620,125.789,44.22,86.019,155.643,55.27,38.82,36.84,36.08
2026-05-16T17:09:37+00:00,1778951377.404,99.86,55.624,125.789,44.22,86.025,155.643,55.27,39.48,37.01,36.14
2026-05-16T17:09:42+00:00,1778951382.406,99.87,55.628,125.789,44.22,86.033,155.643,55.28,38.88,36.92,36.12
2026-05-16T17:09:47+00:00,1778951387.407,99.84,55.747,125.789,44.32,86.041,155.643,55.28,38.49,36.87,36.11
2026-05-16T17:09:52+00:00,1778951392.409,99.87,55.740,125.789,44.31,86.052,155.643,55.29,38.85,36.97,36.14
2026-05-16T17:09:57+00:00,1778951397.410,99.86,55.760,125.789,44.33,86.066,155.643,55.30,38.38,36.91,36.13
2026-05-16T17:10:02+00:00,1778951402.411,99.87,55.762,125.789,44.33,86.084,155.643,55.31,37.87,36.83,36.11
2026-05-16T17:10:07+00:00,1778951407.413,99.89,55.753,125.789,44.32,86.102,155.643,55.32,38.28,36.93,36.14
2026-05-16T17:10:12+00:00,1778951412.414,99.87,55.726,125.789,44.30,86.115,155.643,55.33,37.78,36.85,36.12
2026-05-16T17:10:17+00:00,1778951417.415,99.88,55.721,125.789,44.30,86.127,155.643,55.34,38.60,37.03,36.18
2026-05-16T17:10:22+00:00,1778951422.417,99.86,55.719,125.789,44.30,86.138,155.643,55.34,38.15,36.97,36.17
2026-05-16T17:10:27+00:00,1778951427.418,99.87,55.718,125.789,44.30,86.148,155.643,55.35,37.58,36.87,36.14
2026-05-16T17:10:32+00:00,1778951432.419,99.87,55.720,125.789,44.30,86.157,155.643,55.36,37.13,36.79,36.12
2026-05-16T17:10:37+00:00,1778951437.420,99.86,55.727,125.789,44.30,86.163,155.643,55.36,36.80,36.72,36.10
2026-05-16T17:10:42+00:00,1778951442.422,99.86,55.734,125.789,44.31,86.169,155.643,55.36,37.21,36.81,36.13
2026-05-16T17:10:47+00:00,1778951447.423,99.86,55.737,125.789,44.31,86.178,155.643,55.37,36.96,36.76,36.12
2026-05-16T17:10:52+00:00,1778951452.424,99.86,55.745,125.789,44.32,86.186,155.643,55.37,36.80,36.73,36.11
2026-05-16T17:10:57+00:00,1778951457.426,99.86,55.754,125.789,44.32,86.194,155.643,55.38,36.66,36.71,36.11
2026-05-16T17:11:02+00:00,1778951462.427,99.89,55.755,125.789,44.32,86.201,155.643,55.38,36.44,36.66,36.09
2026-05-16T17:11:07+00:00,1778951467.428,99.87,55.762,125.789,44.33,86.206,155.643,55.39,36.17,36.60,36.08
2026-05-16T17:11:12+00:00,1778951472.430,99.86,55.771,125.789,44.34,86.212,155.643,55.39,35.83,36.52,36.06
2026-05-16T17:11:17+00:00,1778951477.431,99.88,55.776,125.789,44.34,86.221,155.643,55.40,35.69,36.48,36.04
2026-05-16T17:11:22+00:00,1778951482.432,99.87,55.881,125.789,44.42,86.228,155.643,55.40,35.39,36.41,36.02
2026-05-16T17:11:27+00:00,1778951487.434,99.87,55.870,125.789,44.42,86.239,155.643,55.41,36.08,36.53,36.07
2026-05-16T17:11:32+00:00,1778951492.435,99.87,55.874,125.789,44.42,86.255,155.643,55.42,35.91,36.49,36.05
2026-05-16T17:11:37+00:00,1778951497.437,99.86,55.875,125.789,44.42,86.275,155.643,55.43,36.64,36.63,36.10
2026-05-16T17:11:42+00:00,1778951502.438,99.86,55.855,125.789,44.40,86.290,155.643,55.44,36.35,36.57,36.09
2026-05-16T17:11:47+00:00,1778951507.439,99.87,55.842,125.789,44.39,86.301,155.643,55.45,36.64,36.63,36.11
2026-05-16T17:11:52+00:00,1778951512.441,99.87,55.840,125.789,44.39,86.311,155.643,55.45,37.47,36.80,36.17
2026-05-16T17:11:57+00:00,1778951517.442,99.87,55.832,125.789,44.39,86.321,155.643,55.46,37.19,36.75,36.15
2026-05-16T17:12:02+00:00,1778951522.443,99.89,55.841,125.789,44.39,86.331,155.643,55.47,37.74,36.87,36.20
2026-05-16T17:12:07+00:00,1778951527.445,99.87,55.845,125.789,44.40,86.339,155.643,55.47,38.16,36.98,36.23
2026-05-16T17:12:12+00:00,1778951532.446,99.87,55.854,125.789,44.40,86.346,155.643,55.48,37.83,36.93,36.22
2026-05-16T17:12:17+00:00,1778951537.447,99.88,55.858,125.789,44.41,86.354,155.643,55.48,37.52,36.88,36.21
2026-05-16T17:12:22+00:00,1778951542.448,99.87,55.863,125.789,44.41,86.361,155.643,55.49,37.96,36.98,36.25
2026-05-16T17:12:27+00:00,1778951547.450,99.87,55.872,125.789,44.42,86.369,155.643,55.49,37.48,36.90,36.22
2026-05-16T17:12:32+00:00,1778951552.451,99.87,55.881,125.789,44.42,86.376,155.643,55.50,37.12,36.83,36.20
2026-05-16T17:12:37+00:00,1778951557.452,99.86,55.894,125.789,44.44,86.383,155.643,55.50,36.79,36.77,36.19
2026-05-16T17:12:42+00:00,1778951562.454,99.87,55.901,125.789,44.44,86.389,155.643,55.50,36.41,36.69,36.16
2026-05-16T17:12:47+00:00,1778951567.455,99.86,55.904,125.789,44.44,86.396,155.643,55.51,36.86,36.78,36.20
2026-05-16T17:12:52+00:00,1778951572.456,99.87,56.013,125.789,44.53,86.404,155.643,55.51,36.47,36.70,36.17
2026-05-16T17:12:57+00:00,1778951577.458,99.89,56.012,125.789,44.53,86.413,155.643,55.52,36.75,36.75,36.19
2026-05-16T17:13:02+00:00,1778951582.459,99.87,56.016,125.789,44.53,86.424,155.643,55.53,36.37,36.67,36.17
2026-05-16T17:13:07+00:00,1778951587.460,99.87,56.029,125.789,44.54,86.439,155.643,55.54,36.10,36.61,36.15
2026-05-16T17:13:12+00:00,1778951592.462,99.87,56.027,125.789,44.54,86.459,155.643,55.55,36.57,36.70,36.19
2026-05-16T17:13:17+00:00,1778951597.463,99.88,56.005,125.789,44.52,86.475,155.643,55.56,36.21,36.62,36.16
2026-05-16T17:13:22+00:00,1778951602.464,99.89,55.983,125.789,44.51,86.485,155.643,55.57,35.87,36.55,36.14
2026-05-16T17:13:27+00:00,1778951607.466,99.89,55.989,125.789,44.51,86.495,155.643,55.57,35.64,36.49,36.12
2026-05-16T17:13:32+00:00,1778951612.467,99.86,55.981,125.789,44.50,86.504,155.643,55.58,35.35,36.41,36.10
2026-05-16T17:13:37+00:00,1778951617.468,99.88,55.986,125.789,44.51,86.513,155.643,55.58,35.32,36.39,36.09
2026-05-16T17:13:42+00:00,1778951622.470,99.87,55.993,125.789,44.51,86.520,155.643,55.59,35.21,36.35,36.08
2026-05-16T17:13:47+00:00,1778951627.471,99.87,55.997,125.789,44.52,86.527,155.643,55.59,34.96,36.28,36.06
2026-05-16T17:13:52+00:00,1778951632.473,99.89,56.006,125.789,44.52,86.534,155.643,55.60,34.80,36.22,36.04
2026-05-16T17:13:57+00:00,1778951637.474,99.87,56.021,125.789,44.54,86.542,155.643,55.60,35.30,36.30,36.07
2026-05-16T17:14:02+00:00,1778951642.475,99.88,56.032,125.789,44.54,86.549,155.643,55.61,35.91,36.41,36.11
2026-05-16T17:14:07+00:00,1778951647.477,99.87,56.043,125.789,44.55,86.556,155.643,55.61,36.56,36.54,36.15
2026-05-16T17:14:12+00:00,1778951652.478,99.87,56.057,125.789,44.56,86.561,155.643,55.62,36.28,36.48,36.13
2026-05-16T17:14:17+00:00,1778951657.480,99.87,56.068,125.789,44.57,86.565,155.643,55.62,35.93,36.41,36.11
2026-05-16T17:14:22+00:00,1778951662.481,99.89,56.077,125.789,44.58,86.570,155.643,55.62,35.62,36.33,36.09
2026-05-16T17:14:27+00:00,1778951667.482,99.88,56.093,125.789,44.59,86.578,155.643,55.63,35.81,36.36,36.10
2026-05-16T17:14:32+00:00,1778951672.484,99.87,56.202,125.789,44.68,86.585,155.643,55.63,35.50,36.29,36.08
2026-05-16T17:14:37+00:00,1778951677.486,99.87,56.197,125.789,44.68,86.592,155.643,55.64,35.30,36.23,36.06
2026-05-16T17:14:42+00:00,1778951682.488,99.89,56.195,125.789,44.67,86.605,155.643,55.64,35.04,36.16,36.04
2026-05-16T17:14:47+00:00,1778951687.489,99.89,56.196,125.789,44.67,86.618,155.643,55.65,35.44,36.23,36.06
2026-05-16T17:14:52+00:00,1778951692.490,99.89,56.193,125.789,44.67,86.635,155.643,55.66,35.88,36.31,36.09
2026-05-16T17:14:57+00:00,1778951697.491,99.89,56.182,125.789,44.66,86.648,155.643,55.67,36.05,36.33,36.10
2026-05-16T17:15:02+00:00,1778951702.493,99.90,56.173,125.789,44.66,86.656,155.643,55.68,35.81,36.28,36.08
2026-05-16T17:15:07+00:00,1778951707.494,99.91,56.175,125.789,44.66,86.665,155.643,55.68,35.50,36.21,36.06
2026-05-16T17:15:12+00:00,1778951712.496,99.89,56.158,125.789,44.65,86.672,155.643,55.69,35.22,36.14,36.04
2026-05-16T17:15:17+00:00,1778951717.497,99.89,56.166,125.789,44.65,86.681,155.643,55.69,35.44,36.17,36.05
2026-05-16T17:15:22+00:00,1778951722.499,99.88,56.173,125.789,44.66,86.689,155.643,55.70,35.17,36.10,36.03
2026-05-16T17:15:27+00:00,1778951727.500,99.89,56.185,125.789,44.67,86.695,155.643,55.70,35.07,36.06,36.01
2026-05-16T17:15:32+00:00,1778951732.501,99.88,56.186,125.789,44.67,86.701,155.643,55.70,35.95,36.23,36.07
2026-05-16T17:15:37+00:00,1778951737.503,99.88,56.191,125.789,44.67,86.707,155.643,55.71,35.55,36.14,36.04
2026-05-16T17:15:42+00:00,1778951742.504,99.89,56.202,125.789,44.68,86.715,155.643,55.71,35.27,36.07,36.02
2026-05-16T17:15:47+00:00,1778951747.505,99.90,56.208,125.789,44.68,86.722,155.643,55.72,35.89,36.19,36.06
2026-05-16T17:15:52+00:00,1778951752.507,99.89,56.215,125.789,44.69,86.729,155.643,55.72,35.58,36.12,36.03
2026-05-16T17:15:57+00:00,1778951757.508,99.88,56.230,125.789,44.70,86.735,155.643,55.73,35.85,36.17,36.05
2026-05-16T17:16:02+00:00,1778951762.510,99.90,56.236,125.789,44.71,86.740,155.643,55.73,36.58,36.31,36.10
2026-05-16T17:16:07+00:00,1778951767.511,99.88,56.248,125.789,44.72,86.747,155.643,55.74,37.50,36.51,36.16
2026-05-16T17:16:12+00:00,1778951772.512,99.89,56.356,125.789,44.80,86.756,155.643,55.74,37.06,36.43,36.14
2026-05-16T17:16:17+00:00,1778951777.514,99.88,56.350,125.789,44.80,86.765,155.643,55.75,36.73,36.37,36.12
2026-05-16T17:16:22+00:00,1778951782.515,99.85,56.366,125.789,44.81,86.777,155.643,55.75,36.35,36.30,36.10
2026-05-16T17:16:27+00:00,1778951787.516,99.86,56.377,125.789,44.82,86.792,155.643,55.76,36.08,36.25,36.08
2026-05-16T17:16:32+00:00,1778951792.518,99.87,56.373,125.789,44.82,86.812,155.643,55.78,36.16,36.26,36.09
2026-05-16T17:16:37+00:00,1778951797.519,99.88,56.342,125.789,44.79,86.826,155.643,55.79,35.82,36.19,36.07
2026-05-16T17:16:42+00:00,1778951802.520,99.88,56.323,125.789,44.78,86.838,155.643,55.79,35.52,36.12,36.04
2026-05-16T17:16:47+00:00,1778951807.522,99.88,56.324,125.789,44.78,86.848,155.643,55.80,35.32,36.07,36.03
2026-05-16T17:16:52+00:00,1778951812.523,99.88,56.327,125.789,44.78,86.859,155.643,55.81,35.13,36.02,36.01
2026-05-16T17:16:57+00:00,1778951817.524,99.87,56.331,125.789,44.78,86.869,155.643,55.81,35.52,36.08,36.03
2026-05-16T17:17:02+00:00,1778951822.526,99.89,56.339,125.789,44.79,86.877,155.643,55.82,35.24,36.01,36.01
2026-05-16T17:17:07+00:00,1778951827.527,99.87,56.347,125.789,44.79,86.881,155.643,55.82,34.98,35.95,35.99
2026-05-16T17:17:12+00:00,1778951832.528,99.86,56.357,125.789,44.80,86.887,155.643,55.82,34.74,35.88,35.97
2026-05-16T17:17:17+00:00,1778951837.530,99.87,56.367,125.789,44.81,86.894,155.643,55.83,34.60,35.83,35.95
2026-05-16T17:17:22+00:00,1778951842.531,99.88,56.374,125.789,44.82,86.901,155.643,55.83,35.59,36.02,36.01
2026-05-16T17:17:27+00:00,1778951847.532,99.86,56.380,125.789,44.82,86.909,155.643,55.84,35.47,35.99,36.00
2026-05-16T17:17:32+00:00,1778951852.534,99.88,56.387,125.789,44.83,86.914,155.643,55.84,35.19,35.92,35.98
2026-05-16T17:17:37+00:00,1778951857.535,99.88,56.395,125.789,44.83,86.919,155.643,55.85,35.65,36.00,36.01
2026-05-16T17:17:42+00:00,1778951862.536,99.87,56.399,125.789,44.84,86.927,155.643,55.85,35.36,35.94,35.98
2026-05-16T17:17:47+00:00,1778951867.538,99.89,56.405,125.789,44.84,86.935,155.643,55.86,35.33,35.92,35.98
2026-05-16T17:17:52+00:00,1778951872.539,99.88,56.516,125.789,44.93,86.943,155.643,55.86,35.14,35.87,35.96
2026-05-16T17:17:57+00:00,1778951877.540,99.89,56.512,125.789,44.93,86.956,155.643,55.87,35.29,35.89,35.97
2026-05-16T17:18:02+00:00,1778951882.542,99.89,56.511,125.789,44.93,86.971,155.643,55.88,36.15,36.06,36.02
2026-05-16T17:18:07+00:00,1778951887.543,99.89,56.513,125.789,44.93,86.991,155.643,55.89,35.90,36.01,36.01
2026-05-16T17:18:12+00:00,1778951892.544,99.89,56.491,125.789,44.91,87.004,155.643,55.90,35.91,36.01,36.01
2026-05-16T17:18:17+00:00,1778951897.546,99.87,56.487,125.789,44.91,87.013,155.643,55.91,35.67,35.96,35.99
2026-05-16T17:18:22+00:00,1778951902.547,99.87,56.497,125.789,44.91,87.023,155.643,55.91,35.54,35.92,35.98
2026-05-16T17:18:27+00:00,1778951907.548,99.87,56.492,125.789,44.91,87.033,155.643,55.92,35.66,35.94,35.98
2026-05-16T17:18:32+00:00,1778951912.550,99.87,56.496,125.789,44.91,87.043,155.643,55.92,35.52,35.91,35.97
2026-05-16T17:18:37+00:00,1778951917.551,99.88,56.500,125.789,44.92,87.049,155.643,55.93,35.24,35.84,35.95
2026-05-16T17:18:42+00:00,1778951922.552,99.89,56.506,125.789,44.92,87.055,155.643,55.93,35.06,35.80,35.94
2026-05-16T17:18:47+00:00,1778951927.554,99.87,56.520,125.789,44.93,87.061,155.643,55.94,34.90,35.75,35.92
2026-05-16T17:18:52+00:00,1778951932.555,99.87,56.527,125.789,44.94,87.067,155.643,55.94,35.31,35.82,35.94
2026-05-16T17:18:57+00:00,1778951937.556,99.86,56.532,125.789,44.94,87.075,155.643,55.95,35.44,35.84,35.95
2026-05-16T17:19:02+00:00,1778951942.557,99.87,56.538,125.789,44.95,87.084,155.643,55.95,35.33,35.81,35.94
2026-05-16T17:19:07+00:00,1778951947.559,99.87,56.545,125.789,44.95,87.092,155.643,55.96,36.10,35.96,35.99
2026-05-16T17:19:12+00:00,1778951952.560,99.87,56.557,125.789,44.96,87.099,155.643,55.96,36.65,36.08,36.02
2026-05-16T17:19:17+00:00,1778951957.561,99.87,56.564,125.789,44.97,87.104,155.643,55.96,36.28,36.01,36.00
2026-05-16T17:19:22+00:00,1778951962.563,99.85,56.569,125.789,44.97,87.113,155.643,55.97,35.94,35.95,35.98
2026-05-16T17:19:27+00:00,1778951967.564,99.88,56.670,125.789,45.05,87.121,155.643,55.97,36.34,36.03,36.01
2026-05-16T17:19:32+00:00,1778951972.565,99.86,56.650,125.789,45.04,87.131,155.643,55.98,35.99,35.96,35.98
2026-05-16T17:19:37+00:00,1778951977.567,99.85,56.681,125.789,45.06,87.145,155.643,55.99,36.56,36.08,36.02
2026-05-16T17:19:42+00:00,1778951982.568,99.87,56.680,125.789,45.06,87.162,155.643,56.00,36.19,36.01,36.00
2026-05-16T17:19:47+00:00,1778951987.569,99.87,56.676,125.789,45.06,87.181,155.643,56.01,36.09,35.99,36.00
2026-05-16T17:19:52+00:00,1778951992.571,99.87,56.641,125.789,45.03,87.194,155.643,56.02,35.77,35.93,35.97
2026-05-16T17:19:57+00:00,1778951997.572,99.87,56.635,125.789,45.02,87.203,155.643,56.03,36.59,36.10,36.03
2026-05-16T17:20:02+00:00,1778952002.573,99.89,56.634,125.789,45.02,87.213,155.643,56.03,36.30,36.04,36.01
2026-05-16T17:20:07+00:00,1778952007.575,99.89,56.624,125.789,45.02,87.222,155.643,56.04,36.92,36.18,36.05
2026-05-16T17:20:12+00:00,1778952012.576,99.89,56.629,125.789,45.02,87.231,155.643,56.05,36.60,36.12,36.04
2026-05-16T17:20:17+00:00,1778952017.577,99.88,56.638,125.789,45.03,87.238,155.643,56.05,36.31,36.07,36.02
2026-05-16T17:20:22+00:00,1778952022.578,99.87,56.650,125.789,45.04,87.244,155.643,56.05,36.77,36.17,36.05
2026-05-16T17:20:27+00:00,1778952027.580,99.88,56.652,125.789,45.04,87.251,155.643,56.06,36.39,36.10,36.03
2026-05-16T17:20:32+00:00,1778952032.581,99.87,56.666,125.789,45.05,87.259,155.643,56.06,36.11,36.05,36.01
2026-05-16T17:20:37+00:00,1778952037.582,99.87,56.671,125.789,45.05,87.266,155.643,56.07,36.59,36.15,36.05
2026-05-16T17:20:42+00:00,1778952042.584,99.88,56.679,125.789,45.06,87.274,155.643,56.07,36.38,36.11,36.04
2026-05-16T17:20:47+00:00,1778952047.585,99.89,56.682,125.789,45.06,87.280,155.643,56.08,36.11,36.06,36.02
2026-05-16T17:20:52+00:00,1778952052.587,99.88,56.686,125.789,45.06,87.284,155.643,56.08,36.98,36.24,36.08
2026-05-16T17:20:57+00:00,1778952057.588,99.89,56.694,125.789,45.07,87.289,155.643,56.08,37.06,36.27,36.09
2026-05-16T17:21:02+00:00,1778952062.589,99.87,56.706,125.789,45.08,87.296,155.643,56.09,37.14,36.30,36.10
2026-05-16T17:21:07+00:00,1778952067.591,99.88,56.818,125.789,45.17,87.303,155.643,56.09,36.81,36.24,36.08
2026-05-16T17:21:12+00:00,1778952072.592,99.86,56.809,125.789,45.16,87.313,155.643,56.10,36.42,36.17,36.06
2026-05-16T17:21:17+00:00,1778952077.593,99.87,56.808,125.789,45.16,87.326,155.643,56.11,36.87,36.27,36.09
2026-05-16T17:21:22+00:00,1778952082.595,99.87,56.805,125.789,45.16,87.343,155.643,56.12,36.56,36.22,36.08
2026-05-16T17:21:27+00:00,1778952087.596,99.88,56.800,125.789,45.15,87.358,155.643,56.13,36.35,36.18,36.06
2026-05-16T17:21:32+00:00,1778952092.597,99.89,56.789,125.789,45.15,87.369,155.643,56.13,36.00,36.11,36.04
2026-05-16T17:21:37+00:00,1778952097.599,99.88,56.788,125.789,45.15,87.379,155.643,56.14,35.76,36.06,36.03
2026-05-16T17:21:42+00:00,1778952102.600,99.88,56.777,125.789,45.14,87.388,155.643,56.15,35.46,35.99,36.00
2026-05-16T17:21:47+00:00,1778952107.601,99.87,56.776,125.789,45.14,87.398,155.643,56.15,36.39,36.17,36.06
2026-05-16T17:21:52+00:00,1778952112.603,99.86,56.777,125.789,45.14,87.406,155.643,56.16,36.27,36.15,36.06
2026-05-16T17:21:57+00:00,1778952117.604,99.89,56.780,125.789,45.14,87.413,155.643,56.16,36.01,36.10,36.04
2026-05-16T17:22:02+00:00,1778952122.605,99.87,56.794,125.789,45.15,87.418,155.643,56.17,36.09,36.12,36.05
2026-05-16T17:22:07+00:00,1778952127.607,99.87,56.804,125.789,45.16,87.424,155.643,56.17,35.84,36.06,36.03
2026-05-16T17:22:12+00:00,1778952132.608,99.86,56.800,125.789,45.16,87.432,155.643,56.17,35.70,36.03,36.02
2026-05-16T17:22:17+00:00,1778952137.610,99.86,56.811,125.789,45.16,87.439,155.643,56.18,36.28,36.15,36.06
2026-05-16T17:22:22+00:00,1778952142.611,99.87,56.818,125.789,45.17,87.447,155.643,56.18,36.42,36.18,36.07
2026-05-16T17:22:27+00:00,1778952147.612,99.87,56.826,125.789,45.18,87.453,155.643,56.19,36.06,36.11,36.04
2026-05-16T17:22:32+00:00,1778952152.614,99.86,56.836,125.789,45.18,87.458,155.643,56.19,35.82,36.06,36.03
2026-05-16T17:22:37+00:00,1778952157.615,99.86,56.847,125.789,45.19,87.466,155.643,56.20,35.83,36.05,36.03
2026-05-16T17:22:42+00:00,1778952162.616,99.86,56.944,125.789,45.27,87.475,155.643,56.20,35.53,35.99,36.01
2026-05-16T17:22:47+00:00,1778952167.618,99.86,56.961,125.789,45.28,87.487,155.643,56.21,35.56,35.99,36.00
2026-05-16T17:22:52+00:00,1778952172.619,99.82,56.987,125.789,45.30,87.501,155.643,56.22,35.76,36.02,36.02
2026-05-16T17:22:57+00:00,1778952177.620,99.85,56.990,125.789,45.31,87.520,155.643,56.23,35.54,35.97,36.00
2026-05-16T17:23:02+00:00,1778952182.622,99.88,56.993,125.789,45.31,87.537,155.643,56.24,35.33,35.92,35.98
2026-05-16T17:23:07+00:00,1778952187.623,99.86,56.961,125.789,45.28,87.550,155.643,56.25,35.07,35.86,35.96
2026-05-16T17:23:12+00:00,1778952192.624,99.88,56.960,125.789,45.28,87.560,155.643,56.26,35.30,35.89,35.97
2026-05-16T17:23:17+00:00,1778952197.626,99.86,56.955,125.789,45.28,87.571,155.643,56.26,35.68,35.96,35.99
2026-05-16T17:23:22+00:00,1778952202.627,99.87,56.955,125.789,45.28,87.580,155.643,56.27,35.54,35.93,35.98
2026-05-16T17:23:27+00:00,1778952207.628,99.87,56.960,125.789,45.28,87.590,155.643,56.28,35.98,36.01,36.01
2026-05-16T17:23:32+00:00,1778952212.630,99.87,56.970,125.789,45.29,87.597,155.643,56.28,35.66,35.94,35.99
2026-05-16T17:23:37+00:00,1778952217.631,99.87,56.969,125.789,45.29,87.603,155.643,56.28,35.45,35.89,35.97
2026-05-16T17:23:42+00:00,1778952222.632,99.87,56.978,125.789,45.30,87.611,155.643,56.29,35.17,35.83,35.95
2026-05-16T17:23:47+00:00,1778952227.634,99.87,56.981,125.789,45.30,87.619,155.643,56.29,35.08,35.80,35.94
2026-05-16T17:23:52+00:00,1778952232.635,99.88,56.986,125.789,45.30,87.627,155.643,56.30,34.99,35.77,35.93
2026-05-16T17:23:57+00:00,1778952237.636,99.87,56.992,125.789,45.31,87.633,155.643,56.30,34.75,35.71,35.91
2026-05-16T17:24:02+00:00,1778952242.638,99.87,56.998,125.789,45.31,87.639,155.643,56.31,34.61,35.66,35.89
2026-05-16T17:24:07+00:00,1778952247.639,99.87,57.010,125.789,45.32,87.645,155.643,56.31,34.48,35.62,35.88
2026-05-16T17:24:12+00:00,1778952252.640,99.87,57.019,125.789,45.33,87.652,155.643,56.32,34.36,35.57,35.86
2026-05-16T17:24:17+00:00,1778952257.642,99.83,57.133,125.789,45.42,87.660,155.643,56.32,34.25,35.53,35.85
2026-05-16T17:24:22+00:00,1778952262.643,99.87,57.118,125.789,45.41,87.671,155.643,56.33,34.15,35.49,35.83
2026-05-16T17:24:27+00:00,1778952267.644,99.88,57.131,125.789,45.42,87.688,155.643,56.34,34.46,35.53,35.84
2026-05-16T17:24:32+00:00,1778952272.646,99.88,57.127,125.789,45.41,87.708,155.643,56.35,34.66,35.55,35.85
2026-05-16T17:24:37+00:00,1778952277.647,99.87,57.095,125.789,45.39,87.722,155.643,56.36,34.53,35.51,35.83
2026-05-16T17:24:42+00:00,1778952282.648,99.87,57.086,125.789,45.38,87.733,155.643,56.37,34.33,35.45,35.81
2026-05-16T17:24:47+00:00,1778952287.650,99.86,57.092,125.789,45.39,87.742,155.643,56.37,35.34,35.64,35.87
2026-05-16T17:24:52+00:00,1778952292.651,99.87,57.091,125.789,45.39,87.752,155.643,56.38,35.80,35.73,35.90
2026-05-16T17:24:57+00:00,1778952297.652,99.86,57.098,125.789,45.39,87.761,155.643,56.39,35.65,35.71,35.89
2026-05-16T17:25:02+00:00,1778952302.654,99.87,57.107,125.789,45.40,87.767,155.643,56.39,36.08,35.79,35.92
2026-05-16T17:25:07+00:00,1778952307.655,99.86,57.140,125.789,45.43,87.773,155.643,56.39,36.07,35.80,35.92
2026-05-16T17:25:12+00:00,1778952312.656,99.86,57.149,125.789,45.43,87.780,155.643,56.40,35.83,35.75,35.90
2026-05-16T17:25:17+00:00,1778952317.658,99.87,57.147,125.789,45.43,87.787,155.643,56.40,35.52,35.69,35.88
2026-05-16T17:25:22+00:00,1778952322.659,99.86,57.153,125.789,45.44,87.795,155.643,56.41,35.24,35.63,35.86
2026-05-16T17:25:27+00:00,1778952327.660,99.87,57.162,125.789,45.44,87.803,155.643,56.41,34.98,35.57,35.84
2026-05-16T17:25:32+00:00,1778952332.662,99.88,57.169,125.789,45.45,87.810,155.643,56.42,34.74,35.51,35.82
2026-05-16T17:25:37+00:00,1778952337.663,99.86,57.177,125.789,45.45,87.816,155.643,56.42,34.52,35.45,35.80
2026-05-16T17:25:42+00:00,1778952342.665,99.87,57.195,125.789,45.47,87.823,155.643,56.43,34.56,35.44,35.79
2026-05-16T17:25:47+00:00,1778952347.666,99.87,57.210,125.789,45.48,87.831,155.643,56.43,35.48,35.62,35.85
2026-05-16T17:25:52+00:00,1778952352.667,99.86,57.303,125.789,45.55,87.840,155.643,56.44,36.16,35.76,35.89
2026-05-16T17:25:57+00:00,1778952357.669,99.84,57.305,125.789,45.56,87.851,155.643,56.44,36.07,35.74,35.89
2026-05-16T17:26:02+00:00,1778952362.670,99.87,57.316,125.789,45.57,87.865,155.643,56.45,35.74,35.68,35.87
2026-05-16T17:26:07+00:00,1778952367.671,99.87,57.311,125.789,45.56,87.887,155.643,56.47,35.84,35.70,35.87
2026-05-16T17:26:12+00:00,1778952372.672,99.87,57.296,125.789,45.55,87.903,155.643,56.48,35.93,35.72,35.88
2026-05-16T17:26:17+00:00,1778952377.674,99.87,57.272,125.789,45.53,87.913,155.643,56.48,36.42,35.83,35.91
2026-05-16T17:26:22+00:00,1778952382.675,99.87,57.276,125.789,45.53,87.923,155.643,56.49,36.71,35.90,35.93
2026-05-16T17:26:27+00:00,1778952387.676,99.89,57.269,125.789,45.53,87.932,155.643,56.50,36.41,35.85,35.92
2026-05-16T17:26:32+00:00,1778952392.678,99.86,57.274,125.789,45.53,87.941,155.643,56.50,36.46,35.87,35.92
2026-05-16T17:26:37+00:00,1778952397.679,99.88,57.278,125.789,45.54,87.949,155.643,56.51,36.34,35.85,35.92
2026-05-16T17:26:42+00:00,1778952402.681,99.87,57.292,125.789,45.55,87.956,155.643,56.51,35.99,35.79,35.90
2026-05-16T17:26:47+00:00,1778952407.682,99.87,57.299,125.789,45.55,87.964,155.643,56.52,35.67,35.73,35.88
2026-05-16T17:26:52+00:00,1778952412.683,99.87,57.307,125.789,45.56,87.972,155.643,56.52,35.94,35.78,35.89
2026-05-16T17:26:57+00:00,1778952417.685,99.87,57.312,125.789,45.56,87.980,155.643,56.53,35.70,35.74,35.88
2026-05-16T17:27:02+00:00,1778952422.686,99.87,57.322,125.789,45.57,87.988,155.643,56.53,35.41,35.67,35.86
2026-05-16T17:27:07+00:00,1778952427.687,99.86,57.326,125.789,45.57,87.995,155.643,56.54,35.13,35.61,35.84
2026-05-16T17:27:12+00:00,1778952432.689,99.87,57.336,125.789,45.58,87.999,155.643,56.54,34.88,35.55,35.81
2026-05-16T17:27:17+00:00,1778952437.690,99.88,57.340,125.789,45.58,88.006,155.643,56.54,34.73,35.51,35.80
2026-05-16T17:27:22+00:00,1778952442.691,99.88,57.348,125.789,45.59,88.013,155.643,56.55,34.43,35.43,35.77
2026-05-16T17:27:27+00:00,1778952447.693,99.87,57.451,125.789,45.67,88.019,155.643,56.55,34.32,35.39,35.76
2026-05-16T17:27:32+00:00,1778952452.694,99.86,57.438,125.789,45.66,88.032,155.643,56.56,35.09,35.54,35.80
2026-05-16T17:27:37+00:00,1778952457.695,99.87,57.440,125.789,45.66,88.048,155.643,56.57,34.85,35.48,35.78
2026-05-16T17:27:42+00:00,1778952462.697,99.87,57.437,125.789,45.66,88.066,155.643,56.58,34.94,35.49,35.78
2026-05-16T17:27:47+00:00,1778952467.698,99.86,57.417,125.789,45.65,88.079,155.643,56.59,34.70,35.43,35.76
2026-05-16T17:27:52+00:00,1778952472.699,99.87,57.413,125.789,45.64,88.089,155.643,56.60,35.05,35.49,35.78
2026-05-16T17:27:57+00:00,1778952477.701,99.87,57.415,125.789,45.64,88.098,155.643,56.60,34.88,35.45,35.77
2026-05-16T17:28:02+00:00,1778952482.702,99.87,57.412,125.789,45.64,88.107,155.643,56.61,35.13,35.49,35.78
2026-05-16T17:28:07+00:00,1778952487.703,99.86,57.418,125.789,45.65,88.116,155.643,56.61,34.96,35.45,35.76
2026-05-16T17:28:12+00:00,1778952492.705,99.87,57.421,125.789,45.65,88.122,155.643,56.62,34.72,35.39,35.74
2026-05-16T17:28:17+00:00,1778952497.706,99.87,57.425,125.789,45.65,88.127,155.643,56.62,34.51,35.33,35.72
2026-05-16T17:28:22+00:00,1778952502.707,99.87,57.438,125.789,45.66,88.134,155.643,56.63,34.31,35.28,35.70
2026-05-16T17:28:27+00:00,1778952507.709,99.86,57.443,125.789,45.67,88.141,155.643,56.63,34.12,35.22,35.68
2026-05-16T17:28:32+00:00,1778952512.710,99.88,57.447,125.789,45.67,88.148,155.643,56.63,33.95,35.17,35.66
2026-05-16T17:28:37+00:00,1778952517.711,99.87,57.453,125.789,45.67,88.156,155.643,56.64,33.87,35.13,35.65
2026-05-16T17:28:42+00:00,1778952522.713,99.87,57.469,125.789,45.69,88.162,155.643,56.64,34.12,35.16,35.65
2026-05-16T17:28:47+00:00,1778952527.714,99.86,57.478,125.789,45.69,88.168,155.643,56.65,34.11,35.14,35.64
2026-05-16T17:28:52+00:00,1778952532.715,99.86,57.488,125.789,45.70,88.175,155.643,56.65,34.02,35.11,35.63
2026-05-16T17:28:57+00:00,1778952537.717,99.87,57.604,125.789,45.79,88.183,155.643,56.66,33.94,35.07,35.62
2026-05-16T17:29:02+00:00,1778952542.718,99.90,57.591,125.789,45.78,88.192,155.643,56.66,33.79,35.02,35.60
2026-05-16T17:29:07+00:00,1778952547.719,99.87,57.610,125.789,45.80,88.205,155.643,56.67,33.64,34.97,35.58
2026-05-16T17:29:12+00:00,1778952552.721,99.84,57.616,125.789,45.80,88.222,155.643,56.68,33.51,34.92,35.56
2026-05-16T17:29:17+00:00,1778952557.722,99.86,57.613,125.789,45.80,88.240,155.643,56.69,33.47,34.89,35.54
2026-05-16T17:29:22+00:00,1778952562.723,99.87,57.579,125.789,45.77,88.254,155.643,56.70,33.75,34.93,35.55
2026-05-16T17:29:27+00:00,1778952567.725,99.87,57.571,125.789,45.77,88.265,155.643,56.71,34.33,35.03,35.58
2026-05-16T17:29:32+00:00,1778952572.726,99.87,57.572,125.789,45.77,88.275,155.643,56.72,34.23,34.99,35.57
2026-05-16T17:29:37+00:00,1778952577.728,99.86,57.574,125.789,45.77,88.285,155.643,56.72,34.05,34.94,35.55
2026-05-16T17:29:42+00:00,1778952582.729,99.86,57.589,125.789,45.78,88.294,155.643,56.73,33.88,34.89,35.53
2026-05-16T17:29:47+00:00,1778952587.730,99.86,57.599,125.789,45.79,88.302,155.643,56.73,34.13,34.93,35.54
2026-05-16T17:29:52+00:00,1778952592.732,99.87,57.601,125.789,45.79,88.308,155.643,56.74,33.96,34.88,35.52
2026-05-16T17:29:57+00:00,1778952597.733,99.87,57.606,125.789,45.80,88.316,155.643,56.74,33.81,34.83,35.50
2026-05-16T17:30:02+00:00,1778952602.734,99.89,57.615,125.789,45.80,88.324,155.643,56.75,33.98,34.85,35.50
2026-05-16T17:30:07+00:00,1778952607.735,99.88,57.620,125.789,45.81,88.331,155.643,56.75,34.38,34.92,35.52
2026-05-16T17:30:12+00:00,1778952612.737,99.86,57.624,125.789,45.81,88.338,155.643,56.76,34.75,34.99,35.54
2026-05-16T17:30:17+00:00,1778952617.738,99.86,57.631,125.789,45.82,88.345,155.643,56.76,34.61,34.96,35.53
2026-05-16T17:30:22+00:00,1778952622.739,99.89,57.642,125.789,45.82,88.350,155.643,56.76,34.40,34.91,35.51
2026-05-16T17:30:27+00:00,1778952627.741,99.86,57.645,125.789,45.83,88.356,155.643,56.77,35.17,35.06,35.55
2026-05-16T17:30:32+00:00,1778952632.742,99.88,57.652,125.789,45.83,88.363,155.643,56.77,35.48,35.12,35.57
2026-05-16T17:30:37+00:00,1778952637.743,99.85,57.752,125.789,45.91,88.371,155.643,56.78,35.52,35.14,35.57
2026-05-16T17:30:42+00:00,1778952642.745,99.86,57.746,125.789,45.91,88.382,155.643,56.79,35.16,35.07,35.55
2026-05-16T17:30:47+00:00,1778952647.746,99.88,57.747,125.789,45.91,88.398,155.643,56.80,35.07,35.05,35.54
2026-05-16T17:30:52+00:00,1778952652.747,99.87,57.743,125.789,45.91,88.418,155.643,56.81,35.78,35.20,35.59
2026-05-16T17:30:57+00:00,1778952657.749,99.88,57.728,125.789,45.89,88.433,155.643,56.82,35.56,35.16,35.57
2026-05-16T17:31:02+00:00,1778952662.750,99.88,57.722,125.789,45.89,88.442,155.643,56.82,36.15,35.29,35.61
2026-05-16T17:31:07+00:00,1778952667.751,99.87,57.728,125.789,45.89,88.451,155.643,56.83,35.98,35.27,35.60
2026-05-16T17:31:12+00:00,1778952672.753,99.87,57.715,125.789,45.88,88.460,155.643,56.84,36.62,35.42,35.65
2026-05-16T17:31:17+00:00,1778952677.754,99.87,57.722,125.789,45.89,88.469,155.643,56.84,36.41,35.39,35.64
2026-05-16T17:31:22+00:00,1778952682.755,99.87,57.728,125.789,45.89,88.477,155.643,56.85,37.26,35.59,35.70
2026-05-16T17:31:27+00:00,1778952687.757,99.88,57.736,125.789,45.90,88.483,155.643,56.85,37.08,35.58,35.70
2026-05-16T17:31:32+00:00,1778952692.758,99.87,57.746,125.789,45.91,88.490,155.643,56.85,36.83,35.55,35.69
2026-05-16T17:31:37+00:00,1778952697.759,99.87,57.748,125.789,45.91,88.498,155.643,56.86,37.17,35.64,35.72
2026-05-16T17:31:42+00:00,1778952702.761,99.87,57.757,125.789,45.92,88.505,155.643,56.86,36.75,35.58,35.70
2026-05-16T17:31:47+00:00,1778952707.762,99.87,57.766,125.789,45.92,88.513,155.643,56.87,36.37,35.52,35.68
2026-05-16T17:31:52+00:00,1778952712.763,99.87,57.775,125.789,45.93,88.521,155.643,56.87,36.10,35.48,35.66
2026-05-16T17:31:57+00:00,1778952717.765,99.87,57.786,125.789,45.94,88.526,155.643,56.88,35.77,35.42,35.64
2026-05-16T17:32:02+00:00,1778952722.766,99.87,57.796,125.789,45.95,88.532,155.643,56.88,35.47,35.36,35.62
2026-05-16T17:32:07+00:00,1778952727.767,99.87,57.804,125.789,45.95,88.539,155.643,56.89,35.19,35.31,35.60
2026-05-16T17:32:12+00:00,1778952732.769,99.87,57.905,125.789,46.03,88.546,155.643,56.89,34.94,35.25,35.58
2026-05-16T17:32:17+00:00,1778952737.770,99.87,57.899,125.789,46.03,88.555,155.643,56.90,35.58,35.38,35.62
2026-05-16T17:32:22+00:00,1778952742.772,99.87,57.921,125.789,46.05,88.567,155.643,56.90,35.70,35.41,35.63
2026-05-16T17:32:27+00:00,1778952747.773,99.86,57.926,125.789,46.05,88.583,155.643,56.91,36.12,35.50,35.66
2026-05-16T17:32:32+00:00,1778952752.774,99.87,57.921,125.789,46.05,88.604,155.643,56.93,36.27,35.54,35.67
2026-05-16T17:32:37+00:00,1778952757.776,99.87,57.892,125.789,46.02,88.617,155.643,56.94,37.05,35.72,35.73
2026-05-16T17:32:42+00:00,1778952762.777,99.87,57.881,125.789,46.01,88.627,155.643,56.94,36.97,35.72,35.73
2026-05-16T17:32:47+00:00,1778952767.778,99.87,57.886,125.789,46.02,88.637,155.643,56.95,36.89,35.73,35.73
2026-05-16T17:32:52+00:00,1778952772.780,99.87,57.878,125.789,46.01,88.646,155.643,56.95,36.58,35.68,35.72
2026-05-16T17:32:57+00:00,1778952777.781,99.87,57.878,125.789,46.01,88.655,155.643,56.96,36.53,35.69,35.72
2026-05-16T17:33:02+00:00,1778952782.782,99.88,57.882,125.789,46.02,88.663,155.643,56.97,36.33,35.66,35.71
2026-05-16T17:33:07+00:00,1778952787.784,99.89,57.887,125.789,46.02,88.669,155.643,56.97,36.30,35.66,35.71
2026-05-16T17:33:12+00:00,1778952792.785,99.87,57.895,125.789,46.03,88.675,155.643,56.97,36.60,35.74,35.73
2026-05-16T17:33:17+00:00,1778952797.787,99.87,57.907,125.789,46.03,88.682,155.643,56.98,36.31,35.69,35.72
2026-05-16T17:33:22+00:00,1778952802.788,99.86,57.913,125.789,46.04,88.689,155.643,56.98,36.12,35.66,35.71
2026-05-16T17:33:27+00:00,1778952807.789,99.87,57.912,125.789,46.04,88.698,155.643,56.99,36.92,35.83,35.76
2026-05-16T17:33:32+00:00,1778952812.791,99.86,57.917,125.789,46.04,88.705,155.643,56.99,36.92,35.85,35.77
2026-05-16T17:33:37+00:00,1778952817.792,99.88,57.923,125.789,46.05,88.710,155.643,57.00,36.69,35.82,35.76
2026-05-16T17:33:42+00:00,1778952822.793,99.86,57.933,125.789,46.06,88.717,155.643,57.00,36.39,35.78,35.75
2026-05-16T17:33:47+00:00,1778952827.794,99.86,57.942,125.789,46.06,88.725,155.643,57.01,36.12,35.73,35.73
2026-05-16T17:33:52+00:00,1778952832.796,99.89,58.043,125.789,46.14,88.731,155.643,57.01,35.87,35.68,35.72
2026-05-16T17:33:57+00:00,1778952837.797,99.82,58.033,125.789,46.14,88.742,155.643,57.02,35.72,35.66,35.71
2026-05-16T17:34:02+00:00,1778952842.799,99.86,58.030,125.789,46.13,88.753,155.643,57.02,35.42,35.59,35.69
2026-05-16T17:34:07+00:00,1778952847.800,99.90,58.034,125.789,46.14,88.768,155.643,57.03,35.15,35.53,35.67
2026-05-16T17:34:12+00:00,1778952852.801,99.88,58.035,125.789,46.14,88.783,155.643,57.04,34.82,35.46,35.64
2026-05-16T17:34:17+00:00,1778952857.803,99.87,58.017,125.789,46.12,88.795,155.643,57.05,35.71,35.63,35.70
2026-05-16T17:34:22+00:00,1778952862.804,99.87,58.014,125.789,46.12,88.805,155.643,57.06,35.49,35.59,35.68
2026-05-16T17:34:27+00:00,1778952867.805,99.88,57.997,125.789,46.11,88.814,155.643,57.06,35.29,35.55,35.67
2026-05-16T17:34:32+00:00,1778952872.807,99.86,58.005,125.789,46.11,88.823,155.643,57.07,35.11,35.50,35.65
2026-05-16T17:34:37+00:00,1778952877.808,99.86,58.008,125.789,46.12,88.832,155.643,57.07,35.10,35.50,35.65
2026-05-16T17:34:42+00:00,1778952882.809,99.86,58.011,125.789,46.12,88.838,155.643,57.08,34.85,35.44,35.63
2026-05-16T17:34:47+00:00,1778952887.810,99.87,58.021,125.789,46.13,88.844,155.643,57.08,35.10,35.48,35.64
2026-05-16T17:34:52+00:00,1778952892.812,99.87,58.025,125.789,46.13,88.852,155.643,57.09,35.74,35.61,35.68
2026-05-16T17:34:57+00:00,1778952897.813,99.88,58.030,125.789,46.13,88.858,155.643,57.09,35.44,35.55,35.66
2026-05-16T17:35:02+00:00,1778952902.814,99.87,58.036,125.789,46.14,88.866,155.643,57.10,35.32,35.52,35.65
2026-05-16T17:35:07+00:00,1778952907.816,99.89,58.042,125.789,46.14,88.874,155.643,57.10,36.26,35.71,35.71
2026-05-16T17:35:12+00:00,1778952912.817,99.87,58.049,125.789,46.15,88.879,155.643,57.10,35.92,35.65,35.69
2026-05-16T17:35:17+00:00,1778952917.818,99.86,58.058,125.789,46.16,88.885,155.643,57.11,36.16,35.70,35.71
2026-05-16T17:35:22+00:00,1778952922.819,99.86,58.065,125.789,46.16,88.893,155.643,57.11,35.99,35.68,35.70
2026-05-16T17:35:27+00:00,1778952927.821,99.84,58.191,125.789,46.26,88.901,155.643,57.12,36.71,35.83,35.75
2026-05-16T17:35:32+00:00,1778952932.822,99.87,58.177,125.789,46.25,88.911,155.643,57.12,36.50,35.80,35.74
2026-05-16T17:35:37+00:00,1778952937.823,99.87,58.192,125.789,46.26,88.924,155.643,57.13,36.13,35.74,35.72
2026-05-16T17:35:42+00:00,1778952942.825,99.86,58.192,125.789,46.26,88.941,155.643,57.14,36.12,35.74,35.72
2026-05-16T17:35:47+00:00,1778952947.826,99.89,58.186,125.789,46.26,88.960,155.643,57.16,36.19,35.76,35.73
2026-05-16T17:35:52+00:00,1778952952.827,99.88,58.170,125.789,46.24,88.973,155.643,57.17,35.86,35.70,35.71
2026-05-16T17:35:57+00:00,1778952957.829,99.89,58.166,125.789,46.24,88.984,155.643,57.17,35.55,35.64,35.69
2026-05-16T17:36:02+00:00,1778952962.830,99.89,58.157,125.789,46.23,88.994,155.643,57.18,35.91,35.71,35.71
2026-05-16T17:36:07+00:00,1778952967.831,99.87,58.157,125.789,46.23,89.004,155.643,57.19,35.67,35.67,35.70
2026-05-16T17:36:12+00:00,1778952972.833,99.87,58.160,125.789,46.24,89.013,155.643,57.19,35.46,35.62,35.69
2026-05-16T17:36:17+00:00,1778952977.834,99.88,58.163,125.789,46.24,89.021,155.643,57.20,35.50,35.63,35.69
2026-05-16T17:36:22+00:00,1778952982.835,99.87,58.165,125.789,46.24,89.026,155.643,57.20,35.22,35.57,35.67
2026-05-16T17:36:27+00:00,1778952987.836,99.87,58.172,125.789,46.25,89.033,155.643,57.20,35.28,35.57,35.67
2026-05-16T17:36:32+00:00,1778952992.838,99.87,58.182,125.789,46.25,89.042,155.643,57.21,34.94,35.50,35.64
2026-05-16T17:36:37+00:00,1778952997.839,99.87,58.190,125.789,46.26,89.051,155.643,57.22,34.86,35.47,35.63
2026-05-16T17:36:42+00:00,1778953002.840,99.87,58.201,125.789,46.27,89.059,155.643,57.22,35.68,35.63,35.69
2026-05-16T17:36:47+00:00,1778953007.842,99.85,58.215,125.789,46.28,89.065,155.643,57.22,35.38,35.57,35.67
2026-05-16T17:36:52+00:00,1778953012.843,99.86,58.218,125.789,46.28,89.069,155.643,57.23,35.67,35.63,35.68
2026-05-16T17:36:57+00:00,1778953017.845,99.87,58.225,125.789,46.29,89.076,155.643,57.23,35.86,35.67,35.70
2026-05-16T17:37:02+00:00,1778953022.846,99.87,58.240,125.789,46.30,89.083,155.643,57.24,35.55,35.61,35.68
2026-05-16T17:37:07+00:00,1778953027.847,99.84,58.334,125.789,46.37,89.091,155.643,57.24,35.26,35.55,35.66
2026-05-16T17:37:12+00:00,1778953032.848,99.87,58.333,125.789,46.37,89.104,155.643,57.25,35.32,35.55,35.66
2026-05-16T17:37:17+00:00,1778953037.850,99.87,58.335,125.789,46.38,89.120,155.643,57.26,35.38,35.56,35.66
2026-05-16T17:37:22+00:00,1778953042.851,99.88,58.339,125.789,46.38,89.140,155.643,57.27,35.11,35.50,35.64
2026-05-16T17:37:27+00:00,1778953047.852,99.89,58.310,125.789,46.36,89.152,155.643,57.28,35.02,35.48,35.63
2026-05-16T17:37:32+00:00,1778953052.854,99.85,58.305,125.789,46.35,89.162,155.643,57.29,35.02,35.47,35.63
2026-05-16T17:37:37+00:00,1778953057.855,99.88,58.310,125.789,46.36,89.172,155.643,57.29,34.77,35.41,35.61
2026-05-16T17:37:42+00:00,1778953062.856,99.87,58.299,125.789,46.35,89.182,155.643,57.30,34.95,35.44,35.62
2026-05-16T17:37:47+00:00,1778953067.857,99.89,58.304,125.789,46.35,89.191,155.643,57.30,34.80,35.40,35.60
2026-05-16T17:37:52+00:00,1778953072.859,99.87,58.314,125.789,46.36,89.197,155.643,57.31,34.57,35.34,35.58
2026-05-16T17:37:57+00:00,1778953077.860,99.86,58.326,125.789,46.37,89.203,155.643,57.31,34.61,35.33,35.58
2026-05-16T17:38:02+00:00,1778953082.861,99.89,58.331,125.789,46.37,89.209,155.643,57.32,34.56,35.31,35.57
2026-05-16T17:38:07+00:00,1778953087.862,99.87,58.337,125.789,46.38,89.216,155.643,57.32,35.15,35.42,35.60
2026-05-16T17:38:12+00:00,1778953092.864,99.87,58.343,125.789,46.38,89.224,155.643,57.33,35.38,35.47,35.62
2026-05-16T17:38:17+00:00,1778953097.865,99.87,58.350,125.789,46.39,89.233,155.643,57.33,35.27,35.44,35.61
2026-05-16T17:38:22+00:00,1778953102.866,99.89,58.357,125.789,46.39,89.241,155.643,57.34,35.01,35.38,35.59
2026-05-16T17:38:27+00:00,1778953107.868,99.87,58.369,125.789,46.40,89.245,155.643,57.34,35.65,35.51,35.63
2026-05-16T17:38:32+00:00,1778953112.869,99.86,58.378,125.789,46.41,89.251,155.643,57.34,35.44,35.47,35.62
2026-05-16T17:38:37+00:00,1778953117.870,99.86,58.394,125.789,46.42,89.259,155.643,57.35,35.96,35.58,35.65
2026-05-16T17:38:42+00:00,1778953122.872,99.86,58.493,125.789,46.50,89.268,155.643,57.35,35.81,35.55,35.64
2026-05-16T17:38:47+00:00,1778953127.873,99.86,58.498,125.789,46.51,89.280,155.643,57.36,35.50,35.49,35.62
2026-05-16T17:38:52+00:00,1778953132.874,99.85,58.507,125.789,46.51,89.296,155.643,57.37,35.38,35.47,35.61
2026-05-16T17:38:57+00:00,1778953137.876,99.87,58.498,125.789,46.50,89.316,155.643,57.39,35.11,35.41,35.59
2026-05-16T17:39:02+00:00,1778953142.877,99.87,58.479,125.789,46.49,89.331,155.643,57.40,35.10,35.40,35.59
2026-05-16T17:39:07+00:00,1778953147.878,99.86,58.460,125.789,46.48,89.341,155.643,57.40,35.81,35.55,35.63
2026-05-16T17:39:12+00:00,1778953152.880,99.87,58.467,125.789,46.48,89.351,155.643,57.41,35.75,35.54,35.63
2026-05-16T17:39:17+00:00,1778953157.881,99.77,58.449,125.789,46.47,89.361,155.643,57.41,35.85,35.56,35.64
2026-05-16T17:39:22+00:00,1778953162.882,99.87,58.450,125.789,46.47,89.371,155.643,57.42,35.70,35.54,35.63
2026-05-16T17:39:27+00:00,1778953167.884,99.87,58.458,125.789,46.47,89.379,155.643,57.43,35.96,35.59,35.65
2026-05-16T17:39:32+00:00,1778953172.885,99.85,58.461,125.789,46.48,89.386,155.643,57.43,36.37,35.68,35.68
2026-05-16T17:39:37+00:00,1778953177.886,99.85,58.475,125.789,46.49,89.393,155.643,57.44,37.06,35.84,35.73
2026-05-16T17:39:42+00:00,1778953182.888,99.87,58.481,125.789,46.49,89.402,155.643,57.44,37.29,35.91,35.75
2026-05-16T17:39:47+00:00,1778953187.889,99.87,58.484,125.789,46.49,89.410,155.643,57.45,36.95,35.86,35.74
2026-05-16T17:39:52+00:00,1778953192.890,99.87,58.493,125.789,46.50,89.418,155.643,57.45,36.55,35.79,35.71
2026-05-16T17:39:57+00:00,1778953197.892,99.87,58.500,125.789,46.51,89.425,155.643,57.46,36.43,35.78,35.71
2026-05-16T17:40:02+00:00,1778953202.893,99.87,58.507,125.789,46.51,89.430,155.643,57.46,36.15,35.73,35.70
2026-05-16T17:40:07+00:00,1778953207.894,99.87,58.508,125.789,46.51,89.437,155.643,57.46,35.98,35.71,35.69
2026-05-16T17:40:12+00:00,1778953212.896,99.87,58.515,125.789,46.52,89.444,155.643,57.47,35.66,35.64,35.67
2026-05-16T17:40:17+00:00,1778953217.897,99.86,58.625,125.789,46.61,89.452,155.643,57.47,35.37,35.58,35.65
2026-05-16T17:40:22+00:00,1778953222.898,99.86,58.620,125.789,46.60,89.465,155.643,57.48,35.18,35.54,35.63
2026-05-16T17:40:27+00:00,1778953227.900,99.88,58.621,125.789,46.60,89.480,155.643,57.49,35.08,35.51,35.62
2026-05-16T17:40:32+00:00,1778953232.901,99.87,58.617,125.789,46.60,89.499,155.643,57.50,35.24,35.54,35.63
2026-05-16T17:40:37+00:00,1778953237.902,99.87,58.604,125.789,46.59,89.511,155.643,57.51,35.86,35.66,35.67
2026-05-16T17:40:42+00:00,1778953242.903,99.86,58.593,125.789,46.58,89.521,155.643,57.52,36.51,35.80,35.72
2026-05-16T17:40:47+00:00,1778953247.905,99.87,58.591,125.789,46.58,89.531,155.643,57.52,36.15,35.74,35.70
2026-05-16T17:40:52+00:00,1778953252.906,99.87,58.591,125.789,46.58,89.541,155.643,57.53,35.82,35.68,35.68
2026-05-16T17:40:57+00:00,1778953257.907,99.89,58.595,125.789,46.58,89.550,155.643,57.54,35.51,35.62,35.66
2026-05-16T17:41:02+00:00,1778953262.909,99.89,58.605,125.789,46.59,89.555,155.643,57.54,35.47,35.60,35.65
2026-05-16T17:41:07+00:00,1778953267.910,99.86,58.616,125.789,46.60,89.561,155.643,57.54,35.27,35.56,35.64
2026-05-16T17:41:12+00:00,1778953272.911,99.88,58.621,125.789,46.60,89.569,155.643,57.55,35.09,35.52,35.62
2026-05-16T17:41:17+00:00,1778953277.913,99.86,58.634,125.789,46.61,89.576,155.643,57.55,35.48,35.59,35.65
2026-05-16T17:41:22+00:00,1778953282.914,99.86,58.640,125.789,46.62,89.584,155.643,57.56,35.28,35.55,35.63
2026-05-16T17:41:27+00:00,1778953287.916,99.86,58.648,125.789,46.62,89.593,155.643,57.56,35.10,35.51,35.62
2026-05-16T17:41:32+00:00,1778953292.917,99.89,58.655,125.789,46.63,89.600,155.643,57.57,35.01,35.48,35.61
2026-05-16T17:41:37+00:00,1778953297.918,99.87,58.670,125.789,46.64,89.606,155.643,57.57,36.37,35.76,35.70
2026-05-16T17:41:42+00:00,1778953302.920,99.86,58.676,125.789,46.65,89.614,155.643,57.58,36.02,35.69,35.68
2026-05-16T17:41:47+00:00,1778953307.921,99.87,58.791,125.789,46.74,89.622,155.643,57.58,35.70,35.63,35.66
2026-05-16T17:41:52+00:00,1778953312.922,99.87,58.783,125.789,46.73,89.633,155.643,57.59,36.05,35.70,35.68
2026-05-16T17:41:57+00:00,1778953317.924,99.85,58.801,125.789,46.75,89.646,155.643,57.60,35.80,35.66,35.67
2026-05-16T17:42:02+00:00,1778953322.925,99.86,58.799,125.789,46.74,89.664,155.643,57.61,35.82,35.67,35.67
2026-05-16T17:42:07+00:00,1778953327.926,99.87,58.795,125.789,46.74,89.683,155.643,57.62,36.71,35.85,35.73
2026-05-16T17:42:12+00:00,1778953332.928,99.86,58.758,125.789,46.71,89.696,155.643,57.63,36.89,35.92,35.75
2026-05-16T17:42:17+00:00,1778953337.929,99.87,58.754,125.789,46.71,89.706,155.643,57.64,37.45,36.06,35.80
2026-05-16T17:42:22+00:00,1778953342.930,99.86,58.752,125.789,46.71,89.717,155.643,57.64,37.10,36.01,35.78
2026-05-16T17:42:27+00:00,1778953347.932,99.88,58.759,125.789,46.71,89.727,155.643,57.65,36.69,35.94,35.76
2026-05-16T17:42:32+00:00,1778953352.933,99.87,58.764,125.789,46.72,89.738,155.643,57.66,37.11,36.04,35.80
2026-05-16T17:42:37+00:00,1778953357.934,99.87,58.773,125.789,46.72,89.744,155.643,57.66,37.91,36.22,35.86
2026-05-16T17:42:42+00:00,1778953362.935,99.87,58.777,125.789,46.73,89.751,155.643,57.66,37.75,36.22,35.86
2026-05-16T17:42:47+00:00,1778953367.937,99.89,58.781,125.789,46.73,89.759,155.643,57.67,37.29,36.15,35.84
2026-05-16T17:42:52+00:00,1778953372.938,99.87,58.790,125.789,46.74,89.768,155.643,57.68,36.95,36.10,35.82
2026-05-16T17:42:57+00:00,1778953377.939,99.88,58.797,125.789,46.74,89.777,155.643,57.68,37.43,36.21,35.86
2026-05-16T17:43:02+00:00,1778953382.941,99.87,58.805,125.789,46.75,89.783,155.643,57.69,37.48,36.24,35.87
2026-05-16T17:43:07+00:00,1778953387.942,99.86,58.816,125.789,46.76,89.789,155.643,57.69,37.36,36.24,35.87
2026-05-16T17:43:12+00:00,1778953392.944,99.87,58.826,125.789,46.77,89.795,155.643,57.69,37.01,36.18,35.86
2026-05-16T17:43:17+00:00,1778953397.945,99.87,58.828,125.789,46.77,89.804,155.643,57.70,36.93,36.18,35.86
2026-05-16T17:43:22+00:00,1778953402.946,99.86,58.933,125.789,46.85,89.811,155.643,57.70,37.02,36.21,35.87
2026-05-16T17:43:27+00:00,1778953407.947,99.84,58.914,125.789,46.84,89.821,155.643,57.71,36.69,36.16,35.85
2026-05-16T17:43:32+00:00,1778953412.949,99.87,58.923,125.789,46.84,89.836,155.643,57.72,36.64,36.15,35.85
2026-05-16T17:43:37+00:00,1778953417.950,99.87,58.918,125.789,46.84,89.857,155.643,57.73,36.27,36.08,35.83
2026-05-16T17:43:42+00:00,1778953422.951,99.87,58.903,125.789,46.83,89.871,155.643,57.74,36.00,36.03,35.82
2026-05-16T17:43:47+00:00,1778953427.953,99.87,58.910,125.789,46.83,89.882,155.643,57.75,37.05,36.25,35.89
2026-05-16T17:43:52+00:00,1778953432.954,99.86,58.914,125.789,46.84,89.892,155.643,57.76,36.64,36.18,35.87
2026-05-16T17:43:57+00:00,1778953437.956,99.87,58.905,125.789,46.83,89.901,155.643,57.76,36.51,36.16,35.86
2026-05-16T17:44:02+00:00,1778953442.957,99.87,58.909,125.789,46.83,89.911,155.643,57.77,37.43,36.35,35.93
2026-05-16T17:44:07+00:00,1778953447.958,99.86,58.916,125.789,46.84,89.920,155.643,57.77,37.72,36.43,35.96
2026-05-16T17:44:12+00:00,1778953452.959,99.87,58.923,125.789,46.84,89.927,155.643,57.78,37.18,36.34,35.93
2026-05-16T17:44:17+00:00,1778953457.961,99.87,58.934,125.789,46.85,89.934,155.643,57.78,37.00,36.32,35.92
2026-05-16T17:44:22+00:00,1778953462.962,99.87,58.942,125.789,46.86,89.940,155.643,57.79,37.00,36.33,35.93
2026-05-16T17:44:27+00:00,1778953467.963,99.86,58.952,125.789,46.87,89.947,155.643,57.79,37.00,36.34,35.94
2026-05-16T17:44:32+00:00,1778953472.965,99.86,58.955,125.789,46.87,89.954,155.643,57.80,36.68,36.29,35.92
2026-05-16T17:44:37+00:00,1778953477.967,99.87,58.965,125.789,46.88,89.962,155.643,57.80,37.19,36.40,35.96
2026-05-16T17:44:42+00:00,1778953482.969,99.86,58.976,125.789,46.89,89.969,155.643,57.80,36.85,36.34,35.94
2026-05-16T17:44:47+00:00,1778953487.970,99.86,58.982,125.789,46.89,89.974,155.643,57.81,36.54,36.28,35.93
2026-05-16T17:44:52+00:00,1778953492.972,99.87,58.987,125.789,46.89,89.984,155.643,57.81,37.70,36.53,36.01
2026-05-16T17:44:57+00:00,1778953497.974,99.86,59.091,125.789,46.98,89.991,155.643,57.82,38.13,36.64,36.04
2026-05-16T17:45:02+00:00,1778953502.975,99.88,59.085,125.789,46.97,90.001,155.643,57.83,37.72,36.58,36.03
2026-05-16T17:45:07+00:00,1778953507.977,99.84,59.120,125.789,47.00,90.014,155.643,57.83,37.58,36.57,36.03
2026-05-16T17:45:12+00:00,1778953512.979,99.84,59.116,125.789,47.00,90.033,155.643,57.85,37.77,36.62,36.05
2026-05-16T17:45:17+00:00,1778953517.980,99.86,59.098,125.789,46.98,90.051,155.643,57.86,37.39,36.56,36.03
2026-05-16T17:45:22+00:00,1778953522.982,99.87,59.083,125.789,46.97,90.062,155.643,57.86,37.12,36.52,36.02
2026-05-16T17:45:27+00:00,1778953527.984,99.87,59.085,125.789,46.97,90.071,155.643,57.87,36.71,36.45,36.00
2026-05-16T17:45:32+00:00,1778953532.986,99.87,59.086,125.789,46.97,90.081,155.643,57.88,36.33,36.37,35.98
2026-05-16T17:45:37+00:00,1778953537.987,99.87,59.073,125.789,46.96,90.090,155.643,57.88,35.98,36.30,35.96
2026-05-16T17:45:42+00:00,1778953542.989,99.86,59.075,125.789,46.96,90.098,155.643,57.89,35.66,36.23,35.93
2026-05-16T17:45:47+00:00,1778953547.991,99.88,59.083,125.789,46.97,90.107,155.643,57.89,35.45,36.17,35.92
2026-05-16T17:45:52+00:00,1778953552.992,99.86,59.090,125.789,46.98,90.115,155.643,57.90,35.17,36.10,35.90
2026-05-16T17:45:57+00:00,1778953557.994,99.85,59.102,125.789,46.99,90.124,155.643,57.90,35.48,36.15,35.91
2026-05-16T17:46:02+00:00,1778953562.995,99.86,59.107,125.789,46.99,90.133,155.643,57.91,35.28,36.10,35.90
2026-05-16T17:46:07+00:00,1778953567.997,99.85,59.119,125.789,47.00,90.140,155.643,57.91,35.10,36.05,35.88
2026-05-16T17:46:12+00:00,1778953572.999,99.87,59.125,125.789,47.00,90.147,155.643,57.92,35.89,36.20,35.93
2026-05-16T17:46:18+00:00,1778953578.000,99.86,59.132,125.789,47.01,90.153,155.643,57.92,36.86,36.39,36.00
2026-05-16T17:46:23+00:00,1778953583.002,99.86,59.135,125.789,47.01,90.158,155.643,57.93,37.51,36.54,36.04
2026-05-16T17:46:28+00:00,1778953588.004,99.86,59.146,125.789,47.02,90.164,155.643,57.93,37.95,36.64,36.08
2026-05-16T17:46:33+00:00,1778953593.005,99.86,59.150,125.789,47.02,90.171,155.643,57.93,37.96,36.67,36.09
2026-05-16T17:46:38+00:00,1778953598.007,99.85,59.260,125.789,47.11,90.179,155.643,57.94,38.28,36.75,36.12
2026-05-16T17:46:43+00:00,1778953603.009,99.86,59.236,125.789,47.09,90.188,155.643,57.95,37.78,36.68,36.10
2026-05-16T17:46:48+00:00,1778953608.010,99.87,59.239,125.789,47.09,90.202,155.643,57.95,37.72,36.68,36.11
2026-05-16T17:46:53+00:00,1778953613.012,99.87,59.237,125.789,47.09,90.220,155.643,57.97,37.58,36.67,36.11
2026-05-16T17:46:58+00:00,1778953618.014,99.87,59.239,125.789,47.09,90.234,155.643,57.98,37.29,36.63,36.09
2026-05-16T17:47:03+00:00,1778953623.015,99.87,59.220,125.789,47.08,90.244,155.643,57.98,37.03,36.58,36.08
2026-05-16T17:47:08+00:00,1778953628.017,99.87,59.220,125.789,47.08,90.252,155.643,57.99,36.70,36.52,36.07
2026-05-16T17:47:13+00:00,1778953633.018,99.86,59.212,125.789,47.07,90.262,155.643,57.99,36.49,36.48,36.06
2026-05-16T17:47:18+00:00,1778953638.020,99.87,59.220,125.789,47.08,90.270,155.643,58.00,36.77,36.54,36.08
2026-05-16T17:47:23+00:00,1778953643.021,99.85,59.229,125.789,47.09,90.279,155.643,58.00,37.19,36.63,36.11
2026-05-16T17:47:28+00:00,1778953648.022,99.86,59.237,125.789,47.09,90.286,155.643,58.01,36.85,36.57,36.09
2026-05-16T17:47:33+00:00,1778953653.024,99.86,59.240,125.789,47.09,90.293,155.643,58.01,36.46,36.49,36.07
2026-05-16T17:47:38+00:00,1778953658.025,99.86,59.247,125.789,47.10,90.299,155.643,58.02,36.27,36.45,36.06
2026-05-16T17:47:43+00:00,1778953663.026,99.86,59.257,125.789,47.11,90.304,155.643,58.02,36.16,36.43,36.05
2026-05-16T17:47:48+00:00,1778953668.028,99.86,59.267,125.789,47.12,90.311,155.643,58.02,36.31,36.45,36.06
2026-05-16T17:47:53+00:00,1778953673.029,99.87,59.280,125.789,47.13,90.318,155.643,58.03,35.97,36.38,36.04
2026-05-16T17:47:58+00:00,1778953678.030,99.87,59.284,125.789,47.13,90.325,155.643,58.03,36.45,36.47,36.07
2026-05-16T17:48:03+00:00,1778953683.032,99.86,59.291,125.789,47.14,90.329,155.643,58.04,37.37,36.66,36.14
2026-05-16T17:48:08+00:00,1778953688.033,99.87,59.296,125.789,47.14,90.337,155.643,58.04,36.94,36.59,36.12
2026-05-16T17:48:13+00:00,1778953693.034,99.86,59.305,125.789,47.15,90.346,155.643,58.05,37.83,36.78,36.18
2026-05-16T17:48:18+00:00,1778953698.036,99.86,59.402,125.789,47.22,90.354,155.643,58.05,37.36,36.70,36.16
2026-05-16T17:48:23+00:00,1778953703.037,99.86,59.424,125.789,47.24,90.366,155.643,58.06,37.17,36.67,36.15
2026-05-16T17:48:28+00:00,1778953708.039,99.86,59.429,125.789,47.25,90.382,155.643,58.07,36.76,36.59,36.13
2026-05-16T17:48:33+00:00,1778953713.040,99.88,59.429,125.789,47.25,90.399,155.643,58.08,36.54,36.55,36.12
2026-05-16T17:48:38+00:00,1778953718.041,99.87,59.406,125.789,47.23,90.415,155.643,58.09,36.33,36.50,36.10
2026-05-16T17:48:43+00:00,1778953723.043,99.87,59.384,125.789,47.21,90.427,155.643,58.10,36.87,36.61,36.14
2026-05-16T17:48:48+00:00,1778953728.044,99.87,59.391,125.789,47.22,90.437,155.643,58.11,37.36,36.72,36.18
2026-05-16T17:48:53+00:00,1778953733.045,99.89,59.387,125.789,47.21,90.447,155.643,58.11,37.01,36.66,36.16
2026-05-16T17:48:58+00:00,1778953738.047,99.89,59.384,125.789,47.21,90.456,155.643,58.12,36.69,36.60,36.14
2026-05-16T17:49:03+00:00,1778953743.048,99.88,59.395,125.789,47.22,90.464,155.643,58.12,36.63,36.59,36.14
2026-05-16T17:49:08+00:00,1778953748.049,99.87,59.400,125.789,47.22,90.471,155.643,58.13,36.26,36.51,36.12
2026-05-16T17:49:13+00:00,1778953753.051,99.87,59.410,125.789,47.23,90.478,155.643,58.13,35.92,36.43,36.10
2026-05-16T17:49:18+00:00,1778953758.052,99.87,59.421,125.789,47.24,90.486,155.643,58.14,35.61,36.36,36.08
2026-05-16T17:49:23+00:00,1778953763.053,99.86,59.428,125.789,47.24,90.494,155.643,58.14,35.48,36.32,36.06
2026-05-16T17:49:28+00:00,1778953768.055,99.89,59.431,125.789,47.25,90.502,155.643,58.15,35.28,36.27,36.05
2026-05-16T17:49:33+00:00,1778953773.056,99.88,59.438,125.789,47.25,90.508,155.643,58.15,35.02,36.19,36.03
2026-05-16T17:49:38+00:00,1778953778.057,99.87,59.452,125.789,47.26,90.513,155.643,58.15,35.58,36.29,36.06
2026-05-16T17:49:43+00:00,1778953783.059,99.87,59.455,125.789,47.27,90.519,155.643,58.16,35.37,36.24,36.04
2026-05-16T17:49:48+00:00,1778953788.060,99.89,59.461,125.789,47.27,90.525,155.643,58.16,35.10,36.17,36.02
2026-05-16T17:49:53+00:00,1778953793.061,99.87,59.562,125.789,47.35,90.532,155.643,58.17,35.49,36.23,36.04
2026-05-16T17:49:58+00:00,1778953798.063,99.87,59.562,125.789,47.35,90.540,155.643,58.17,35.21,36.16,36.02
2026-05-16T17:50:03+00:00,1778953803.064,99.87,59.564,125.789,47.35,90.552,155.643,58.18,35.36,36.17,36.02
2026-05-16T17:50:08+00:00,1778953808.065,99.88,59.562,125.789,47.35,90.569,155.643,58.19,35.09,36.10,36.00
2026-05-16T17:50:13+00:00,1778953813.067,99.87,59.572,125.789,47.36,90.589,155.643,58.20,34.84,36.04,35.98
2026-05-16T17:50:18+00:00,1778953818.068,99.89,59.554,125.789,47.34,90.600,155.643,58.21,34.61,35.97,35.96
2026-05-16T17:50:23+00:00,1778953823.070,99.87,59.559,125.789,47.35,90.610,155.643,58.22,34.48,35.92,35.94
2026-05-16T17:50:28+00:00,1778953828.071,99.88,59.560,125.789,47.35,90.619,155.643,58.22,34.36,35.87,35.93
2026-05-16T17:50:33+00:00,1778953833.072,99.87,59.556,125.789,47.35,90.629,155.643,58.23,34.57,35.89,35.93
2026-05-16T17:50:38+00:00,1778953838.074,99.87,59.564,125.789,47.35,90.638,155.643,58.23,34.37,35.82,35.91
2026-05-16T17:50:43+00:00,1778953843.075,99.87,59.575,125.789,47.36,90.644,155.643,58.24,34.34,35.79,35.90
2026-05-16T17:50:48+00:00,1778953848.076,99.86,59.584,125.789,47.37,90.650,155.643,58.24,34.71,35.85,35.92
2026-05-16T17:50:53+00:00,1778953853.078,99.88,59.588,125.789,47.37,90.657,155.643,58.25,35.06,35.90,35.93
2026-05-16T17:50:58+00:00,1778953858.079,99.87,59.599,125.789,47.38,90.663,155.643,58.25,34.81,35.84,35.91
2026-05-16T17:51:03+00:00,1778953863.080,99.86,59.610,125.789,47.39,90.671,155.643,58.26,35.31,35.92,35.94
2026-05-16T17:51:08+00:00,1778953868.082,99.86,59.615,125.789,47.39,90.680,155.643,58.26,35.20,35.89,35.93
2026-05-16T17:51:13+00:00,1778953873.083,99.86,59.621,125.789,47.40,90.687,155.643,58.27,35.10,35.86,35.92
2026-05-16T17:51:18+00:00,1778953878.084,99.86,59.635,125.789,47.41,90.693,155.643,58.27,34.94,35.81,35.90
2026-05-16T17:51:23+00:00,1778953883.085,99.86,59.642,125.789,47.41,90.698,155.643,58.27,35.42,35.90,35.93
2026-05-16T17:51:28+00:00,1778953888.087,99.87,59.652,125.789,47.42,90.706,155.643,58.28,35.23,35.85,35.91
2026-05-16T17:51:33+00:00,1778953893.088,99.87,59.770,125.789,47.52,90.714,155.643,58.28,34.97,35.78,35.89
2026-05-16T17:51:38+00:00,1778953898.089,99.85,59.766,125.789,47.51,90.725,155.643,58.29,34.81,35.74,35.88
2026-05-16T17:51:43+00:00,1778953903.091,99.84,59.773,125.789,47.52,90.738,155.643,58.30,34.59,35.67,35.86
2026-05-16T17:51:48+00:00,1778953908.092,99.86,59.772,125.789,47.52,90.755,155.643,58.31,34.70,35.68,35.86
2026-05-16T17:51:53+00:00,1778953913.093,99.87,59.761,125.789,47.51,90.774,155.643,58.32,34.64,35.65,35.85
2026-05-16T17:51:58+00:00,1778953918.095,99.88,59.740,125.789,47.49,90.787,155.643,58.33,34.43,35.59,35.83
2026-05-16T17:52:03+00:00,1778953923.096,99.88,59.730,125.789,47.48,90.796,155.643,58.34,34.56,35.60,35.83
2026-05-16T17:52:08+00:00,1778953928.097,99.87,59.729,125.789,47.48,90.806,155.643,58.34,34.59,35.59,35.82
2026-05-16T17:52:13+00:00,1778953933.099,99.87,59.729,125.789,47.48,90.815,155.643,58.35,34.38,35.53,35.80
2026-05-16T17:52:18+00:00,1778953938.100,99.86,59.738,125.789,47.49,90.824,155.643,58.35,35.31,35.70,35.86
2026-05-16T17:52:23+00:00,1778953943.101,99.87,59.738,125.789,47.49,90.832,155.643,58.36,35.05,35.64,35.84
2026-05-16T17:52:28+00:00,1778953948.103,99.87,59.746,125.789,47.50,90.837,155.643,58.36,34.80,35.58,35.81
2026-05-16T17:52:33+00:00,1778953953.104,99.88,59.757,125.789,47.51,90.845,155.643,58.37,34.74,35.55,35.80
2026-05-16T17:52:38+00:00,1778953958.105,99.85,59.766,125.789,47.51,90.853,155.643,58.37,34.60,35.51,35.79
2026-05-16T17:52:43+00:00,1778953963.107,99.86,59.779,125.789,47.52,90.861,155.643,58.38,34.47,35.47,35.77
2026-05-16T17:52:48+00:00,1778953968.108,99.87,59.787,125.789,47.53,90.868,155.643,58.38,34.43,35.45,35.76
2026-05-16T17:52:53+00:00,1778953973.109,99.86,59.794,125.789,47.54,90.874,155.643,58.39,35.04,35.55,35.80
2026-05-16T17:52:58+00:00,1778953978.111,99.86,59.803,125.789,47.54,90.879,155.643,58.39,34.88,35.51,35.78
2026-05-16T17:53:03+00:00,1778953983.112,99.87,59.809,125.789,47.55,90.884,155.643,58.39,34.65,35.45,35.76
2026-05-16T17:53:08+00:00,1778953988.113,99.87,59.816,125.789,47.55,90.892,155.643,58.40,34.91,35.50,35.77
2026-05-16T17:53:13+00:00,1778953993.114,99.87,59.922,125.789,47.64,90.899,155.643,58.40,34.68,35.44,35.75
2026-05-16T17:53:18+00:00,1778953998.116,99.84,59.914,125.789,47.63,90.908,155.643,58.41,34.47,35.38,35.73
2026-05-16T17:53:23+00:00,1778954003.117,99.89,59.912,125.789,47.63,90.921,155.643,58.42,34.35,35.34,35.72
2026-05-16T17:53:28+00:00,1778954008.118,99.88,59.917,125.789,47.63,90.937,155.643,58.43,34.16,35.29,35.70
2026-05-16T17:53:33+00:00,1778954013.120,99.88,59.912,125.789,47.63,90.954,155.643,58.44,34.47,35.33,35.71
2026-05-16T17:53:38+00:00,1778954018.121,99.87,59.881,125.789,47.60,90.965,155.643,58.45,34.75,35.37,35.72
2026-05-16T17:53:43+00:00,1778954023.122,99.87,59.885,125.789,47.61,90.975,155.643,58.45,34.69,35.35,35.71
2026-05-16T17:53:48+00:00,1778954028.124,99.86,59.877,125.789,47.60,90.983,155.643,58.46,34.55,35.31,35.70
2026-05-16T17:53:53+00:00,1778954033.125,99.82,59.886,125.789,47.61,90.992,155.643,58.46,34.35,35.26,35.68
2026-05-16T17:53:58+00:00,1778954038.126,99.85,59.891,125.789,47.61,91.000,155.643,58.47,34.16,35.20,35.66
2026-05-16T17:54:03+00:00,1778954043.127,99.88,59.899,125.789,47.62,91.004,155.643,58.47,35.27,35.42,35.73
2026-05-16T17:54:08+00:00,1778954048.129,99.86,59.909,125.789,47.63,91.010,155.643,58.47,35.09,35.38,35.71
2026-05-16T17:54:13+00:00,1778954053.130,99.86,59.920,125.789,47.64,91.017,155.643,58.48,35.56,35.47,35.74
2026-05-16T17:54:18+00:00,1778954058.132,99.88,59.926,125.789,47.64,91.024,155.643,58.48,35.60,35.48,35.74
2026-05-16T17:54:23+00:00,1778954063.133,99.87,59.931,125.789,47.64,91.032,155.643,58.49,35.47,35.45,35.73
2026-05-16T17:54:28+00:00,1778954068.134,99.86,59.942,125.789,47.65,91.040,155.643,58.49,35.19,35.40,35.71
2026-05-16T17:54:33+00:00,1778954073.135,99.87,59.954,125.789,47.66,91.046,155.643,58.50,35.58,35.47,35.74
2026-05-16T17:54:38+00:00,1778954078.137,99.86,59.960,125.789,47.67,91.051,155.643,58.50,35.93,35.55,35.76
2026-05-16T17:54:43+00:00,1778954083.138,99.88,59.964,125.789,47.67,91.058,155.643,58.50,36.82,35.74,35.82
2026-05-16T17:54:48+00:00,1778954088.139,99.86,60.067,125.789,47.75,91.067,155.643,58.51,36.75,35.74,35.82
2026-05-16T17:54:53+00:00,1778954093.141,99.86,60.070,125.789,47.75,91.077,155.643,58.52,37.25,35.86,35.86
2026-05-16T17:54:58+00:00,1778954098.142,99.86,60.086,125.789,47.77,91.091,155.643,58.53,36.91,35.82,35.84
2026-05-16T17:55:03+00:00,1778954103.143,99.87,60.085,125.789,47.77,91.109,155.643,58.54,36.44,35.74,35.82
2026-05-16T17:55:08+00:00,1778954108.145,99.86,60.079,125.789,47.76,91.127,155.643,58.55,36.16,35.69,35.80
2026-05-16T17:55:13+00:00,1778954113.146,99.86,60.064,125.789,47.75,91.140,155.643,58.56,35.91,35.64,35.79
2026-05-16T17:55:18+00:00,1778954118.147,99.87,60.064,125.789,47.75,91.151,155.643,58.56,35.76,35.62,35.78
2026-05-16T17:55:23+00:00,1778954123.149,99.87,60.087,125.789,47.77,91.161,155.643,58.57,35.45,35.56,35.76
2026-05-16T17:55:28+00:00,1778954128.150,99.87,60.077,125.789,47.76,91.171,155.643,58.58,35.74,35.61,35.77
2026-05-16T17:55:33+00:00,1778954133.151,99.87,60.082,125.789,47.76,91.181,155.643,58.58,35.60,35.59,35.76
2026-05-16T17:55:38+00:00,1778954138.153,99.86,60.085,125.789,47.77,91.189,155.643,58.59,35.55,35.58,35.76
2026-05-16T17:55:43+00:00,1778954143.154,99.86,60.093,125.789,47.77,91.195,155.643,58.59,35.35,35.54,35.74
2026-05-16T17:55:48+00:00,1778954148.155,99.86,60.101,125.789,47.78,91.202,155.643,58.60,35.48,35.56,35.75
2026-05-16T17:55:53+00:00,1778954153.157,99.87,60.108,125.789,47.78,91.212,155.643,58.60,35.36,35.53,35.74
2026-05-16T17:55:58+00:00,1778954158.158,99.86,60.116,125.789,47.79,91.221,155.643,58.61,35.17,35.49,35.73
2026-05-16T17:56:03+00:00,1778954163.159,99.87,60.124,125.789,47.80,91.229,155.643,58.61,34.92,35.43,35.71
2026-05-16T17:56:08+00:00,1778954168.161,99.85,60.130,125.789,47.80,91.235,155.643,58.62,34.92,35.43,35.70
2026-05-16T17:56:13+00:00,1778954173.162,99.86,60.138,125.789,47.81,91.241,155.643,58.62,34.69,35.37,35.68
2026-05-16T17:56:18+00:00,1778954178.164,99.86,60.154,125.789,47.82,91.248,155.643,58.63,35.43,35.51,35.73
2026-05-16T17:56:23+00:00,1778954183.165,99.86,60.259,125.789,47.91,91.255,155.643,58.63,35.32,35.49,35.72
2026-05-16T17:56:28+00:00,1778954188.166,99.85,60.249,125.789,47.90,91.264,155.643,58.64,35.13,35.44,35.70
2026-05-16T17:56:33+00:00,1778954193.168,99.87,60.251,125.789,47.90,91.278,155.643,58.65,34.88,35.39,35.68
2026-05-16T17:56:38+00:00,1778954198.169,99.87,60.248,125.789,47.90,91.296,155.643,58.66,35.21,35.45,35.70
2026-05-16T17:56:43+00:00,1778954203.170,99.87,60.246,125.789,47.89,91.315,155.643,58.67,36.40,35.69,35.78
2026-05-16T17:56:48+00:00,1778954208.172,99.86,60.220,125.789,47.87,91.327,155.643,58.68,36.04,35.63,35.76
2026-05-16T17:56:53+00:00,1778954213.173,99.86,60.224,125.789,47.88,91.337,155.643,58.68,35.88,35.60,35.75
2026-05-16T17:56:58+00:00,1778954218.174,99.85,60.217,125.789,47.87,91.348,155.643,58.69,35.65,35.56,35.73
2026-05-16T17:57:03+00:00,1778954223.176,99.86,60.212,125.789,47.87,91.357,155.643,58.70,36.16,35.66,35.77
2026-05-16T17:57:08+00:00,1778954228.177,99.86,60.223,125.789,47.88,91.365,155.643,58.70,35.83,35.60,35.75
2026-05-16T17:57:13+00:00,1778954233.178,99.86,60.229,125.789,47.88,91.371,155.643,58.71,35.84,35.61,35.75
2026-05-16T17:57:18+00:00,1778954238.180,99.84,60.246,125.789,47.90,91.377,155.643,58.71,35.61,35.57,35.73
2026-05-16T17:57:23+00:00,1778954243.181,99.86,60.253,125.789,47.90,91.384,155.643,58.71,35.40,35.52,35.72
2026-05-16T17:57:28+00:00,1778954248.182,99.87,60.252,125.789,47.90,91.391,155.643,58.72,35.13,35.46,35.70
2026-05-16T17:57:33+00:00,1778954253.183,99.86,60.261,125.789,47.91,91.401,155.643,58.72,34.96,35.42,35.68
2026-05-16T17:57:38+00:00,1778954258.185,99.87,60.271,125.789,47.91,91.410,155.643,58.73,34.80,35.38,35.67
2026-05-16T17:57:43+00:00,1778954263.186,99.86,60.286,125.789,47.93,91.416,155.643,58.73,34.98,35.41,35.68
2026-05-16T17:57:48+00:00,1778954268.187,99.87,60.299,125.789,47.94,91.422,155.643,58.74,34.98,35.40,35.67
2026-05-16T17:57:53+00:00,1778954273.189,99.86,60.306,125.789,47.94,91.430,155.643,58.74,34.82,35.36,35.66
2026-05-16T17:57:58+00:00,1778954278.190,99.86,60.405,125.789,48.02,91.439,155.643,58.75,35.32,35.46,35.69
2026-05-16T17:58:03+00:00,1778954283.191,99.86,60.409,125.789,48.02,91.450,155.643,58.76,35.21,35.43,35.68
2026-05-16T17:58:08+00:00,1778954288.193,99.86,60.430,125.789,48.04,91.466,155.643,58.77,34.95,35.38,35.66
2026-05-16T17:58:13+00:00,1778954293.194,99.87,60.426,125.789,48.04,91.487,155.643,58.78,35.36,35.45,35.68
2026-05-16T17:58:18+00:00,1778954298.195,99.87,60.421,125.789,48.03,91.503,155.643,58.79,35.17,35.41,35.66
2026-05-16T17:58:23+00:00,1778954303.197,99.86,60.404,125.789,48.02,91.513,155.643,58.80,35.16,35.40,35.66
2026-05-16T17:58:28+00:00,1778954308.198,99.87,60.407,125.789,48.02,91.523,155.643,58.80,34.90,35.35,35.64
2026-05-16T17:58:33+00:00,1778954313.199,99.86,60.390,125.789,48.01,91.533,155.643,58.81,34.67,35.29,35.62
2026-05-16T17:58:38+00:00,1778954318.201,99.86,60.399,125.789,48.02,91.542,155.643,58.82,34.62,35.27,35.61
2026-05-16T17:58:43+00:00,1778954323.202,99.86,60.407,125.789,48.02,91.551,155.643,58.82,34.57,35.25,35.60
2026-05-16T17:58:48+00:00,1778954328.203,99.86,60.413,125.789,48.03,91.558,155.643,58.83,34.44,35.21,35.59
2026-05-16T17:58:53+00:00,1778954333.205,99.86,60.417,125.789,48.03,91.566,155.643,58.83,34.25,35.16,35.57
2026-05-16T17:58:58+00:00,1778954338.206,99.86,60.423,125.789,48.04,91.573,155.643,58.84,34.31,35.16,35.57
2026-05-16T17:59:03+00:00,1778954343.208,99.87,60.432,125.789,48.04,91.581,155.643,58.84,34.20,35.12,35.55
2026-05-16T17:59:08+00:00,1778954348.209,99.87,60.434,125.789,48.04,91.590,155.643,58.85,34.10,35.08,35.54
2026-05-16T17:59:13+00:00,1778954353.210,99.86,60.445,125.789,48.05,91.597,155.643,58.85,34.82,35.22,35.58
2026-05-16T17:59:18+00:00,1778954358.212,99.89,60.448,125.789,48.06,91.603,155.643,58.85,34.67,35.18,35.56
2026-05-16T17:59:23+00:00,1778954363.213,99.87,60.457,125.789,48.06,91.610,155.643,58.86,34.54,35.14,35.55
2026-05-16T17:59:28+00:00,1778954368.214,99.86,60.468,125.789,48.07,91.617,155.643,58.86,34.33,35.09,35.53
2026-05-16T17:59:33+00:00,1778954373.216,99.83,60.573,125.789,48.15,91.624,155.643,58.87,34.23,35.05,35.52
2026-05-16T17:59:38+00:00,1778954378.217,99.86,60.558,125.789,48.14,91.638,155.643,58.88,34.13,35.02,35.50
2026-05-16T17:59:43+00:00,1778954383.218,99.87,60.556,125.789,48.14,91.652,155.643,58.89,34.12,35.00,35.50
2026-05-16T17:59:48+00:00,1778954388.220,99.87,60.555,125.789,48.14,91.669,155.643,58.90,33.95,34.95,35.48
2026-05-16T17:59:53+00:00,1778954393.221,99.87,60.538,125.789,48.13,91.683,155.643,58.91,34.11,34.97,35.48
2026-05-16T17:59:58+00:00,1778954398.222,99.86,60.536,125.789,48.13,91.693,155.643,58.91,33.94,34.92,35.46
2026-05-16T18:00:03+00:00,1778954403.224,99.88,60.536,125.789,48.13,91.702,155.643,58.92,34.51,35.02,35.49
2026-05-16T18:00:08+00:00,1778954408.225,99.86,60.532,125.789,48.12,91.711,155.643,58.92,35.19,35.15,35.53
2026-05-16T18:00:13+00:00,1778954413.226,99.86,60.543,125.789,48.13,91.720,155.643,58.93,35.41,35.20,35.54
2026-05-16T18:00:18+00:00,1778954418.228,99.87,60.554,125.789,48.14,91.728,155.643,58.94,35.30,35.18,35.54
2026-05-16T18:00:23+00:00,1778954423.229,99.87,60.558,125.789,48.14,91.736,155.643,58.94,35.68,35.26,35.56
2026-05-16T18:00:28+00:00,1778954428.230,99.86,60.567,125.789,48.15,91.743,155.643,58.94,35.86,35.31,35.57
2026-05-16T18:00:33+00:00,1778954433.232,99.87,60.569,125.789,48.15,91.750,155.643,58.95,35.79,35.30,35.57
2026-05-16T18:00:38+00:00,1778954438.233,99.86,60.578,125.789,48.16,91.757,155.643,58.95,35.49,35.25,35.55
2026-05-16T18:00:43+00:00,1778954443.234,99.86,60.588,125.789,48.17,91.765,155.643,58.96,35.29,35.21,35.54
2026-05-16T18:00:48+00:00,1778954448.236,99.86,60.597,125.789,48.17,91.772,155.643,58.96,35.11,35.17,35.52
2026-05-16T18:00:53+00:00,1778954453.237,99.87,60.602,125.789,48.18,91.777,155.643,58.97,35.90,35.34,35.57
2026-05-16T18:00:58+00:00,1778954458.238,99.85,60.610,125.789,48.18,91.784,155.643,58.97,36.07,35.38,35.59
2026-05-16T18:01:03+00:00,1778954463.240,99.87,60.723,125.789,48.27,91.792,155.643,58.98,35.82,35.34,35.57
2026-05-16T18:01:08+00:00,1778954468.241,99.87,60.722,125.789,48.27,91.801,155.643,58.98,35.84,35.35,35.58
2026-05-16T18:01:13+00:00,1778954473.242,99.87,60.722,125.789,48.27,91.814,155.643,58.99,35.69,35.33,35.57
2026-05-16T18:01:18+00:00,1778954478.244,99.86,60.724,125.789,48.27,91.832,155.643,59.00,36.27,35.46,35.61
2026-05-16T18:01:23+00:00,1778954483.245,99.87,60.716,125.789,48.27,91.851,155.643,59.01,36.09,35.43,35.60
2026-05-16T18:01:28+00:00,1778954488.246,99.88,60.706,125.789,48.26,91.865,155.643,59.02,36.32,35.49,35.62
2026-05-16T18:01:33+00:00,1778954493.248,99.87,60.701,125.789,48.26,91.876,155.643,59.03,36.54,35.55,35.63
2026-05-16T18:01:38+00:00,1778954498.250,99.86,60.703,125.789,48.26,91.886,155.643,59.04,37.46,35.76,35.70
2026-05-16T18:01:43+00:00,1778954503.251,99.85,60.700,125.789,48.26,91.896,155.643,59.04,37.02,35.70,35.68
2026-05-16T18:01:48+00:00,1778954508.253,99.88,60.701,125.789,48.26,91.905,155.643,59.05,37.34,35.78,35.71
2026-05-16T18:01:53+00:00,1778954513.254,99.87,60.708,125.789,48.26,91.913,155.643,59.05,36.91,35.72,35.69
2026-05-16T18:01:58+00:00,1778954518.255,99.86,60.713,125.789,48.27,91.919,155.643,59.06,37.32,35.83,35.72
2026-05-16T18:02:03+00:00,1778954523.256,99.87,60.731,125.789,48.28,91.926,155.643,59.06,37.85,35.96,35.77
2026-05-16T18:02:08+00:00,1778954528.258,99.86,60.735,125.789,48.28,91.935,155.643,59.07,37.46,35.91,35.75
2026-05-16T18:02:13+00:00,1778954533.259,99.89,60.741,125.789,48.29,91.943,155.643,59.07,37.03,35.85,35.73
2026-05-16T18:02:18+00:00,1778954538.260,99.87,60.750,125.789,48.30,91.950,155.643,59.08,37.67,36.00,35.78
2026-05-16T18:02:23+00:00,1778954543.262,99.86,60.760,125.789,48.30,91.957,155.643,59.08,37.85,36.07,35.81
2026-05-16T18:02:28+00:00,1778954548.263,99.87,60.767,125.789,48.31,91.964,155.643,59.09,38.10,36.15,35.83
2026-05-16T18:02:33+00:00,1778954553.264,99.89,60.773,125.789,48.31,91.972,155.643,59.09,38.26,36.21,35.86
2026-05-16T18:02:38+00:00,1778954558.266,99.86,60.780,125.789,48.32,91.978,155.643,59.10,37.84,36.16,35.84
2026-05-16T18:02:43+00:00,1778954563.267,99.86,60.893,125.789,48.41,91.984,155.643,59.10,37.85,36.19,35.85
2026-05-16T18:02:48+00:00,1778954568.268,99.87,60.887,125.789,48.40,91.995,155.643,59.11,37.38,36.12,35.83
2026-05-16T18:02:53+00:00,1778954573.269,99.89,60.885,125.789,48.40,92.011,155.643,59.12,37.19,36.10,35.83
2026-05-16T18:02:58+00:00,1778954578.271,99.87,60.889,125.789,48.41,92.030,155.643,59.13,36.85,36.05,35.81
2026-05-16T18:03:03+00:00,1778954583.272,99.89,60.872,125.789,48.39,92.043,155.643,59.14,36.46,35.98,35.79
2026-05-16T18:03:08+00:00,1778954588.273,99.89,60.863,125.789,48.38,92.053,155.643,59.14,36.27,35.95,35.78
2026-05-16T18:03:13+00:00,1778954593.275,99.87,60.870,125.789,48.39,92.063,155.643,59.15,35.93,35.88,35.76
2026-05-16T18:03:18+00:00,1778954598.276,99.86,60.864,125.789,48.39,92.072,155.643,59.16,36.09,35.92,35.77
2026-05-16T18:03:23+00:00,1778954603.277,99.86,60.869,125.789,48.39,92.080,155.643,59.16,35.76,35.85,35.75
2026-05-16T18:03:28+00:00,1778954608.278,99.86,60.883,125.789,48.40,92.087,155.643,59.17,36.18,35.94,35.78
2026-05-16T18:03:33+00:00,1778954613.280,99.86,60.890,125.789,48.41,92.092,155.643,59.17,36.01,35.91,35.77
2026-05-16T18:03:38+00:00,1778954618.281,99.85,60.900,125.789,48.41,92.098,155.643,59.17,36.97,36.11,35.84
2026-05-16T18:03:43+00:00,1778954623.282,99.86,60.908,125.789,48.42,92.104,155.643,59.18,36.57,36.04,35.82
2026-05-16T18:03:48+00:00,1778954628.284,99.87,60.913,125.789,48.43,92.111,155.643,59.18,36.12,35.95,35.79
2026-05-16T18:03:53+00:00,1778954633.285,99.86,60.920,125.789,48.43,92.119,155.643,59.19,35.79,35.89,35.77
2026-05-16T18:03:58+00:00,1778954638.286,99.87,60.935,125.789,48.44,92.127,155.643,59.19,35.81,35.89,35.77
2026-05-16T18:04:03+00:00,1778954643.288,99.86,60.944,125.789,48.45,92.133,155.643,59.20,36.55,36.04,35.82
2026-05-16T18:04:08+00:00,1778954648.289,99.87,60.951,125.789,48.46,92.138,155.643,59.20,36.18,35.97,35.80
2026-05-16T18:04:13+00:00,1778954653.290,99.87,60.956,125.789,48.46,92.146,155.643,59.20,35.93,35.92,35.79
2026-05-16T18:04:18+00:00,1778954658.292,99.87,61.079,125.789,48.56,92.154,155.643,59.21,35.85,35.91,35.78
2026-05-16T18:04:23+00:00,1778954663.293,99.86,61.072,125.789,48.55,92.165,155.643,59.22,35.78,35.89,35.78
2026-05-16T18:04:28+00:00,1778954668.294,99.85,61.084,125.789,48.56,92.179,155.643,59.22,36.44,36.03,35.82
2026-05-16T18:04:33+00:00,1778954673.296,99.86,61.086,125.789,48.56,92.196,155.643,59.24,36.17,35.98,35.81
2026-05-16T18:04:38+00:00,1778954678.297,99.88,61.072,125.789,48.55,92.215,155.643,59.25,35.83,35.91,35.78
2026-05-16T18:04:43+00:00,1778954683.298,99.88,61.056,125.789,48.54,92.227,155.643,59.26,35.61,35.86,35.77
2026-05-16T18:04:48+00:00,1778954688.300,99.88,61.040,125.789,48.53,92.236,155.643,59.26,35.72,35.88,35.78
2026-05-16T18:04:53+00:00,1778954693.301,99.87,61.039,125.789,48.53,92.246,155.643,59.27,35.42,35.82,35.76
2026-05-16T18:04:58+00:00,1778954698.302,99.87,61.042,125.789,48.53,92.256,155.643,59.27,35.39,35.80,35.75
2026-05-16T18:05:03+00:00,1778954703.303,99.87,61.048,125.789,48.53,92.265,155.643,59.28,35.11,35.74,35.73
2026-05-16T18:05:08+00:00,1778954708.305,99.87,61.053,125.789,48.54,92.273,155.643,59.29,35.75,35.86,35.77
2026-05-16T18:05:13+00:00,1778954713.306,99.86,61.056,125.789,48.54,92.280,155.643,59.29,35.45,35.80,35.75
2026-05-16T18:05:18+00:00,1778954718.310,99.87,61.061,125.789,48.54,92.288,155.643,59.29,35.33,35.77,35.74
2026-05-16T18:05:23+00:00,1778954723.311,99.87,61.068,125.789,48.55,92.295,155.643,59.30,35.62,35.82,35.76
2026-05-16T18:05:28+00:00,1778954728.312,99.86,61.078,125.789,48.56,92.303,155.643,59.30,36.61,36.02,35.82
2026-05-16T18:05:33+00:00,1778954733.314,99.86,61.089,125.789,48.56,92.309,155.643,59.31,36.25,35.96,35.80
2026-05-16T18:05:38+00:00,1778954738.315,99.87,61.093,125.789,48.57,92.315,155.643,59.31,36.06,35.92,35.79
2026-05-16T18:05:43+00:00,1778954743.316,99.87,61.104,125.789,48.58,92.320,155.643,59.32,36.38,35.99,35.82
2026-05-16T18:05:48+00:00,1778954748.318,99.86,61.113,125.789,48.58,92.326,155.643,59.32,37.07,36.14,35.87
2026-05-16T18:05:53+00:00,1778954753.319,99.86,61.125,125.789,48.59,92.334,155.643,59.32,36.66,36.07,35.84
2026-05-16T18:05:58+00:00,1778954758.320,99.87,61.265,125.789,48.70,92.340,155.643,59.33,37.25,36.20,35.89
2026-05-16T18:06:03+00:00,1778954763.322,99.87,61.232,125.789,48.68,92.351,155.643,59.34,36.91,36.15,35.87
2026-05-16T18:06:08+00:00,1778954768.323,99.89,61.228,125.789,48.68,92.365,155.643,59.34,36.52,36.08,35.85
2026-05-16T18:06:13+00:00,1778954773.324,99.88,61.222,125.789,48.67,92.384,155.643,59.36,36.32,36.05,35.84
2026-05-16T18:06:18+00:00,1778954778.326,99.89,61.202,125.789,48.65,92.397,155.643,59.36,36.13,36.01,35.83
2026-05-16T18:06:23+00:00,1778954783.328,99.88,61.190,125.789,48.65,92.407,155.643,59.37,35.80,35.95,35.81
2026-05-16T18:06:28+00:00,1778954788.329,99.88,61.193,125.789,48.65,92.416,155.643,59.38,35.50,35.88,35.79
2026-05-16T18:06:33+00:00,1778954793.331,99.87,61.186,125.789,48.64,92.425,155.643,59.38,35.94,35.97,35.82
2026-05-16T18:06:38+00:00,1778954798.332,99.86,61.197,125.789,48.65,92.434,155.643,59.39,35.70,35.92,35.80
2026-05-16T18:06:43+00:00,1778954803.333,99.87,61.202,125.789,48.65,92.441,155.643,59.39,35.40,35.85,35.78
2026-05-16T18:06:48+00:00,1778954808.335,99.86,61.209,125.789,48.66,92.446,155.643,59.40,35.21,35.80,35.77
2026-05-16T18:06:53+00:00,1778954813.336,99.86,61.223,125.789,48.67,92.451,155.643,59.40,35.03,35.76,35.75
2026-05-16T18:06:58+00:00,1778954818.337,99.87,61.231,125.789,48.68,92.458,155.643,59.40,35.11,35.76,35.75
2026-05-16T18:07:03+00:00,1778954823.339,99.88,61.233,125.789,48.68,92.464,155.643,59.41,34.94,35.71,35.74
2026-05-16T18:07:08+00:00,1778954828.340,99.86,61.241,125.789,48.69,92.472,155.643,59.41,34.71,35.65,35.72
2026-05-16T18:07:13+00:00,1778954833.341,99.87,61.248,125.789,48.69,92.480,155.643,59.42,34.81,35.66,35.72
2026-05-16T18:07:18+00:00,1778954838.342,99.86,61.260,125.789,48.70,92.486,155.643,59.42,34.67,35.61,35.70
2026-05-16T18:07:23+00:00,1778954843.344,99.87,61.261,125.789,48.70,92.492,155.643,59.43,34.93,35.65,35.72
2026-05-16T18:07:28+00:00,1778954848.345,99.86,61.273,125.789,48.71,92.500,155.643,59.43,35.90,35.84,35.78
2026-05-16T18:07:33+00:00,1778954853.346,99.86,61.378,125.789,48.79,92.509,155.643,59.44,35.59,35.78,35.76
2026-05-16T18:07:38+00:00,1778954858.348,99.87,61.375,125.789,48.79,92.520,155.643,59.44,35.38,35.73,35.74
2026-05-16T18:07:43+00:00,1778954863.349,99.86,61.387,125.789,48.80,92.534,155.643,59.45,35.75,35.80,35.77
2026-05-16T18:07:48+00:00,1778954868.350,99.86,61.383,125.789,48.80,92.553,155.643,59.46,35.53,35.76,35.75
2026-05-16T18:07:53+00:00,1778954873.352,99.87,61.357,125.789,48.78,92.570,155.643,59.48,35.65,35.78,35.76
2026-05-16T18:07:58+00:00,1778954878.353,99.88,61.340,125.789,48.76,92.582,155.643,59.48,35.27,35.70,35.73
2026-05-16T18:08:03+00:00,1778954883.354,99.87,61.337,125.789,48.76,92.592,155.643,59.49,35.09,35.65,35.72
2026-05-16T18:08:08+00:00,1778954888.355,99.89,61.338,125.789,48.76,92.603,155.643,59.50,35.57,35.74,35.75
2026-05-16T18:08:13+00:00,1778954893.357,99.89,61.341,125.789,48.77,92.614,155.643,59.50,35.60,35.75,35.75
2026-05-16T18:08:18+00:00,1778954898.358,99.87,61.351,125.789,48.77,92.622,155.643,59.51,36.11,35.85,35.78
2026-05-16T18:08:23+00:00,1778954903.359,99.88,61.361,125.789,48.78,92.628,155.643,59.51,36.34,35.90,35.80
2026-05-16T18:08:28+00:00,1778954908.360,99.87,61.371,125.789,48.79,92.633,155.643,59.52,36.88,36.02,35.84
2026-05-16T18:08:33+00:00,1778954913.362,99.78,61.381,125.789,48.80,92.641,155.643,59.52,37.13,36.09,35.86
2026-05-16T18:08:38+00:00,1778954918.363,99.86,61.386,125.789,48.80,92.649,155.643,59.53,36.80,36.04,35.84
2026-05-16T18:08:43+00:00,1778954923.364,99.88,61.393,125.789,48.81,92.657,155.643,59.53,36.89,36.07,35.86
2026-05-16T18:08:48+00:00,1778954928.366,99.87,61.399,125.789,48.81,92.664,155.643,59.54,36.66,36.03,35.85
2026-05-16T18:08:53+00:00,1778954933.367,99.87,61.412,125.789,48.82,92.669,155.643,59.54,36.45,36.00,35.84
2026-05-16T18:08:58+00:00,1778954938.368,99.85,61.421,125.789,48.83,92.674,155.643,59.54,36.73,36.07,35.86
2026-05-16T18:09:03+00:00,1778954943.369,99.86,61.427,125.789,48.83,92.680,155.643,59.55,36.35,36.00,35.84
2026-05-16T18:09:08+00:00,1778954948.371,99.87,61.532,125.789,48.92,92.688,155.643,59.55,36.08,35.95,35.82
2026-05-16T18:09:13+00:00,1778954953.372,99.84,61.523,125.789,48.91,92.698,155.643,59.56,35.76,35.88,35.80
2026-05-16T18:09:18+00:00,1778954958.373,99.87,61.528,125.789,48.91,92.712,155.643,59.57,35.62,35.85,35.79
2026-05-16T18:09:23+00:00,1778954963.375,99.87,61.542,125.789,48.92,92.731,155.643,59.58,35.57,35.84,35.79
2026-05-16T18:09:28+00:00,1778954968.376,99.87,61.541,125.789,48.92,92.747,155.643,59.59,35.28,35.77,35.77
2026-05-16T18:09:33+00:00,1778954973.377,99.87,61.534,125.789,48.92,92.759,155.643,59.60,35.42,35.79,35.77
2026-05-16T18:09:38+00:00,1778954978.379,99.86,61.539,125.789,48.92,92.768,155.643,59.60,35.31,35.76,35.76
2026-05-16T18:09:43+00:00,1778954983.380,99.87,61.524,125.789,48.91,92.779,155.643,59.61,35.92,35.88,35.80
2026-05-16T18:09:48+00:00,1778954988.381,99.88,61.520,125.789,48.91,92.788,155.643,59.62,35.85,35.87,35.80
2026-05-16T18:09:53+00:00,1778954993.382,99.86,61.522,125.789,48.91,92.796,155.643,59.62,35.54,35.81,35.78
2026-05-16T18:09:58+00:00,1778954998.384,99.87,61.527,125.789,48.91,92.802,155.643,59.62,35.26,35.74,35.76
2026-05-16T18:10:03+00:00,1778955003.385,99.87,61.539,125.789,48.92,92.806,155.643,59.63,35.07,35.70,35.74
2026-05-16T18:10:08+00:00,1778955008.386,99.84,61.546,125.789,48.93,92.813,155.643,59.63,34.83,35.63,35.72
2026-05-16T18:10:13+00:00,1778955013.388,99.85,61.555,125.789,48.94,92.819,155.643,59.64,34.60,35.57,35.70
2026-05-16T18:10:18+00:00,1778955018.389,99.87,61.564,125.789,48.94,92.827,155.643,59.64,34.39,35.51,35.68
2026-05-16T18:10:23+00:00,1778955023.390,99.84,61.576,125.789,48.95,92.835,155.643,59.65,35.08,35.64,35.72
2026-05-16T18:10:28+00:00,1778955028.392,99.86,61.585,125.789,48.96,92.844,155.643,59.65,35.16,35.64,35.72
2026-05-16T18:10:33+00:00,1778955033.393,99.86,61.590,125.789,48.96,92.850,155.643,59.66,34.90,35.58,35.70
2026-05-16T18:10:38+00:00,1778955038.394,99.87,61.597,125.789,48.97,92.858,155.643,59.66,35.31,35.66,35.73
2026-05-16T18:10:43+00:00,1778955043.396,99.86,61.705,125.789,49.05,92.867,155.643,59.67,35.13,35.61,35.71
2026-05-16T18:10:48+00:00,1778955048.397,99.84,61.703,125.789,49.05,92.878,155.643,59.67,34.88,35.55,35.69
2026-05-16T18:10:53+00:00,1778955053.398,99.84,61.720,125.789,49.07,92.891,155.643,59.68,34.64,35.49,35.67
2026-05-16T18:10:58+00:00,1778955058.399,99.85,61.717,125.789,49.06,92.909,155.643,59.69,34.59,35.47,35.66
2026-05-16T18:11:03+00:00,1778955063.401,99.87,61.712,125.789,49.06,92.929,155.643,59.71,34.31,35.40,35.64
2026-05-16T18:11:08+00:00,1778955068.402,99.86,61.675,125.789,49.03,92.941,155.643,59.71,34.36,35.39,35.63
2026-05-16T18:11:13+00:00,1778955073.403,99.86,61.680,125.789,49.03,92.952,155.643,59.72,34.57,35.42,35.64
2026-05-16T18:11:18+00:00,1778955078.405,99.87,61.675,125.789,49.03,92.962,155.643,59.73,34.77,35.44,35.65
2026-05-16T18:11:23+00:00,1778955083.406,99.87,61.675,125.789,49.03,92.972,155.643,59.73,34.63,35.40,35.63
2026-05-16T18:11:28+00:00,1778955088.407,99.88,61.676,125.789,49.03,92.982,155.643,59.74,34.33,35.33,35.61
2026-05-16T18:11:33+00:00,1778955093.409,99.87,61.681,125.789,49.04,92.989,155.643,59.75,34.31,35.31,35.60
2026-05-16T18:11:38+00:00,1778955098.410,99.86,61.685,125.789,49.04,92.996,155.643,59.75,34.60,35.35,35.61
2026-05-16T18:11:43+00:00,1778955103.411,99.87,61.689,125.789,49.04,93.005,155.643,59.76,34.47,35.31,35.60
2026-05-16T18:11:48+00:00,1778955108.412,99.87,61.699,125.789,49.05,93.013,155.643,59.76,34.36,35.27,35.58
2026-05-16T18:11:53+00:00,1778955113.414,99.86,61.706,125.789,49.06,93.021,155.643,59.77,35.45,35.48,35.65
2026-05-16T18:11:58+00:00,1778955118.415,99.87,61.714,125.789,49.06,93.029,155.643,59.77,35.41,35.48,35.65
2026-05-16T18:12:03+00:00,1778955123.417,99.88,61.728,125.789,49.07,93.034,155.643,59.77,35.14,35.42,35.63
2026-05-16T18:12:08+00:00,1778955128.418,99.87,61.739,125.789,49.08,93.040,155.643,59.78,34.97,35.38,35.61
2026-05-16T18:12:13+00:00,1778955133.419,99.87,61.750,125.789,49.09,93.048,155.643,59.78,34.57,35.29,35.58
2026-05-16T18:12:18+00:00,1778955138.421,99.85,61.850,125.789,49.17,93.056,155.643,59.79,34.69,35.30,35.59
2026-05-16T18:12:23+00:00,1778955143.422,99.87,61.831,125.789,49.15,93.067,155.643,59.80,34.55,35.26,35.57
2026-05-16T18:12:28+00:00,1778955148.423,99.87,61.842,125.789,49.16,93.082,155.643,59.81,34.35,35.21,35.55
2026-05-16T18:12:33+00:00,1778955153.425,99.89,61.838,125.789,49.16,93.101,155.643,59.82,34.24,35.17,35.54
2026-05-16T18:12:38+00:00,1778955158.426,99.87,61.823,125.789,49.15,93.115,155.643,59.83,34.14,35.13,35.52
2026-05-16T18:12:43+00:00,1778955163.427,99.87,61.807,125.789,49.14,93.125,155.643,59.83,34.05,35.10,35.51
2026-05-16T18:12:48+00:00,1778955168.429,99.88,61.808,125.789,49.14,93.135,155.643,59.84,33.88,35.05,35.49
2026-05-16T18:12:53+00:00,1778955173.430,99.87,61.805,125.789,49.13,93.145,155.643,59.85,33.73,35.00,35.47
2026-05-16T18:12:58+00:00,1778955178.431,99.88,61.813,125.789,49.14,93.153,155.643,59.85,33.83,35.00,35.47
2026-05-16T18:13:03+00:00,1778955183.433,99.87,61.827,125.789,49.15,93.159,155.643,59.85,33.77,34.96,35.46
2026-05-16T18:13:08+00:00,1778955188.434,99.86,61.829,125.789,49.15,93.165,155.643,59.86,34.03,35.00,35.46
2026-05-16T18:13:13+00:00,1778955193.436,99.86,61.842,125.789,49.16,93.172,155.643,59.86,34.26,35.03,35.47
2026-05-16T18:13:18+00:00,1778955198.437,99.86,61.847,125.789,49.17,93.178,155.643,59.87,34.40,35.05,35.47
2026-05-16T18:13:23+00:00,1778955203.438,99.85,61.858,125.789,49.18,93.186,155.643,59.87,34.29,35.01,35.46
2026-05-16T18:13:28+00:00,1778955208.440,99.86,61.862,125.789,49.18,93.194,155.643,59.88,34.11,34.96,35.44
2026-05-16T18:13:33+00:00,1778955213.441,99.86,61.871,125.789,49.19,93.201,155.643,59.88,33.94,34.91,35.42
2026-05-16T18:13:38+00:00,1778955218.442,99.86,61.879,125.789,49.19,93.206,155.643,59.88,34.02,34.91,35.42
2026-05-16T18:13:43+00:00,1778955223.444,99.84,61.893,125.789,49.20,93.213,155.643,59.89,34.42,34.98,35.44
2026-05-16T18:13:48+00:00,1778955228.445,99.86,61.986,125.789,49.28,93.221,155.643,59.89,34.31,34.95,35.43
2026-05-16T18:13:53+00:00,1778955233.446,99.86,61.981,125.789,49.27,93.230,155.643,59.90,34.36,34.95,35.43
2026-05-16T18:13:58+00:00,1778955238.448,99.84,62.007,125.789,49.29,93.245,155.643,59.91,34.25,34.92,35.41
2026-05-16T18:14:03+00:00,1778955243.449,99.87,62.007,125.789,49.29,93.264,155.643,59.92,34.07,34.87,35.39
2026-05-16T18:14:08+00:00,1778955248.450,99.87,61.987,125.789,49.28,93.281,155.643,59.93,33.91,34.82,35.37
2026-05-16T18:14:13+00:00,1778955253.452,99.86,61.964,125.789,49.26,93.294,155.643,59.94,33.92,34.81,35.37
2026-05-16T18:14:18+00:00,1778955258.453,99.87,61.964,125.789,49.26,93.305,155.643,59.95,34.00,34.81,35.36
2026-05-16T18:14:23+00:00,1778955263.454,99.86,61.958,125.789,49.26,93.316,155.643,59.96,34.16,34.83,35.37
2026-05-16T18:14:28+00:00,1778955268.455,99.87,61.962,125.789,49.26,93.325,155.643,59.96,34.79,34.95,35.40
2026-05-16T18:14:33+00:00,1778955273.457,99.87,61.978,125.789,49.27,93.335,155.643,59.97,34.65,34.92,35.39
2026-05-16T18:14:38+00:00,1778955278.458,99.87,61.978,125.789,49.27,93.342,155.643,59.97,34.43,34.87,35.37
2026-05-16T18:14:43+00:00,1778955283.459,99.87,61.990,125.789,49.28,93.348,155.643,59.98,35.52,35.09,35.44
2026-05-16T18:14:48+00:00,1778955288.461,99.86,61.998,125.789,49.29,93.357,155.643,59.98,35.40,35.07,35.43
2026-05-16T18:14:53+00:00,1778955293.462,99.86,62.004,125.789,49.29,93.366,155.643,59.99,35.29,35.05,35.42
2026-05-16T18:14:58+00:00,1778955298.463,99.87,62.013,125.789,49.30,93.374,155.643,59.99,35.34,35.07,35.43
2026-05-16T18:15:03+00:00,1778955303.465,99.87,62.027,125.789,49.31,93.380,155.643,60.00,35.08,35.02,35.41
2026-05-16T18:15:08+00:00,1778955308.466,99.86,62.034,125.789,49.32,93.386,155.643,60.00,35.07,35.01,35.41
2026-05-16T18:15:13+00:00,1778955313.467,99.86,62.046,125.789,49.33,93.392,155.643,60.00,34.90,34.98,35.39
2026-05-16T18:15:18+00:00,1778955318.469,99.87,62.055,125.789,49.33,93.399,155.643,60.01,35.71,35.15,35.45
2026-05-16T18:15:23+00:00,1778955323.470,99.86,62.171,125.789,49.43,93.407,155.643,60.01,35.41,35.09,35.43
2026-05-16T18:15:28+00:00,1778955328.471,99.85,62.159,125.789,49.42,93.415,155.643,60.02,36.58,35.34,35.51
2026-05-16T18:15:33+00:00,1778955333.473,99.88,62.168,125.789,49.42,93.429,155.643,60.03,36.30,35.30,35.49
2026-05-16T18:15:38+00:00,1778955338.474,99.86,62.169,125.789,49.42,93.448,155.643,60.04,35.95,35.25,35.47
2026-05-16T18:15:43+00:00,1778955343.475,99.87,62.149,125.789,49.41,93.466,155.643,60.05,36.36,35.34,35.50
2026-05-16T18:15:48+00:00,1778955348.477,99.86,62.138,125.789,49.40,93.477,155.643,60.06,36.09,35.30,35.49
2026-05-16T18:15:53+00:00,1778955353.478,99.85,62.141,125.789,49.40,93.486,155.643,60.06,35.68,35.23,35.46
2026-05-16T18:15:58+00:00,1778955358.480,99.85,62.149,125.789,49.41,93.496,155.643,60.07,36.03,35.31,35.49
2026-05-16T18:16:03+00:00,1778955363.481,99.87,62.144,125.789,49.40,93.505,155.643,60.08,36.26,35.37,35.51
2026-05-16T18:16:08+00:00,1778955368.482,99.86,62.148,125.789,49.41,93.513,155.643,60.08,37.20,35.58,35.58
2026-05-16T18:16:13+00:00,1778955373.484,99.87,62.153,125.789,49.41,93.519,155.643,60.09,37.75,35.72,35.62
2026-05-16T18:16:18+00:00,1778955378.485,99.87,62.161,125.789,49.42,93.526,155.643,60.09,37.45,35.70,35.61
2026-05-16T18:16:23+00:00,1778955383.486,99.86,62.164,125.789,49.42,93.533,155.643,60.09,37.09,35.65,35.60
2026-05-16T18:16:28+00:00,1778955388.488,99.87,62.176,125.789,49.43,93.540,155.643,60.10,36.68,35.59,35.58
2026-05-16T18:16:33+00:00,1778955393.489,99.86,62.181,125.789,49.43,93.547,155.643,60.10,36.31,35.53,35.56
2026-05-16T18:16:38+00:00,1778955398.490,99.88,62.190,125.789,49.44,93.555,155.643,60.11,37.00,35.69,35.61
2026-05-16T18:16:43+00:00,1778955403.491,99.87,62.199,125.789,49.45,93.562,155.643,60.11,36.60,35.63,35.59
2026-05-16T18:16:48+00:00,1778955408.493,99.86,62.205,125.789,49.45,93.567,155.643,60.12,36.31,35.58,35.58
2026-05-16T18:16:53+00:00,1778955413.494,99.85,62.216,125.789,49.46,93.575,155.643,60.12,36.05,35.54,35.56
2026-05-16T18:16:58+00:00,1778955418.495,99.86,62.334,125.789,49.55,93.583,155.643,60.13,35.96,35.53,35.56
2026-05-16T18:17:03+00:00,1778955423.497,99.87,62.327,125.789,49.55,93.590,155.643,60.13,35.73,35.49,35.54
2026-05-16T18:17:08+00:00,1778955428.498,99.86,62.342,125.789,49.56,93.603,155.643,60.14,35.43,35.43,35.52
2026-05-16T18:17:13+00:00,1778955433.499,99.86,62.355,125.789,49.57,93.619,155.643,60.15,35.87,35.52,35.55
2026-05-16T18:17:18+00:00,1778955438.501,99.88,62.343,125.789,49.56,93.638,155.643,60.16,35.56,35.46,35.54
2026-05-16T18:17:23+00:00,1778955443.502,99.87,62.324,125.789,49.55,93.653,155.643,60.17,35.28,35.41,35.52
2026-05-16T18:17:28+00:00,1778955448.503,99.86,62.311,125.789,49.54,93.663,155.643,60.18,35.42,35.43,35.52
2026-05-16T18:17:33+00:00,1778955453.504,99.87,62.311,125.789,49.54,93.673,155.643,60.18,36.10,35.58,35.57
2026-05-16T18:17:38+00:00,1778955458.506,99.86,62.309,125.789,49.54,93.683,155.643,60.19,36.26,35.62,35.58
2026-05-16T18:17:43+00:00,1778955463.507,99.86,62.309,125.789,49.53,93.691,155.643,60.20,36.08,35.59,35.57
2026-05-16T18:17:48+00:00,1778955468.509,99.87,62.315,125.789,49.54,93.699,155.643,60.20,36.15,35.61,35.58
2026-05-16T18:17:53+00:00,1778955473.510,99.84,62.322,125.789,49.55,93.706,155.643,60.21,36.78,35.75,35.63
2026-05-16T18:17:58+00:00,1778955478.511,99.86,62.329,125.789,49.55,93.713,155.643,60.21,36.40,35.69,35.61
2026-05-16T18:18:03+00:00,1778955483.513,99.86,62.335,125.789,49.56,93.721,155.643,60.22,36.04,35.63,35.59
2026-05-16T18:18:08+00:00,1778955488.514,99.87,62.341,125.789,49.56,93.729,155.643,60.22,35.72,35.57,35.57
2026-05-16T18:18:13+00:00,1778955493.515,99.86,62.351,125.789,49.57,93.737,155.643,60.23,35.66,35.56,35.57
2026-05-16T18:18:18+00:00,1778955498.517,99.87,62.357,125.789,49.57,93.742,155.643,60.23,36.49,35.73,35.62
2026-05-16T18:18:23+00:00,1778955503.518,99.86,62.363,125.789,49.58,93.747,155.643,60.23,37.01,35.85,35.66
2026-05-16T18:18:28+00:00,1778955508.519,99.86,62.365,125.789,49.58,93.752,155.643,60.24,36.85,35.84,35.66
2026-05-16T18:18:33+00:00,1778955513.520,99.86,62.377,125.789,49.59,93.758,155.643,60.24,36.62,35.81,35.65
2026-05-16T18:18:38+00:00,1778955518.522,99.87,62.483,125.789,49.67,93.766,155.643,60.24,36.41,35.78,35.64
2026-05-16T18:18:43+00:00,1778955523.523,99.85,62.473,125.789,49.67,93.775,155.643,60.25,37.18,35.95,35.70
2026-05-16T18:18:48+00:00,1778955528.524,99.87,62.472,125.789,49.66,93.787,155.643,60.26,37.00,35.93,35.69
2026-05-16T18:18:53+00:00,1778955533.526,99.87,62.477,125.789,49.67,93.803,155.643,60.27,36.60,35.87,35.67
2026-05-16T18:18:58+00:00,1778955538.527,99.88,62.474,125.789,49.67,93.819,155.643,60.28,37.36,36.03,35.73
2026-05-16T18:19:03+00:00,1778955543.528,99.87,62.453,125.789,49.65,93.831,155.643,60.29,37.89,36.17,35.77
2026-05-16T18:19:08+00:00,1778955548.530,99.87,62.441,125.789,49.64,93.840,155.643,60.29,37.58,36.13,35.76
2026-05-16T18:19:13+00:00,1778955553.531,99.87,62.442,125.789,49.64,93.849,155.643,60.30,37.21,36.08,35.75
2026-05-16T18:19:18+00:00,1778955558.532,99.87,62.435,125.789,49.64,93.858,155.643,60.30,36.79,36.01,35.73
2026-05-16T18:19:23+00:00,1778955563.534,99.86,62.450,125.789,49.65,93.867,155.643,60.31,36.57,35.98,35.72
2026-05-16T18:19:28+00:00,1778955568.535,99.85,62.464,125.789,49.66,93.873,155.643,60.31,36.92,36.06,35.75
2026-05-16T18:19:33+00:00,1778955573.536,99.87,62.472,125.789,49.66,93.878,155.643,60.32,37.41,36.18,35.79
2026-05-16T18:19:38+00:00,1778955578.538,99.86,62.486,125.789,49.68,93.883,155.643,60.32,37.14,36.14,35.78
2026-05-16T18:19:43+00:00,1778955583.539,99.86,62.491,125.789,49.68,93.890,155.643,60.32,36.73,36.07,35.75
2026-05-16T18:19:48+00:00,1778955588.540,99.85,62.496,125.789,49.68,93.897,155.643,60.33,36.35,36.00,35.73
2026-05-16T18:19:53+00:00,1778955593.542,99.88,62.503,125.789,49.69,93.904,155.643,60.33,36.00,35.94,35.71
2026-05-16T18:19:58+00:00,1778955598.543,99.87,62.515,125.789,49.70,93.912,155.643,60.34,36.24,35.99,35.73
2026-05-16T18:20:03+00:00,1778955603.544,99.86,62.523,125.789,49.70,93.918,155.643,60.34,37.02,36.15,35.79
2026-05-16T18:20:08+00:00,1778955608.546,99.87,62.532,125.789,49.71,93.922,155.643,60.34,37.02,36.17,35.79
2026-05-16T18:20:13+00:00,1778955613.547,99.86,62.542,125.789,49.72,93.928,155.643,60.35,36.70,36.11,35.78
2026-05-16T18:20:18+00:00,1778955618.548,99.86,62.663,125.789,49.82,93.936,155.643,60.35,37.36,36.26,35.83
2026-05-16T18:20:23+00:00,1778955623.550,99.86,62.651,125.789,49.81,93.945,155.643,60.36,36.93,36.19,35.81
2026-05-16T18:20:28+00:00,1778955628.551,99.86,62.661,125.789,49.81,93.957,155.643,60.37,37.42,36.31,35.85
2026-05-16T18:20:33+00:00,1778955633.552,99.86,62.662,125.789,49.82,93.973,155.643,60.38,38.51,36.55,35.93
2026-05-16T18:20:38+00:00,1778955638.554,99.81,62.656,125.789,49.81,93.991,155.643,60.39,38.07,36.49,35.91
2026-05-16T18:20:43+00:00,1778955643.555,99.88,62.644,125.789,49.80,94.005,155.643,60.40,37.58,36.42,35.89
2026-05-16T18:20:48+00:00,1778955648.556,99.87,62.627,125.789,49.79,94.016,155.643,60.41,37.77,36.47,35.91
2026-05-16T18:20:53+00:00,1778955653.558,99.87,62.632,125.789,49.79,94.026,155.643,60.41,37.39,36.42,35.90
2026-05-16T18:20:58+00:00,1778955658.559,99.86,62.630,125.789,49.79,94.036,155.643,60.42,37.12,36.38,35.89
2026-05-16T18:21:03+00:00,1778955663.561,99.87,62.633,125.789,49.79,94.045,155.643,60.42,36.79,36.32,35.87
2026-05-16T18:21:08+00:00,1778955668.562,99.87,62.637,125.789,49.80,94.054,155.643,60.43,36.41,36.25,35.85
2026-05-16T18:21:13+00:00,1778955673.563,99.87,62.638,125.789,49.80,94.060,155.643,60.43,36.45,36.26,35.86
2026-05-16T18:21:18+00:00,1778955678.564,99.87,62.650,125.789,49.81,94.066,155.643,60.44,36.74,36.32,35.88
2026-05-16T18:21:23+00:00,1778955683.566,99.88,62.654,125.789,49.81,94.073,155.643,60.44,36.44,36.27,35.86
2026-05-16T18:21:28+00:00,1778955688.567,99.86,62.664,125.789,49.82,94.082,155.643,60.45,36.16,36.21,35.85
2026-05-16T18:21:33+00:00,1778955693.568,99.87,62.674,125.789,49.82,94.090,155.643,60.45,35.99,36.18,35.84
2026-05-16T18:21:38+00:00,1778955698.570,99.87,62.678,125.789,49.83,94.096,155.643,60.46,36.39,36.26,35.87
2026-05-16T18:21:43+00:00,1778955703.571,99.87,62.685,125.789,49.83,94.101,155.643,60.46,36.04,36.19,35.84
2026-05-16T18:21:48+00:00,1778955708.572,99.88,62.695,125.789,49.84,94.106,155.643,60.46,35.79,36.13,35.83
2026-05-16T18:21:53+00:00,1778955713.574,99.86,62.702,125.789,49.85,94.114,155.643,60.47,37.01,36.38,35.91
2026-05-16T18:21:58+00:00,1778955718.575,99.87,62.821,125.789,49.94,94.121,155.643,60.47,36.61,36.31,35.89
2026-05-16T18:22:03+00:00,1778955723.576,99.86,62.806,125.789,49.93,94.129,155.643,60.48,36.32,36.25,35.87
2026-05-16T18:22:08+00:00,1778955728.578,99.87,62.815,125.789,49.94,94.141,155.643,60.49,36.70,36.33,35.90
2026-05-16T18:22:13+00:00,1778955733.579,99.87,62.817,125.789,49.94,94.159,155.643,60.50,36.40,36.28,35.89
2026-05-16T18:22:18+00:00,1778955738.580,99.87,62.818,125.789,49.94,94.177,155.643,60.51,36.21,36.24,35.87
2026-05-16T18:22:23+00:00,1778955743.582,99.87,62.794,125.789,49.92,94.188,155.643,60.52,36.11,36.22,35.87
2026-05-16T18:22:28+00:00,1778955748.583,99.88,62.790,125.789,49.92,94.197,155.643,60.52,37.38,36.48,35.96
2026-05-16T18:22:33+00:00,1778955753.584,99.86,62.789,125.789,49.92,94.206,155.643,60.53,37.83,36.59,36.00
2026-05-16T18:22:38+00:00,1778955758.585,99.87,62.785,125.789,49.91,94.215,155.643,60.53,37.37,36.51,35.97
2026-05-16T18:22:43+00:00,1778955763.587,99.86,62.793,125.789,49.92,94.223,155.643,60.54,36.94,36.44,35.95
2026-05-16T18:22:48+00:00,1778955768.588,99.87,62.797,125.789,49.92,94.229,155.643,60.54,37.26,36.51,35.98
2026-05-16T18:22:53+00:00,1778955773.589,99.87,62.801,125.789,49.93,94.236,155.643,60.55,37.72,36.62,36.02
2026-05-16T18:22:58+00:00,1778955778.591,99.86,62.811,125.789,49.93,94.242,155.643,60.55,37.26,36.54,36.00
2026-05-16T18:23:03+00:00,1778955783.592,99.87,62.822,125.789,49.94,94.249,155.643,60.56,37.24,36.55,36.00
2026-05-16T18:23:08+00:00,1778955788.594,99.87,62.833,125.789,49.95,94.257,155.643,60.56,36.98,36.51,35.99
2026-05-16T18:23:13+00:00,1778955793.595,99.86,62.840,125.789,49.96,94.266,155.643,60.57,36.74,36.47,35.98
2026-05-16T18:23:18+00:00,1778955798.596,99.86,62.844,125.789,49.96,94.273,155.643,60.57,36.52,36.42,35.97
2026-05-16T18:23:23+00:00,1778955803.598,99.86,62.854,125.789,49.97,94.279,155.643,60.57,36.24,36.37,35.95
2026-05-16T18:23:28+00:00,1778955808.599,99.87,62.861,125.789,49.97,94.284,155.643,60.58,35.90,36.29,35.93
2026-05-16T18:23:33+00:00,1778955813.600,99.88,62.868,125.789,49.98,94.292,155.643,60.58,35.59,36.22,35.91
2026-05-16T18:23:38+00:00,1778955818.602,99.86,62.981,125.789,50.07,94.300,155.643,60.59,35.30,36.15,35.89
2026-05-16T18:23:43+00:00,1778955823.603,99.86,62.982,125.789,50.07,94.310,155.643,60.59,35.44,36.17,35.89
2026-05-16T18:23:48+00:00,1778955828.604,99.84,63.000,125.789,50.08,94.323,155.643,60.60,35.24,36.11,35.88
2026-05-16T18:23:53+00:00,1778955833.605,99.85,62.998,125.789,50.08,94.340,155.643,60.61,35.06,36.06,35.86
2026-05-16T18:23:58+00:00,1778955838.607,99.87,62.988,125.789,50.07,94.360,155.643,60.63,34.82,35.99,35.84
2026-05-16T18:24:03+00:00,1778955843.608,99.86,62.957,125.789,50.05,94.372,155.643,60.63,34.83,35.98,35.84
2026-05-16T18:24:08+00:00,1778955848.609,99.87,62.957,125.789,50.05,94.381,155.643,60.64,34.68,35.93,35.82
2026-05-16T18:24:13+00:00,1778955853.611,99.87,62.956,125.789,50.05,94.391,155.643,60.65,34.55,35.88,35.81
2026-05-16T18:24:18+00:00,1778955858.612,99.86,62.954,125.789,50.05,94.401,155.643,60.65,34.59,35.86,35.80
2026-05-16T18:24:23+00:00,1778955863.613,99.86,62.958,125.789,50.05,94.409,155.643,60.66,35.18,35.97,35.84
2026-05-16T18:24:28+00:00,1778955868.615,99.87,62.959,125.789,50.05,94.417,155.643,60.66,35.08,35.93,35.83
2026-05-16T18:24:33+00:00,1778955873.616,99.87,62.970,125.789,50.06,94.422,155.643,60.67,35.40,35.99,35.84
2026-05-16T18:24:38+00:00,1778955878.617,99.86,62.976,125.789,50.07,94.428,155.643,60.67,35.13,35.92,35.82
2026-05-16T18:24:43+00:00,1778955883.619,99.87,62.982,125.789,50.07,94.436,155.643,60.68,34.88,35.85,35.80
2026-05-16T18:24:48+00:00,1778955888.620,99.87,62.985,125.789,50.07,94.445,155.643,60.68,34.64,35.79,35.78
2026-05-16T18:24:53+00:00,1778955893.621,99.85,62.989,125.789,50.08,94.452,155.643,60.69,34.51,35.74,35.76
2026-05-16T18:24:58+00:00,1778955898.623,99.86,62.999,125.789,50.08,94.458,155.643,60.69,34.31,35.68,35.74
2026-05-16T18:25:03+00:00,1778955903.624,99.87,63.004,125.789,50.09,94.462,155.643,60.69,34.37,35.67,35.74
2026-05-16T18:25:08+00:00,1778955908.625,99.87,63.046,125.789,50.12,94.467,155.643,60.69,34.18,35.61,35.72
2026-05-16T18:25:13+00:00,1778955913.627,99.87,63.052,125.789,50.13,94.473,155.643,60.70,34.08,35.56,35.70
2026-05-16T18:25:18+00:00,1778955918.628,99.86,63.139,125.789,50.19,94.479,155.643,60.70,34.32,35.59,35.71
2026-05-16T18:25:23+00:00,1778955923.629,99.86,63.138,125.789,50.19,94.488,155.643,60.71,35.25,35.76,35.77
2026-05-16T18:25:28+00:00,1778955928.631,99.87,63.135,125.789,50.19,94.501,155.643,60.72,35.23,35.75,35.76
2026-05-16T18:25:33+00:00,1778955933.632,99.85,63.134,125.789,50.19,94.517,155.643,60.73,34.97,35.69,35.74
2026-05-16T18:25:38+00:00,1778955938.633,99.86,63.130,125.789,50.19,94.535,155.643,60.74,34.81,35.64,35.73
2026-05-16T18:25:43+00:00,1778955943.634,99.88,63.108,125.789,50.17,94.545,155.643,60.75,34.59,35.58,35.71
2026-05-16T18:25:48+00:00,1778955948.636,99.86,63.122,125.789,50.18,94.555,155.643,60.75,34.38,35.52,35.69
2026-05-16T18:25:53+00:00,1778955953.637,99.87,63.109,125.789,50.17,94.564,155.643,60.76,34.27,35.48,35.67
2026-05-16T18:25:58+00:00,1778955958.639,99.85,63.114,125.789,50.17,94.573,155.643,60.76,34.17,35.44,35.66
2026-05-16T18:26:03+00:00,1778955963.640,99.86,63.116,125.789,50.18,94.580,155.643,60.77,33.99,35.38,35.64
2026-05-16T18:26:08+00:00,1778955968.641,99.87,63.122,125.789,50.18,94.584,155.643,60.77,33.83,35.32,35.62
2026-05-16T18:26:13+00:00,1778955973.643,99.86,63.130,125.789,50.19,94.589,155.643,60.77,33.69,35.27,35.60
2026-05-16T18:26:18+00:00,1778955978.644,99.85,63.139,125.789,50.19,94.595,155.643,60.78,33.55,35.21,35.58
2026-05-16T18:26:23+00:00,1778955983.646,99.86,63.147,125.789,50.20,94.601,155.643,60.78,33.51,35.18,35.56
2026-05-16T18:26:28+00:00,1778955988.647,99.87,63.154,125.789,50.21,94.609,155.643,60.79,33.39,35.12,35.54
2026-05-16T18:26:33+00:00,1778955993.648,99.86,63.162,125.789,50.21,94.618,155.643,60.79,33.28,35.07,35.53
2026-05-16T18:26:38+00:00,1778955998.650,99.86,63.167,125.789,50.22,94.625,155.643,60.80,33.41,35.07,35.52
2026-05-16T18:26:43+00:00,1778956003.651,99.87,63.173,125.789,50.22,94.631,155.643,60.80,33.30,35.02,35.50
2026-05-16T18:26:48+00:00,1778956008.652,99.86,63.178,125.789,50.23,94.639,155.643,60.81,33.20,34.97,35.48
2026-05-16T18:26:53+00:00,1778956013.653,99.86,63.285,125.789,50.31,94.647,155.643,60.81,33.18,34.94,35.47
2026-05-16T18:26:58+00:00,1778956018.655,99.87,63.282,125.789,50.31,94.656,155.643,60.82,33.08,34.89,35.45
2026-05-16T18:27:03+00:00,1778956023.656,99.85,63.294,125.789,50.32,94.668,155.643,60.82,33.80,35.00,35.49
2026-05-16T18:27:08+00:00,1778956028.657,99.86,63.298,125.789,50.32,94.685,155.643,60.84,34.30,35.09,35.51
2026-05-16T18:27:13+00:00,1778956033.659,99.86,63.289,125.789,50.31,94.705,155.643,60.85,34.35,35.09,35.51
2026-05-16T18:27:18+00:00,1778956038.660,99.86,63.272,125.789,50.30,94.718,155.643,60.86,34.16,35.04,35.49
2026-05-16T18:27:23+00:00,1778956043.661,99.86,63.258,125.789,50.29,94.728,155.643,60.86,34.15,35.02,35.48
2026-05-16T18:27:28+00:00,1778956048.663,99.86,63.255,125.789,50.29,94.739,155.643,60.87,33.98,34.97,35.46
2026-05-16T18:27:33+00:00,1778956053.664,99.86,63.256,125.789,50.29,94.750,155.643,60.88,34.06,34.97,35.46
2026-05-16T18:27:38+00:00,1778956058.665,99.87,63.260,125.789,50.29,94.759,155.643,60.88,34.86,35.12,35.51
2026-05-16T18:27:43+00:00,1778956063.667,99.84,63.271,125.789,50.30,94.768,155.643,60.89,34.71,35.08,35.49
2026-05-16T18:27:48+00:00,1778956068.668,99.86,63.282,125.789,50.31,94.775,155.643,60.89,35.69,35.28,35.55
2026-05-16T18:27:53+00:00,1778956073.669,99.84,63.286,125.789,50.31,94.784,155.643,60.90,35.64,35.28,35.55
2026-05-16T18:27:58+00:00,1778956078.671,99.86,63.295,125.789,50.32,94.793,155.643,60.90,36.31,35.42,35.60
2026-05-16T18:28:03+00:00,1778956083.672,99.87,63.304,125.789,50.33,94.800,155.643,60.91,36.04,35.38,35.58
2026-05-16T18:28:08+00:00,1778956088.673,99.87,63.305,125.789,50.33,94.808,155.643,60.91,36.52,35.49,35.62
2026-05-16T18:28:13+00:00,1778956093.675,99.86,63.310,125.789,50.33,94.815,155.643,60.92,37.12,35.63,35.66
2026-05-16T18:28:18+00:00,1778956098.676,99.86,63.319,125.789,50.34,94.820,155.643,60.92,37.91,35.82,35.72
2026-05-16T18:28:23+00:00,1778956103.678,99.86,63.336,125.789,50.35,94.826,155.643,60.93,37.52,35.77,35.71
2026-05-16T18:28:28+00:00,1778956108.679,99.86,63.341,125.789,50.36,94.833,155.643,60.93,38.20,35.94,35.76
2026-05-16T18:28:33+00:00,1778956113.680,99.86,63.436,125.789,50.43,94.840,155.643,60.93,38.74,36.10,35.81
2026-05-16T18:28:38+00:00,1778956118.681,99.86,63.434,125.789,50.43,94.851,155.643,60.94,38.28,36.04,35.80
2026-05-16T18:28:43+00:00,1778956123.683,99.87,63.443,125.789,50.44,94.867,155.643,60.95,37.94,36.01,35.79
2026-05-16T18:28:48+00:00,1778956128.684,99.87,63.439,125.789,50.43,94.887,155.643,60.96,37.46,35.94,35.77
2026-05-16T18:28:53+00:00,1778956133.685,99.87,63.416,125.789,50.41,94.901,155.643,60.97,37.83,36.04,35.80
2026-05-16T18:28:58+00:00,1778956138.687,99.86,63.399,125.789,50.40,94.911,155.643,60.98,38.16,36.14,35.84
2026-05-16T18:29:03+00:00,1778956143.688,99.86,63.399,125.789,50.40,94.921,155.643,60.99,37.75,36.09,35.82
2026-05-16T18:29:08+00:00,1778956148.689,99.87,63.403,125.789,50.40,94.931,155.643,60.99,38.17,36.20,35.86
2026-05-16T18:29:13+00:00,1778956153.691,99.87,63.404,125.789,50.41,94.939,155.643,61.00,38.47,36.30,35.89
2026-05-16T18:29:18+00:00,1778956158.692,99.85,63.417,125.789,50.42,94.946,155.643,61.00,37.96,36.23,35.87
2026-05-16T18:29:23+00:00,1778956163.693,99.85,63.429,125.789,50.43,94.952,155.643,61.01,37.56,36.18,35.86
2026-05-16T18:29:28+00:00,1778956168.695,99.87,63.439,125.789,50.43,94.959,155.643,61.01,37.75,36.24,35.88
2026-05-16T18:29:33+00:00,1778956173.696,99.86,63.446,125.789,50.44,94.967,155.643,61.02,38.26,36.37,35.92
2026-05-16T18:29:38+00:00,1778956178.697,99.87,63.458,125.789,50.45,94.975,155.643,61.02,38.15,36.38,35.93
2026-05-16T18:29:43+00:00,1778956183.699,99.86,63.464,125.789,50.45,94.983,155.643,61.03,38.38,36.46,35.95
2026-05-16T18:29:48+00:00,1778956188.700,99.87,63.468,125.789,50.46,94.990,155.643,61.03,37.87,36.38,35.93
2026-05-16T18:29:53+00:00,1778956193.701,99.86,63.477,125.789,50.46,94.996,155.643,61.03,37.40,36.31,35.91
2026-05-16T18:29:58+00:00,1778956198.703,99.86,63.487,125.789,50.47,95.002,155.643,61.04,36.97,36.24,35.89
2026-05-16T18:30:03+00:00,1778956203.704,99.86,63.501,125.789,50.48,95.010,155.643,61.04,36.57,36.17,35.87
2026-05-16T18:30:08+00:00,1778956208.705,99.85,63.602,125.789,50.56,95.019,155.643,61.05,36.28,36.11,35.85
2026-05-16T18:30:13+00:00,1778956213.707,99.85,63.605,125.789,50.56,95.030,155.643,61.06,35.94,36.05,35.83
2026-05-16T18:30:18+00:00,1778956218.708,99.82,63.628,125.789,50.58,95.044,155.643,61.07,36.11,36.08,35.84
2026-05-16T18:30:23+00:00,1778956223.709,99.85,63.626,125.789,50.58,95.063,155.643,61.08,36.26,36.11,35.86
2026-05-16T18:30:28+00:00,1778956228.710,99.87,63.627,125.789,50.58,95.081,155.643,61.09,36.88,36.24,35.90
2026-05-16T18:30:33+00:00,1778956233.712,99.87,63.600,125.789,50.56,95.092,155.643,61.10,36.49,36.17,35.88
2026-05-16T18:30:38+00:00,1778956238.713,99.85,63.601,125.789,50.56,95.101,155.643,61.10,36.21,36.12,35.86
2026-05-16T18:30:43+00:00,1778956243.714,99.86,63.595,125.789,50.56,95.111,155.643,61.11,36.99,36.28,35.92
2026-05-16T18:30:48+00:00,1778956248.716,99.85,63.599,125.789,50.56,95.120,155.643,61.11,37.23,36.34,35.94
2026-05-16T18:30:53+00:00,1778956253.717,99.86,63.608,125.789,50.57,95.129,155.643,61.12,37.62,36.44,35.97
2026-05-16T18:30:58+00:00,1778956258.718,99.84,63.612,125.789,50.57,95.137,155.643,61.13,38.21,36.58,36.02
2026-05-16T18:31:03+00:00,1778956263.720,99.87,63.618,125.789,50.58,95.144,155.643,61.13,37.87,36.54,36.01
2026-05-16T18:31:08+00:00,1778956268.721,99.86,63.622,125.789,50.58,95.152,155.643,61.13,37.32,36.45,35.98
2026-05-16T18:31:13+00:00,1778956273.722,99.85,63.630,125.789,50.58,95.161,155.643,61.14,36.97,36.39,35.97
2026-05-16T18:31:18+00:00,1778956278.724,99.86,63.642,125.789,50.59,95.168,155.643,61.15,37.06,36.42,35.98
2026-05-16T18:31:23+00:00,1778956283.725,99.86,63.646,125.789,50.60,95.175,155.643,61.15,36.73,36.36,35.96
2026-05-16T18:31:28+00:00,1778956288.726,99.87,63.654,125.789,50.60,95.180,155.643,61.15,36.51,36.32,35.95
2026-05-16T18:31:33+00:00,1778956293.728,99.85,63.661,125.789,50.61,95.185,155.643,61.16,36.15,36.25,35.93
2026-05-16T18:31:38+00:00,1778956298.729,99.87,63.664,125.789,50.61,95.192,155.643,61.16,35.82,36.18,35.91
2026-05-16T18:31:43+00:00,1778956303.730,99.86,63.773,125.789,50.70,95.199,155.643,61.17,35.51,36.11,35.89
2026-05-16T18:31:48+00:00,1778956308.732,99.84,63.748,125.789,50.68,95.209,155.643,61.17,36.03,36.20,35.92
2026-05-16T18:31:53+00:00,1778956313.733,99.86,63.762,125.789,50.69,95.222,155.643,61.18,35.79,36.15,35.90
2026-05-16T18:31:58+00:00,1778956318.734,99.85,63.754,125.789,50.68,95.240,155.643,61.19,35.56,36.10,35.89
2026-05-16T18:32:03+00:00,1778956323.736,99.88,63.746,125.789,50.68,95.255,155.643,61.20,35.36,36.05,35.87
2026-05-16T18:32:08+00:00,1778956328.737,99.86,63.741,125.789,50.67,95.266,155.643,61.21,35.25,36.01,35.86
2026-05-16T18:32:13+00:00,1778956333.738,99.86,63.741,125.789,50.67,95.276,155.643,61.21,35.07,35.96,35.85
2026-05-16T18:32:18+00:00,1778956338.740,99.86,63.735,125.789,50.67,95.286,155.643,61.22,34.98,35.93,35.84
2026-05-16T18:32:23+00:00,1778956343.741,99.87,63.742,125.789,50.67,95.296,155.643,61.23,35.71,36.06,35.88
2026-05-16T18:32:28+00:00,1778956348.742,99.87,63.749,125.789,50.68,95.305,155.643,61.23,35.41,36.00,35.86
2026-05-16T18:32:33+00:00,1778956353.744,99.87,63.758,125.789,50.69,95.312,155.643,61.24,35.14,35.93,35.84
2026-05-16T18:32:38+00:00,1778956358.745,99.84,63.771,125.789,50.70,95.320,155.643,61.24,34.96,35.88,35.82
2026-05-16T18:32:43+00:00,1778956363.746,99.86,63.780,125.789,50.70,95.327,155.643,61.25,34.73,35.82,35.80
2026-05-16T18:32:48+00:00,1778956368.748,99.86,63.785,125.789,50.71,95.334,155.643,61.25,34.59,35.77,35.79
2026-05-16T18:32:53+00:00,1778956373.749,99.85,63.798,125.789,50.72,95.342,155.643,61.26,34.38,35.71,35.77
2026-05-16T18:32:58+00:00,1778956378.750,99.86,63.805,125.789,50.72,95.350,155.643,61.26,34.19,35.64,35.75
2026-05-16T18:33:03+00:00,1778956383.752,99.87,63.814,125.789,50.73,95.357,155.643,61.27,34.09,35.60,35.73
2026-05-16T18:33:08+00:00,1778956388.753,99.86,63.821,125.789,50.74,95.363,155.643,61.27,34.81,35.72,35.77
2026-05-16T18:33:13+00:00,1778956393.754,99.87,63.825,125.789,50.74,95.370,155.643,61.28,34.82,35.71,35.77
2026-05-16T18:33:18+00:00,1778956398.755,99.86,63.942,125.789,50.83,95.378,155.643,61.28,35.16,35.77,35.78
2026-05-16T18:33:23+00:00,1778956403.757,99.89,63.945,125.789,50.84,95.387,155.643,61.29,34.98,35.72,35.77
2026-05-16T18:33:28+00:00,1778956408.758,99.83,63.948,125.789,50.84,95.401,155.643,61.29,34.91,35.69,35.76
2026-05-16T18:33:33+00:00,1778956413.759,99.86,63.945,125.789,50.84,95.419,155.643,61.31,34.83,35.66,35.75
2026-05-16T18:33:38+00:00,1778956418.761,99.87,63.926,125.789,50.82,95.436,155.643,61.32,34.61,35.60,35.73
2026-05-16T18:33:43+00:00,1778956423.762,99.88,63.910,125.789,50.81,95.447,155.643,61.32,34.88,35.64,35.74
2026-05-16T18:33:48+00:00,1778956428.763,99.86,63.907,125.789,50.81,95.458,155.643,61.33,34.73,35.60,35.73
2026-05-16T18:33:53+00:00,1778956433.765,99.86,63.913,125.789,50.81,95.468,155.643,61.34,34.75,35.59,35.72
2026-05-16T18:33:58+00:00,1778956438.766,99.85,63.912,125.789,50.81,95.479,155.643,61.34,34.53,35.53,35.70
2026-05-16T18:34:03+00:00,1778956443.767,99.85,63.907,125.789,50.81,95.488,155.643,61.35,34.41,35.49,35.69
2026-05-16T18:34:08+00:00,1778956448.768,99.87,63.907,125.789,50.81,95.496,155.643,61.36,35.10,35.61,35.73
2026-05-16T18:34:13+00:00,1778956453.770,99.88,63.914,125.789,50.81,95.502,155.643,61.36,35.41,35.67,35.74
2026-05-16T18:34:18+00:00,1778956458.771,99.86,63.928,125.789,50.82,95.510,155.643,61.37,35.14,35.61,35.72
2026-05-16T18:34:23+00:00,1778956463.772,99.87,63.942,125.789,50.83,95.518,155.643,61.37,35.60,35.70,35.75
2026-05-16T18:34:28+00:00,1778956468.774,99.85,63.947,125.789,50.84,95.525,155.643,61.37,35.32,35.64,35.73
2026-05-16T18:34:33+00:00,1778956473.775,99.86,63.954,125.789,50.84,95.532,155.643,61.38,35.05,35.57,35.71
2026-05-16T18:34:38+00:00,1778956478.776,99.87,63.961,125.789,50.85,95.537,155.643,61.38,34.89,35.53,35.70
2026-05-16T18:34:43+00:00,1778956483.778,99.87,63.975,125.789,50.86,95.543,155.643,61.39,34.65,35.47,35.68
2026-05-16T18:34:48+00:00,1778956488.779,99.86,63.989,125.789,50.87,95.550,155.643,61.39,34.44,35.41,35.66
2026-05-16T18:34:53+00:00,1778956493.780,99.87,63.991,125.789,50.87,95.557,155.643,61.40,34.25,35.36,35.64
2026-05-16T18:34:58+00:00,1778956498.781,99.86,64.050,125.789,50.92,95.565,155.643,61.40,34.07,35.30,35.62
2026-05-16T18:35:03+00:00,1778956503.783,99.88,64.057,125.789,50.92,95.575,155.643,61.41,33.98,35.26,35.60
2026-05-16T18:35:08+00:00,1778956508.784,99.88,64.062,125.789,50.93,95.590,155.643,61.42,34.30,35.31,35.62
2026-05-16T18:35:13+00:00,1778956513.785,99.87,64.114,125.789,50.97,95.609,155.643,61.43,34.12,35.25,35.60
2026-05-16T18:35:18+00:00,1778956518.787,99.86,64.080,125.789,50.94,95.623,155.643,61.44,33.95,35.20,35.58
2026-05-16T18:35:23+00:00,1778956523.788,99.88,64.073,125.789,50.94,95.632,155.643,61.44,34.35,35.26,35.60
2026-05-16T18:35:28+00:00,1778956528.789,99.86,64.080,125.789,50.94,95.641,155.643,61.45,34.24,35.22,35.58
2026-05-16T18:35:33+00:00,1778956533.791,99.86,64.071,125.789,50.94,95.650,155.643,61.45,34.54,35.27,35.59
2026-05-16T18:35:38+00:00,1778956538.792,99.79,64.085,125.789,50.95,95.659,155.643,61.46,34.34,35.22,35.58
2026-05-16T18:35:43+00:00,1778956543.793,99.87,64.089,125.789,50.95,95.666,155.643,61.46,34.87,35.31,35.60
2026-05-16T18:35:48+00:00,1778956548.795,99.87,64.097,125.789,50.96,95.671,155.643,61.47,34.64,35.26,35.58
2026-05-16T18:35:53+00:00,1778956553.796,99.86,64.113,125.789,50.97,95.678,155.643,61.47,34.43,35.20,35.57
2026-05-16T18:35:58+00:00,1778956558.797,99.85,64.124,125.789,50.98,95.684,155.643,61.48,34.40,35.18,35.56
2026-05-16T18:36:03+00:00,1778956563.799,99.82,64.139,125.789,50.99,95.690,155.643,61.48,34.29,35.15,35.54
2026-05-16T18:36:08+00:00,1778956568.800,99.86,64.146,125.789,50.99,95.696,155.643,61.48,34.18,35.11,35.53
2026-05-16T18:36:13+00:00,1778956573.802,99.83,64.150,125.789,51.00,95.704,155.643,61.49,34.33,35.13,35.53
2026-05-16T18:36:18+00:00,1778956578.803,99.86,64.157,125.789,51.00,95.710,155.643,61.49,34.46,35.14,35.53
2026-05-16T18:36:23+00:00,1778956583.804,99.88,64.159,125.789,51.01,95.715,155.643,61.50,34.27,35.09,35.52
2026-05-16T18:36:28+00:00,1778956588.806,99.88,64.170,125.789,51.01,95.723,155.643,61.50,35.04,35.24,35.56
2026-05-16T18:36:33+00:00,1778956593.807,99.86,64.279,125.789,51.10,95.730,155.643,61.51,35.28,35.28,35.57
2026-05-16T18:36:38+00:00,1778956598.808,99.87,64.258,125.789,51.08,95.739,155.643,61.51,35.26,35.28,35.57
2026-05-16T18:36:43+00:00,1778956603.810,99.85,64.272,125.789,51.09,95.751,155.643,61.52,35.08,35.24,35.56
2026-05-16T18:36:48+00:00,1778956608.811,99.85,64.300,125.789,51.12,95.767,155.643,61.53,35.95,35.42,35.61
2026-05-16T18:36:53+00:00,1778956613.812,99.86,64.304,125.789,51.12,95.787,155.643,61.54,35.72,35.38,35.60
2026-05-16T18:36:58+00:00,1778956618.813,99.86,64.272,125.789,51.10,95.801,155.643,61.55,35.50,35.34,35.58
2026-05-16T18:37:03+00:00,1778956623.815,99.88,64.269,125.789,51.09,95.810,155.643,61.56,35.30,35.30,35.57
2026-05-16T18:37:08+00:00,1778956628.816,99.87,64.280,125.789,51.10,95.819,155.643,61.56,35.03,35.24,35.55
2026-05-16T18:37:13+00:00,1778956633.818,99.87,64.263,125.789,51.09,95.829,155.643,61.57,34.95,35.22,35.54
2026-05-16T18:37:18+00:00,1778956638.820,99.86,64.281,125.789,51.10,95.838,155.643,61.58,34.79,35.19,35.53
2026-05-16T18:37:23+00:00,1778956643.822,99.85,64.291,125.789,51.11,95.847,155.643,61.58,35.45,35.32,35.57
2026-05-16T18:37:28+00:00,1778956648.824,99.86,64.294,125.789,51.11,95.854,155.643,61.59,35.25,35.28,35.56
2026-05-16T18:37:33+00:00,1778956653.825,99.85,64.311,125.789,51.13,95.861,155.643,61.59,35.31,35.29,35.56
2026-05-16T18:37:38+00:00,1778956658.827,99.86,64.316,125.789,51.13,95.869,155.643,61.60,35.13,35.25,35.54
2026-05-16T18:37:43+00:00,1778956663.829,99.85,64.320,125.789,51.13,95.877,155.643,61.60,35.12,35.25,35.54
2026-05-16T18:37:48+00:00,1778956668.831,99.86,64.334,125.789,51.14,95.885,155.643,61.61,35.59,35.34,35.57
2026-05-16T18:37:53+00:00,1778956673.832,99.85,64.349,125.789,51.16,95.893,155.643,61.61,35.38,35.30,35.56
2026-05-16T18:37:58+00:00,1778956678.834,99.85,64.356,125.789,51.16,95.897,155.643,61.61,35.83,35.40,35.59
2026-05-16T18:38:03+00:00,1778956683.836,99.87,64.362,125.789,51.17,95.901,155.643,61.62,35.93,35.43,35.59
2026-05-16T18:38:08+00:00,1778956688.838,99.86,64.371,125.789,51.17,95.907,155.643,61.62,35.61,35.37,35.57
2026-05-16T18:38:13+00:00,1778956693.839,99.86,64.470,125.789,51.25,95.913,155.643,61.62,36.20,35.50,35.61
2026-05-16T18:38:18+00:00,1778956698.841,99.84,64.438,125.789,51.23,95.921,155.643,61.63,35.87,35.44,35.59
2026-05-16T18:38:23+00:00,1778956703.843,99.86,64.424,125.789,51.22,95.934,155.643,61.64,36.04,35.48,35.61
2026-05-16T18:38:28+00:00,1778956708.845,99.86,64.437,125.789,51.23,95.950,155.643,61.65,35.71,35.42,35.59
2026-05-16T18:38:33+00:00,1778956713.846,99.86,64.441,125.789,51.23,95.967,155.643,61.66,36.46,35.58,35.64
2026-05-16T18:38:38+00:00,1778956718.848,99.86,64.434,125.789,51.22,95.978,155.643,61.67,36.10,35.52,35.62
2026-05-16T18:38:43+00:00,1778956723.850,99.86,64.437,125.789,51.23,95.987,155.643,61.67,35.77,35.46,35.60
2026-05-16T18:38:48+00:00,1778956728.851,99.86,64.432,125.789,51.22,95.997,155.643,61.68,36.03,35.52,35.62
2026-05-16T18:38:53+00:00,1778956733.853,99.86,64.433,125.789,51.22,96.006,155.643,61.68,35.71,35.46,35.60
2026-05-16T18:38:58+00:00,1778956738.855,99.82,64.441,125.789,51.23,96.014,155.643,61.69,36.05,35.54,35.62
2026-05-16T18:39:03+00:00,1778956743.856,99.87,64.446,125.789,51.23,96.019,155.643,61.69,35.97,35.53,35.62
2026-05-16T18:39:08+00:00,1778956748.858,99.87,64.455,125.789,51.24,96.025,155.643,61.70,35.81,35.50,35.61
2026-05-16T18:39:13+00:00,1778956753.860,99.86,64.464,125.789,51.25,96.032,155.643,61.70,36.22,35.60,35.64
2026-05-16T18:39:18+00:00,1778956758.861,99.86,64.477,125.789,51.26,96.039,155.643,61.71,36.13,35.58,35.64
2026-05-16T18:39:23+00:00,1778956763.863,99.87,64.485,125.789,51.26,96.047,155.643,61.71,35.80,35.53,35.62
2026-05-16T18:39:28+00:00,1778956768.865,99.87,64.495,125.789,51.27,96.054,155.643,61.71,35.65,35.50,35.61
2026-05-16T18:39:33+00:00,1778956773.867,99.87,64.500,125.789,51.28,96.062,155.643,61.72,36.24,35.62,35.65
2026-05-16T18:39:38+00:00,1778956778.868,99.88,64.509,125.789,51.28,96.068,155.643,61.72,35.98,35.58,35.63
2026-05-16T18:39:43+00:00,1778956783.870,99.87,64.512,125.789,51.29,96.076,155.643,61.73,36.46,35.69,35.67
2026-05-16T18:39:48+00:00,1778956788.872,99.87,64.519,125.789,51.29,96.084,155.643,61.73,36.75,35.76,35.69
2026-05-16T18:39:53+00:00,1778956793.873,99.86,64.614,125.789,51.37,96.092,155.643,61.74,36.77,35.78,35.70
2026-05-16T18:39:58+00:00,1778956798.875,99.85,64.602,125.789,51.36,96.104,155.643,61.75,36.87,35.82,35.71
2026-05-16T18:40:03+00:00,1778956803.877,99.87,64.644,125.789,51.39,96.118,155.643,61.76,36.56,35.77,35.70
2026-05-16T18:40:08+00:00,1778956808.878,99.86,64.657,125.789,51.40,96.137,155.643,61.77,36.27,35.72,35.68
2026-05-16T18:40:13+00:00,1778956813.880,99.87,64.645,125.789,51.39,96.154,155.643,61.78,35.93,35.66,35.66
2026-05-16T18:40:18+00:00,1778956818.882,99.85,64.611,125.789,51.36,96.165,155.643,61.79,36.58,35.80,35.71
2026-05-16T18:40:23+00:00,1778956823.884,99.86,64.612,125.789,51.37,96.175,155.643,61.79,37.09,35.92,35.75
2026-05-16T18:40:28+00:00,1778956828.885,99.85,64.615,125.789,51.37,96.185,155.643,61.80,37.40,36.00,35.77
2026-05-16T18:40:33+00:00,1778956833.887,99.86,64.618,125.789,51.37,96.195,155.643,61.80,37.29,36.00,35.78
2026-05-16T18:40:38+00:00,1778956838.889,99.87,64.626,125.789,51.38,96.204,155.643,61.81,36.87,35.94,35.75
2026-05-16T18:40:43+00:00,1778956843.891,99.87,64.634,125.789,51.38,96.211,155.643,61.82,36.48,35.87,35.73
2026-05-16T18:40:48+00:00,1778956848.892,99.86,64.640,125.789,51.39,96.216,155.643,61.82,37.00,35.99,35.77
2026-05-16T18:40:53+00:00,1778956853.894,99.86,64.648,125.789,51.39,96.224,155.643,61.82,37.00,36.01,35.78
2026-05-16T18:40:58+00:00,1778956858.896,99.87,64.658,125.789,51.40,96.232,155.643,61.83,36.76,35.97,35.77
2026-05-16T18:41:03+00:00,1778956863.897,99.86,64.664,125.789,51.41,96.240,155.643,61.83,36.78,35.99,35.78
2026-05-16T18:41:08+00:00,1778956868.899,99.87,64.672,125.789,51.41,96.246,155.643,61.84,37.12,36.07,35.81
2026-05-16T18:41:13+00:00,1778956873.901,99.86,64.682,125.789,51.42,96.251,155.643,61.84,37.67,36.21,35.85
2026-05-16T18:41:18+00:00,1778956878.903,99.82,64.692,125.789,51.43,96.256,155.643,61.84,37.37,36.17,35.84
2026-05-16T18:41:23+00:00,1778956883.904,99.86,64.693,125.789,51.43,96.263,155.643,61.85,36.94,36.10,35.82
2026-05-16T18:41:28+00:00,1778956888.906,99.86,64.701,125.789,51.44,96.271,155.643,61.85,36.95,36.12,35.83
2026-05-16T18:41:33+00:00,1778956893.908,99.86,64.779,125.789,51.50,96.280,155.643,61.86,37.03,36.15,35.84
2026-05-16T18:41:38+00:00,1778956898.910,99.87,64.753,125.789,51.48,96.291,155.643,61.87,37.27,36.21,35.86
2026-05-16T18:41:43+00:00,1778956903.911,99.86,64.778,125.789,51.50,96.305,155.643,61.88,36.85,36.14,35.84
2026-05-16T18:41:48+00:00,1778956908.913,99.86,64.792,125.789,51.51,96.325,155.643,61.89,36.62,36.11,35.83
2026-05-16T18:41:53+00:00,1778956913.915,99.87,64.773,125.789,51.49,96.340,155.643,61.90,36.65,36.12,35.83
2026-05-16T18:41:58+00:00,1778956918.917,99.85,64.777,125.789,51.50,96.351,155.643,61.91,36.60,36.12,35.84
2026-05-16T18:42:03+00:00,1778956923.918,99.85,64.782,125.789,51.50,96.360,155.643,61.91,36.87,36.18,35.86
2026-05-16T18:42:08+00:00,1778956928.920,99.86,64.774,125.789,51.49,96.370,155.643,61.92,37.52,36.33,35.91
2026-05-16T18:42:13+00:00,1778956933.922,99.86,64.785,125.789,51.50,96.379,155.643,61.92,37.32,36.31,35.90
2026-05-16T18:42:18+00:00,1778956938.924,99.85,64.796,125.789,51.51,96.385,155.643,61.93,36.97,36.25,35.89
2026-05-16T18:42:23+00:00,1778956943.925,99.86,64.802,125.789,51.52,96.389,155.643,61.93,37.38,36.35,35.92
2026-05-16T18:42:28+00:00,1778956948.927,99.85,64.818,125.789,51.53,96.395,155.643,61.93,37.11,36.31,35.91
2026-05-16T18:42:33+00:00,1778956953.929,99.84,64.826,125.789,51.54,96.402,155.643,61.94,36.86,36.27,35.90
2026-05-16T18:42:38+00:00,1778956958.931,99.85,64.837,125.789,51.54,96.410,155.643,61.94,37.19,36.35,35.93
2026-05-16T18:42:43+00:00,1778956963.932,99.86,64.852,125.789,51.56,96.418,155.643,61.95,36.77,36.28,35.90
2026-05-16T18:42:48+00:00,1778956968.934,99.86,64.862,125.789,51.56,96.426,155.643,61.95,36.39,36.20,35.88
2026-05-16T18:42:53+00:00,1778956973.936,99.85,64.870,125.789,51.57,96.433,155.643,61.96,36.84,36.30,35.92
2026-05-16T18:42:58+00:00,1778956978.938,99.86,64.877,125.789,51.58,96.437,155.643,61.96,36.53,36.25,35.90
2026-05-16T18:43:03+00:00,1778956983.940,99.87,64.882,125.789,51.58,96.444,155.643,61.96,36.33,36.21,35.89
2026-05-16T18:43:08+00:00,1778956988.942,99.85,64.988,125.789,51.66,96.452,155.643,61.97,36.06,36.15,35.87
2026-05-16T18:43:13+00:00,1778956993.943,99.87,64.971,125.789,51.65,96.462,155.643,61.98,35.98,36.14,35.87
2026-05-16T18:43:18+00:00,1778956998.945,99.86,65.018,125.789,51.69,96.475,155.643,61.98,35.82,36.10,35.86
2026-05-16T18:43:23+00:00,1778957003.947,99.83,65.033,125.789,51.70,96.490,155.643,61.99,35.51,36.03,35.84
2026-05-16T18:43:28+00:00,1778957008.948,99.84,65.032,125.789,51.70,96.510,155.643,62.01,35.23,35.96,35.82
2026-05-16T18:43:33+00:00,1778957013.950,99.85,65.015,125.789,51.69,96.525,155.643,62.02,35.05,35.91,35.80
2026-05-16T18:43:38+00:00,1778957018.952,99.84,65.013,125.789,51.68,96.535,155.643,62.02,34.89,35.87,35.79
2026-05-16T18:43:43+00:00,1778957023.953,99.85,65.010,125.789,51.68,96.545,155.643,62.03,34.82,35.83,35.78
2026-05-16T18:43:48+00:00,1778957028.955,99.84,65.000,125.789,51.67,96.555,155.643,62.04,34.75,35.80,35.77
2026-05-16T18:43:53+00:00,1778957033.957,99.86,64.998,125.789,51.67,96.564,155.643,62.04,34.53,35.74,35.75
2026-05-16T18:43:58+00:00,1778957038.958,99.86,65.006,125.789,51.68,96.572,155.643,62.05,35.13,35.84,35.78
2026-05-16T18:44:03+00:00,1778957043.960,99.85,65.014,125.789,51.69,96.578,155.643,62.05,34.88,35.78,35.76
2026-05-16T18:44:08+00:00,1778957048.961,99.86,65.015,125.789,51.69,96.585,155.643,62.06,34.89,35.77,35.76
2026-05-16T18:44:13+00:00,1778957053.963,99.86,65.023,125.789,51.69,96.593,155.643,62.06,36.10,36.00,35.83
2026-05-16T18:44:18+00:00,1778957058.964,99.85,65.034,125.789,51.70,96.601,155.643,62.07,35.85,35.95,35.82
2026-05-16T18:44:23+00:00,1778957063.966,99.85,65.052,125.789,51.72,96.609,155.643,62.07,35.86,35.95,35.82
2026-05-16T18:44:28+00:00,1778957068.967,99.86,65.061,125.789,51.72,96.615,155.643,62.08,35.55,35.89,35.80
2026-05-16T18:44:33+00:00,1778957073.968,99.84,65.068,125.789,51.73,96.620,155.643,62.08,35.43,35.86,35.79
2026-05-16T18:44:38+00:00,1778957078.970,99.86,65.068,125.789,51.73,96.625,155.643,62.08,35.23,35.81,35.77
2026-05-16T18:44:43+00:00,1778957083.971,99.86,65.068,125.789,51.73,96.633,155.643,62.09,35.37,35.83,35.78
2026-05-16T18:44:48+00:00,1778957088.973,99.84,65.135,125.789,51.78,96.640,155.643,62.09,35.43,35.83,35.78
2026-05-16T18:44:53+00:00,1778957093.974,99.87,65.115,125.789,51.77,96.652,155.643,62.10,35.15,35.77,35.76
2026-05-16T18:44:58+00:00,1778957098.975,99.87,65.139,125.789,51.78,96.666,155.643,62.11,35.22,35.77,35.76
2026-05-16T18:45:03+00:00,1778957103.977,99.85,65.149,125.789,51.79,96.683,155.643,62.12,35.20,35.76,35.76
2026-05-16T18:45:08+00:00,1778957108.978,99.86,65.141,125.789,51.79,96.697,155.643,62.13,35.91,35.90,35.80
2026-05-16T18:45:13+00:00,1778957113.980,99.78,65.137,125.789,51.78,96.707,155.643,62.13,35.51,35.81,35.78
2026-05-16T18:45:18+00:00,1778957118.981,99.87,65.135,125.789,51.78,96.717,155.643,62.14,35.23,35.75,35.76
2026-05-16T18:45:23+00:00,1778957123.982,99.87,65.134,125.789,51.78,96.726,155.643,62.15,35.53,35.80,35.77
2026-05-16T18:45:28+00:00,1778957128.984,99.84,65.142,125.789,51.79,96.735,155.643,62.15,36.13,35.92,35.81
2026-05-16T18:45:33+00:00,1778957133.985,99.87,65.161,125.789,51.80,96.741,155.643,62.16,35.96,35.89,35.80
2026-05-16T18:45:38+00:00,1778957138.987,99.87,65.166,125.789,51.81,96.747,155.643,62.16,35.64,35.83,35.78
2026-05-16T18:45:43+00:00,1778957143.988,99.86,65.170,125.789,51.81,96.753,155.643,62.16,35.35,35.76,35.76
2026-05-16T18:45:48+00:00,1778957148.990,99.86,65.184,125.789,51.82,96.759,155.643,62.17,35.16,35.72,35.75
2026-05-16T18:45:53+00:00,1778957153.991,99.86,65.192,125.789,51.83,96.766,155.643,62.17,34.99,35.67,35.73
2026-05-16T18:45:58+00:00,1778957158.993,99.86,65.194,125.789,51.83,96.774,155.643,62.18,35.79,35.83,35.78
2026-05-16T18:46:03+00:00,1778957163.994,99.86,65.205,125.789,51.84,96.781,155.643,62.18,36.29,35.93,35.81
2026-05-16T18:46:08+00:00,1778957168.996,99.86,65.210,125.789,51.84,96.789,155.643,62.19,35.95,35.86,35.79
2026-05-16T18:46:13+00:00,1778957173.997,99.86,65.218,125.789,51.85,96.794,155.643,62.19,35.63,35.80,35.77
2026-05-16T18:46:18+00:00,1778957178.999,99.86,65.227,125.789,51.85,96.802,155.643,62.20,35.42,35.75,35.76
2026-05-16T18:46:24+00:00,1778957184.000,99.90,65.182,125.789,51.82,96.808,155.643,62.20,35.30,35.72,35.75
2026-05-16T18:46:29+00:00,1778957189.002,99.85,65.208,125.789,51.84,96.817,155.643,62.20,35.20,35.69,35.74
2026-05-16T18:46:34+00:00,1778957194.003,99.84,65.260,125.789,51.88,96.831,155.643,62.21,35.42,35.73,35.75
2026-05-16T18:46:39+00:00,1778957199.005,99.84,65.279,125.789,51.90,96.849,155.643,62.23,35.23,35.69,35.74
2026-05-16T18:46:44+00:00,1778957204.006,99.87,65.286,125.789,51.90,96.868,155.643,62.24,35.61,35.76,35.76
2026-05-16T18:46:49+00:00,1778957209.007,99.86,65.274,125.789,51.89,96.881,155.643,62.25,35.48,35.73,35.75
2026-05-16T18:46:54+00:00,1778957214.009,99.86,65.263,125.789,51.88,96.892,155.643,62.25,35.28,35.68,35.73
2026-05-16T18:46:59+00:00,1778957219.010,99.84,65.269,125.789,51.89,96.902,155.643,62.26,35.98,35.82,35.78
2026-05-16T18:47:04+00:00,1778957224.012,99.87,65.268,125.789,51.89,96.912,155.643,62.27,36.14,35.86,35.79
2026-05-16T18:47:09+00:00,1778957229.013,99.86,65.276,125.789,51.89,96.920,155.643,62.27,36.53,35.95,35.82
2026-05-16T18:47:14+00:00,1778957234.015,99.85,65.280,125.789,51.90,96.928,155.643,62.28,37.13,36.08,35.86
2026-05-16T18:47:19+00:00,1778957239.016,99.86,65.288,125.789,51.90,96.933,155.643,62.28,37.20,36.11,35.87
2026-05-16T18:47:24+00:00,1778957244.017,99.87,65.296,125.789,51.91,96.940,155.643,62.28,37.27,36.14,35.89
2026-05-16T18:47:29+00:00,1778957249.019,99.86,65.324,125.789,51.93,96.949,155.643,62.29,36.84,36.07,35.87
2026-05-16T18:47:34+00:00,1778957254.020,99.86,65.327,125.789,51.93,96.957,155.643,62.29,37.58,36.24,35.92
2026-05-16T18:47:39+00:00,1778957259.022,99.86,65.329,125.789,51.94,96.965,155.643,62.30,37.77,36.30,35.94
2026-05-16T18:47:44+00:00,1778957264.023,99.84,65.336,125.789,51.94,96.971,155.643,62.30,37.31,36.23,35.92
2026-05-16T18:47:49+00:00,1778957269.025,99.86,65.344,125.789,51.95,96.976,155.643,62.31,37.12,36.21,35.92
2026-05-16T18:47:54+00:00,1778957274.026,99.87,65.354,125.789,51.96,96.983,155.643,62.31,37.03,36.21,35.92
2026-05-16T18:47:59+00:00,1778957279.027,99.85,65.371,125.789,51.97,96.990,155.643,62.32,37.67,36.35,35.96
2026-05-16T18:48:04+00:00,1778957284.029,99.84,65.428,125.789,52.01,96.999,155.643,62.32,37.30,36.30,35.95
2026-05-16T18:48:09+00:00,1778957289.030,99.87,65.432,125.789,52.02,97.011,155.643,62.33,37.03,36.26,35.94
2026-05-16T18:48:14+00:00,1778957294.032,99.87,65.450,125.789,52.03,97.027,155.643,62.34,36.71,36.20,35.92
2026-05-16T18:48:19+00:00,1778957299.033,99.86,65.450,125.789,52.03,97.048,155.643,62.35,36.81,36.23,35.93
2026-05-16T18:48:24+00:00,1778957304.035,99.87,65.439,125.789,52.02,97.061,155.643,62.36,36.51,36.18,35.92
2026-05-16T18:48:29+00:00,1778957309.036,99.86,65.430,125.789,52.02,97.071,155.643,62.37,36.55,36.19,35.92
2026-05-16T18:48:34+00:00,1778957314.038,99.86,65.435,125.789,52.02,97.081,155.643,62.37,36.98,36.29,35.96
2026-05-16T18:48:39+00:00,1778957319.039,99.86,65.425,125.789,52.01,97.091,155.643,62.38,36.82,36.27,35.95
2026-05-16T18:48:44+00:00,1778957324.041,99.86,65.429,125.789,52.01,97.099,155.643,62.39,36.44,36.20,35.93
2026-05-16T18:48:49+00:00,1778957329.042,99.85,65.432,125.789,52.02,97.106,155.643,62.39,36.08,36.13,35.91
2026-05-16T18:48:54+00:00,1778957334.043,99.87,65.439,125.789,52.02,97.112,155.643,62.39,35.76,36.06,35.89
2026-05-16T18:48:59+00:00,1778957339.045,99.84,65.461,125.789,52.04,97.118,155.643,62.40,35.45,35.99,35.87
2026-05-16T18:49:04+00:00,1778957344.046,99.86,65.470,125.789,52.05,97.125,155.643,62.40,35.82,36.06,35.89
2026-05-16T18:49:09+00:00,1778957349.048,99.85,65.475,125.789,52.05,97.132,155.643,62.41,36.55,36.21,35.94
2026-05-16T18:49:14+00:00,1778957354.049,99.84,65.486,125.789,52.06,97.140,155.643,62.41,36.27,36.15,35.92
2026-05-16T18:49:19+00:00,1778957359.050,99.85,65.489,125.789,52.06,97.149,155.643,62.42,36.33,36.17,35.93
2026-05-16T18:49:24+00:00,1778957364.052,99.86,65.496,125.789,52.07,97.156,155.643,62.42,35.98,36.10,35.91
2026-05-16T18:49:29+00:00,1778957369.053,99.87,65.502,125.789,52.07,97.161,155.643,62.43,35.66,36.03,35.88
2026-05-16T18:49:34+00:00,1778957374.055,99.84,65.510,125.789,52.08,97.169,155.643,62.43,35.53,36.00,35.87
2026-05-16T18:49:39+00:00,1778957379.056,99.74,65.580,125.789,52.14,97.176,155.643,62.44,35.41,35.96,35.86
2026-05-16T18:49:44+00:00,1778957384.058,99.87,65.582,125.789,52.14,97.187,155.643,62.44,35.77,36.03,35.89
2026-05-16T18:49:49+00:00,1778957389.059,99.83,65.610,125.789,52.16,97.200,155.643,62.45,35.47,35.96,35.87
2026-05-16T18:49:54+00:00,1778957394.060,99.86,65.612,125.789,52.16,97.218,155.643,62.46,36.08,36.08,35.90
2026-05-16T18:49:59+00:00,1778957399.062,99.87,65.610,125.789,52.16,97.235,155.643,62.47,36.31,36.13,35.92
2026-05-16T18:50:04+00:00,1778957404.063,99.87,65.599,125.789,52.15,97.246,155.643,62.48,36.12,36.09,35.91
2026-05-16T18:50:09+00:00,1778957409.065,99.86,65.597,125.789,52.15,97.256,155.643,62.49,35.87,36.04,35.89
2026-05-16T18:50:14+00:00,1778957414.066,99.86,65.583,125.789,52.14,97.266,155.643,62.49,36.36,36.14,35.93
2026-05-16T18:50:19+00:00,1778957419.067,99.86,65.587,125.789,52.14,97.275,155.643,62.50,36.02,36.07,35.91
2026-05-16T18:50:24+00:00,1778957424.069,99.87,65.590,125.789,52.14,97.284,155.643,62.50,36.57,36.19,35.94
2026-05-16T18:50:29+00:00,1778957429.070,99.86,65.598,125.789,52.15,97.292,155.643,62.51,36.29,36.13,35.93
2026-05-16T18:50:34+00:00,1778957434.072,99.86,65.602,125.789,52.15,97.298,155.643,62.51,36.02,36.08,35.91
2026-05-16T18:50:39+00:00,1778957439.073,99.86,65.611,125.789,52.16,97.306,155.643,62.52,35.70,36.01,35.89
2026-05-16T18:50:44+00:00,1778957444.075,99.86,65.619,125.789,52.17,97.314,155.643,62.52,35.40,35.95,35.87
2026-05-16T18:50:49+00:00,1778957449.076,99.87,65.621,125.789,52.17,97.321,155.643,62.53,34.97,35.85,35.84
2026-05-16T18:50:54+00:00,1778957454.077,99.86,65.627,125.789,52.17,97.329,155.643,62.53,34.89,35.82,35.83
2026-05-16T18:50:59+00:00,1778957459.079,99.86,65.635,125.789,52.18,97.336,155.643,62.54,34.74,35.77,35.81
2026-05-16T18:51:04+00:00,1778957464.080,99.87,65.645,125.789,52.19,97.342,155.643,62.54,34.60,35.72,35.80
2026-05-16T18:51:09+00:00,1778957469.082,99.87,65.657,125.789,52.20,97.346,155.643,62.54,34.63,35.71,35.79
2026-05-16T18:51:14+00:00,1778957474.083,99.86,65.664,125.789,52.20,97.352,155.643,62.55,34.50,35.67,35.78
2026-05-16T18:51:19+00:00,1778957479.084,99.85,65.717,125.789,52.24,97.359,155.643,62.55,34.86,35.72,35.79
2026-05-16T18:51:24+00:00,1778957484.086,99.85,65.726,125.789,52.25,97.370,155.643,62.56,34.63,35.66,35.77
2026-05-16T18:51:29+00:00,1778957489.087,99.87,65.746,125.789,52.27,97.384,155.643,62.57,34.50,35.61,35.76
2026-05-16T18:51:34+00:00,1778957494.089,99.88,65.752,125.789,52.27,97.400,155.643,62.58,34.78,35.65,35.77
2026-05-16T18:51:39+00:00,1778957499.090,99.87,65.745,125.789,52.27,97.416,155.643,62.59,35.28,35.74,35.80
2026-05-16T18:51:44+00:00,1778957504.091,99.87,65.726,125.789,52.25,97.427,155.643,62.60,35.10,35.70,35.78
2026-05-16T18:51:49+00:00,1778957509.093,99.86,65.736,125.789,52.26,97.436,155.643,62.60,35.33,35.74,35.80
2026-05-16T18:51:54+00:00,1778957514.094,99.86,65.743,125.789,52.27,97.445,155.643,62.61,35.14,35.69,35.78
2026-05-16T18:51:59+00:00,1778957519.096,99.86,65.746,125.789,52.27,97.454,155.643,62.61,34.97,35.65,35.77
2026-05-16T18:52:04+00:00,1778957524.097,99.86,65.752,125.789,52.27,97.460,155.643,62.62,36.02,35.85,35.83
2026-05-16T18:52:09+00:00,1778957529.098,99.84,65.756,125.789,52.28,97.465,155.643,62.62,35.85,35.82,35.82
2026-05-16T18:52:14+00:00,1778957534.100,99.86,65.768,125.789,52.28,97.471,155.643,62.62,35.62,35.77,35.81
2026-05-16T18:52:19+00:00,1778957539.101,99.86,65.781,125.789,52.29,97.477,155.643,62.63,35.41,35.73,35.79
2026-05-16T18:52:24+00:00,1778957544.103,99.86,65.791,125.789,52.30,97.483,155.643,62.63,35.86,35.81,35.82
2026-05-16T18:52:29+00:00,1778957549.104,99.86,65.794,125.789,52.31,97.490,155.643,62.64,35.55,35.75,35.80
2026-05-16T18:52:34+00:00,1778957554.105,99.84,65.805,125.789,52.31,97.499,155.643,62.64,35.35,35.71,35.78
2026-05-16T18:52:39+00:00,1778957559.107,99.86,65.819,125.789,52.33,97.506,155.643,62.65,35.64,35.76,35.80
2026-05-16T18:52:44+00:00,1778957564.108,99.87,65.825,125.789,52.33,97.513,155.643,62.65,35.43,35.71,35.79
2026-05-16T18:52:49+00:00,1778957569.109,99.87,65.831,125.789,52.33,97.521,155.643,62.66,35.39,35.70,35.78
2026-05-16T18:52:54+00:00,1778957574.111,99.87,65.892,125.789,52.38,97.529,155.643,62.66,35.12,35.64,35.76
2026-05-16T18:52:59+00:00,1778957579.112,99.86,65.905,125.789,52.39,97.538,155.643,62.67,35.03,35.61,35.75
2026-05-16T18:53:04+00:00,1778957584.114,99.85,65.924,125.789,52.41,97.550,155.643,62.68,34.87,35.57,35.74
2026-05-16T18:53:09+00:00,1778957589.115,99.86,65.933,125.789,52.42,97.566,155.643,62.69,34.64,35.51,35.72
2026-05-16T18:53:14+00:00,1778957594.116,99.85,65.934,125.789,52.42,97.585,155.643,62.70,34.67,35.50,35.71
2026-05-16T18:53:19+00:00,1778957599.118,99.83,65.917,125.789,52.40,97.599,155.643,62.71,34.45,35.44,35.69
2026-05-16T18:53:24+00:00,1778957604.119,99.87,65.905,125.789,52.39,97.610,155.643,62.71,34.58,35.45,35.69
2026-05-16T18:53:29+00:00,1778957609.120,99.88,65.908,125.789,52.40,97.620,155.643,62.72,34.37,35.39,35.67
2026-05-16T18:53:34+00:00,1778957614.122,99.87,65.910,125.789,52.40,97.629,155.643,62.73,35.30,35.57,35.73
2026-05-16T18:53:39+00:00,1778957619.123,99.87,65.916,125.789,52.40,97.639,155.643,62.73,35.12,35.53,35.71
2026-05-16T18:53:44+00:00,1778957624.125,99.86,65.924,125.789,52.41,97.648,155.643,62.74,34.87,35.47,35.69
2026-05-16T18:53:49+00:00,1778957629.126,99.87,65.938,125.789,52.42,97.654,155.643,62.74,34.80,35.45,35.68
2026-05-16T18:53:54+00:00,1778957634.128,99.86,65.944,125.789,52.42,97.660,155.643,62.75,35.62,35.60,35.74
2026-05-16T18:53:59+00:00,1778957639.129,99.86,65.951,125.789,52.43,97.669,155.643,62.75,35.41,35.56,35.72
2026-05-16T18:54:04+00:00,1778957644.131,99.86,65.959,125.789,52.44,97.677,155.643,62.76,35.13,35.50,35.70
2026-05-16T18:54:09+00:00,1778957649.132,99.86,65.967,125.789,52.44,97.684,155.643,62.76,36.00,35.68,35.76
2026-05-16T18:54:14+00:00,1778957654.133,99.87,65.972,125.789,52.45,97.690,155.643,62.77,35.92,35.66,35.75
2026-05-16T18:54:19+00:00,1778957659.135,99.86,65.978,125.789,52.45,97.694,155.643,62.77,35.93,35.67,35.75
2026-05-16T18:54:24+00:00,1778957664.136,99.84,65.994,125.789,52.46,97.700,155.643,62.77,35.61,35.61,35.73
2026-05-16T18:54:29+00:00,1778957669.137,99.84,66.002,125.789,52.47,97.708,155.643,62.78,35.49,35.58,35.72
2026-05-16T18:54:34+00:00,1778957674.139,99.86,66.073,125.789,52.53,97.715,155.643,62.78,35.37,35.56,35.71
2026-05-16T18:54:39+00:00,1778957679.140,99.82,66.075,125.789,52.53,97.724,155.643,62.79,35.50,35.58,35.72
2026-05-16T18:54:44+00:00,1778957684.142,99.87,66.083,125.789,52.54,97.738,155.643,62.80,35.30,35.54,35.71
2026-05-16T18:54:49+00:00,1778957689.143,99.88,66.083,125.789,52.53,97.755,155.643,62.81,35.11,35.49,35.69
2026-05-16T18:54:54+00:00,1778957694.144,99.86,66.078,125.789,52.53,97.773,155.643,62.82,34.86,35.44,35.67
2026-05-16T18:54:59+00:00,1778957699.146,99.86,66.069,125.789,52.52,97.784,155.643,62.83,35.52,35.56,35.71
2026-05-16T18:55:04+00:00,1778957704.147,99.88,66.072,125.789,52.53,97.795,155.643,62.83,35.31,35.52,35.70
2026-05-16T18:55:09+00:00,1778957709.149,99.87,66.073,125.789,52.53,97.804,155.643,62.84,35.61,35.58,35.71
2026-05-16T18:55:14+00:00,1778957714.150,99.86,66.070,125.789,52.52,97.813,155.643,62.84,35.32,35.52,35.69
2026-05-16T18:55:19+00:00,1778957719.152,99.86,66.075,125.789,52.53,97.821,155.643,62.85,35.45,35.54,35.70
2026-05-16T18:55:24+00:00,1778957724.153,99.87,66.114,125.789,52.56,97.827,155.643,62.85,35.98,35.65,35.74
2026-05-16T18:55:29+00:00,1778957729.155,99.86,66.112,125.789,52.56,97.833,155.643,62.86,35.82,35.62,35.73
2026-05-16T18:55:34+00:00,1778957734.156,99.84,66.118,125.789,52.56,97.839,155.643,62.86,35.59,35.58,35.71
2026-05-16T18:55:39+00:00,1778957739.157,99.86,66.128,125.789,52.57,97.847,155.643,62.87,35.55,35.57,35.71
2026-05-16T18:55:44+00:00,1778957744.159,99.85,66.133,125.789,52.57,97.855,155.643,62.87,35.42,35.54,35.70
2026-05-16T18:55:49+00:00,1778957749.160,99.86,66.137,125.789,52.58,97.863,155.643,62.88,35.23,35.50,35.68
2026-05-16T18:55:54+00:00,1778957754.161,99.86,66.144,125.789,52.58,97.871,155.643,62.88,34.97,35.44,35.66
2026-05-16T18:55:59+00:00,1778957759.163,99.85,66.152,125.789,52.59,97.878,155.643,62.89,34.73,35.38,35.64
2026-05-16T18:56:04+00:00,1778957764.164,99.86,66.158,125.789,52.59,97.883,155.643,62.89,34.59,35.34,35.63
2026-05-16T18:56:09+00:00,1778957769.166,99.86,66.165,125.789,52.60,97.892,155.643,62.90,35.91,35.60,35.71
2026-05-16T18:56:14+00:00,1778957774.167,99.87,66.155,125.789,52.59,97.900,155.643,62.90,36.31,35.69,35.74
2026-05-16T18:56:19+00:00,1778957779.169,99.85,66.199,125.789,52.63,97.912,155.643,62.91,36.05,35.65,35.73
2026-05-16T18:56:24+00:00,1778957784.170,99.85,66.234,125.789,52.65,97.926,155.643,62.92,36.69,35.79,35.77
2026-05-16T18:56:29+00:00,1778957789.171,99.84,66.246,125.789,52.66,97.945,155.643,62.93,36.31,35.72,35.75
2026-05-16T18:56:34+00:00,1778957794.173,99.85,66.243,125.789,52.66,97.962,155.643,62.94,36.37,35.75,35.76
2026-05-16T18:56:39+00:00,1778957799.174,99.87,66.227,125.789,52.65,97.973,155.643,62.95,36.10,35.70,35.74
2026-05-16T18:56:44+00:00,1778957804.175,99.87,66.229,125.789,52.65,97.982,155.643,62.95,36.49,35.79,35.77
2026-05-16T18:56:49+00:00,1778957809.177,99.86,66.223,125.789,52.65,97.993,155.643,62.96,36.29,35.76,35.76
2026-05-16T18:56:54+00:00,1778957814.178,99.86,66.229,125.789,52.65,98.002,155.643,62.97,36.11,35.73,35.75
2026-05-16T18:56:59+00:00,1778957819.179,99.86,66.229,125.789,52.65,98.010,155.643,62.97,36.50,35.82,35.78
2026-05-16T18:57:04+00:00,1778957824.181,99.90,66.236,125.789,52.66,98.016,155.643,62.98,36.14,35.75,35.76
2026-05-16T18:57:09+00:00,1778957829.182,99.86,66.244,125.789,52.66,98.024,155.643,62.98,35.81,35.69,35.74
2026-05-16T18:57:14+00:00,1778957834.184,99.87,66.251,125.789,52.67,98.031,155.643,62.99,35.50,35.63,35.72
2026-05-16T18:57:19+00:00,1778957839.185,99.82,66.255,125.789,52.67,98.039,155.643,62.99,35.38,35.60,35.71
2026-05-16T18:57:24+00:00,1778957844.186,99.87,66.263,125.789,52.68,98.047,155.643,63.00,35.19,35.56,35.69
2026-05-16T18:57:29+00:00,1778957849.188,99.86,66.278,125.789,52.69,98.054,155.643,63.00,35.65,35.65,35.72
2026-05-16T18:57:34+00:00,1778957854.189,99.87,66.285,125.789,52.70,98.060,155.643,63.00,35.52,35.62,35.71
2026-05-16T18:57:39+00:00,1778957859.191,99.87,66.298,125.789,52.71,98.066,155.643,63.01,36.04,35.73,35.75
2026-05-16T18:57:44+00:00,1778957864.192,99.86,66.308,125.789,52.71,98.073,155.643,63.01,35.80,35.68,35.73
2026-05-16T18:57:49+00:00,1778957869.194,99.86,66.299,125.789,52.71,98.081,155.643,63.02,35.73,35.67,35.73
2026-05-16T18:57:54+00:00,1778957874.195,99.87,66.331,125.789,52.73,98.088,155.643,63.02,36.56,35.84,35.78
2026-05-16T18:57:59+00:00,1778957879.196,99.87,66.352,125.789,52.75,98.100,155.643,63.03,36.19,35.78,35.76
2026-05-16T18:58:04+00:00,1778957884.198,99.87,66.358,125.789,52.75,98.113,155.643,63.04,35.93,35.73,35.75
2026-05-16T18:58:09+00:00,1778957889.199,99.86,66.381,125.789,52.77,98.132,155.643,63.05,36.50,35.85,35.79
2026-05-16T18:58:14+00:00,1778957894.200,99.87,66.368,125.789,52.76,98.145,155.643,63.06,36.22,35.81,35.77
2026-05-16T18:58:19+00:00,1778957899.202,99.87,66.360,125.789,52.76,98.155,155.643,63.06,36.60,35.89,35.80
2026-05-16T18:58:24+00:00,1778957904.203,99.83,66.363,125.789,52.76,98.165,155.643,63.07,36.47,35.88,35.79
2026-05-16T18:58:29+00:00,1778957909.205,99.88,66.364,125.789,52.76,98.175,155.643,63.08,36.20,35.83,35.78
2026-05-16T18:58:34+00:00,1778957914.206,99.86,66.374,125.789,52.77,98.184,155.643,63.08,36.18,35.83,35.78
2026-05-16T18:58:39+00:00,1778957919.207,99.87,66.385,125.789,52.78,98.190,155.643,63.09,35.84,35.77,35.76
2026-05-16T18:58:44+00:00,1778957924.209,99.86,66.388,125.789,52.78,98.196,155.643,63.09,36.18,35.84,35.78
2026-05-16T18:58:49+00:00,1778957929.210,99.84,66.397,125.789,52.78,98.203,155.643,63.10,35.84,35.77,35.76
2026-05-16T18:58:54+00:00,1778957934.211,99.84,66.417,125.789,52.80,98.210,155.643,63.10,35.94,35.79,35.77
2026-05-16T18:58:59+00:00,1778957939.213,99.86,66.418,125.789,52.80,98.217,155.643,63.10,36.66,35.95,35.82
2026-05-16T18:59:04+00:00,1778957944.214,99.87,66.426,125.789,52.81,98.225,155.643,63.11,36.37,35.90,35.80
2026-05-16T18:59:09+00:00,1778957949.215,99.86,66.436,125.789,52.82,98.233,155.643,63.11,36.10,35.85,35.79
2026-05-16T18:59:14+00:00,1778957954.217,99.87,66.453,125.789,52.83,98.240,155.643,63.12,35.69,35.77,35.76
2026-05-16T18:59:19+00:00,1778957959.218,99.86,66.469,125.789,52.84,98.248,155.643,63.12,36.27,35.89,35.80
2026-05-16T18:59:24+00:00,1778957964.220,99.88,66.464,125.789,52.84,98.257,155.643,63.13,36.89,36.02,35.85
2026-05-16T18:59:29+00:00,1778957969.221,99.84,66.509,125.789,52.87,98.267,155.643,63.14,36.58,35.97,35.83
2026-05-16T18:59:34+00:00,1778957974.222,99.86,66.557,125.789,52.91,98.281,155.643,63.15,36.70,36.01,35.84
2026-05-16T18:59:39+00:00,1778957979.224,99.84,66.571,125.789,52.92,98.299,155.643,63.16,36.32,35.94,35.82
2026-05-16T18:59:44+00:00,1778957984.225,99.86,66.570,125.789,52.92,98.319,155.643,63.17,36.05,35.89,35.81
2026-05-16T18:59:49+00:00,1778957989.226,99.87,66.555,125.789,52.91,98.333,155.643,63.18,35.81,35.84,35.79
2026-05-16T18:59:54+00:00,1778957994.228,99.86,66.550,125.789,52.91,98.344,155.643,63.19,35.50,35.78,35.77
2026-05-16T18:59:59+00:00,1778957999.230,99.86,66.549,125.789,52.91,98.354,155.643,63.19,35.30,35.73,35.76
2026-05-16T19:00:04+00:00,1778958004.231,99.87,66.557,125.789,52.91,98.363,155.643,63.20,35.28,35.72,35.75
2026-05-16T19:00:09+00:00,1778958009.232,99.86,66.559,125.789,52.91,98.373,155.643,63.20,35.10,35.68,35.74
2026-05-16T19:00:14+00:00,1778958014.234,99.85,66.568,125.789,52.92,98.381,155.643,63.21,34.93,35.63,35.72
2026-05-16T19:00:19+00:00,1778958019.235,99.85,66.584,125.789,52.93,98.387,155.643,63.21,34.45,35.52,35.68
2026-05-16T19:00:24+00:00,1778958024.236,99.85,66.599,125.789,52.95,98.396,155.643,63.22,34.26,35.46,35.66
2026-05-16T19:00:29+00:00,1778958029.238,99.86,66.610,125.789,52.95,98.403,155.643,63.22,34.32,35.45,35.66
2026-05-16T19:00:34+00:00,1778958034.239,99.86,66.613,125.789,52.96,98.412,155.643,63.23,34.69,35.51,35.68
2026-05-16T19:00:39+00:00,1778958039.241,99.86,66.618,125.789,52.96,98.418,155.643,63.23,34.47,35.45,35.66
2026-05-16T19:00:44+00:00,1778958044.242,99.85,66.631,125.789,52.97,98.423,155.643,63.24,34.36,35.41,35.64
2026-05-16T19:00:49+00:00,1778958049.244,99.86,66.634,125.789,52.97,98.429,155.643,63.24,34.17,35.36,35.62
2026-05-16T19:00:54+00:00,1778958054.245,99.87,66.640,125.789,52.98,98.436,155.643,63.25,34.07,35.32,35.61
2026-05-16T19:00:59+00:00,1778958059.247,99.86,66.648,125.789,52.98,98.446,155.643,63.25,33.91,35.26,35.59
2026-05-16T19:01:04+00:00,1778958064.248,99.88,66.667,125.789,53.00,98.457,155.643,63.26,33.67,35.19,35.57
2026-05-16T19:01:09+00:00,1778958069.250,99.87,66.682,125.789,53.01,98.476,155.643,63.27,33.54,35.14,35.55
2026-05-16T19:01:14+00:00,1778958074.251,99.87,66.698,125.789,53.02,98.496,155.643,63.28,33.42,35.09,35.53
2026-05-16T19:01:19+00:00,1778958079.252,99.87,66.687,125.789,53.02,98.509,155.643,63.29,33.62,35.10,35.53
2026-05-16T19:01:24+00:00,1778958084.254,99.87,66.698,125.789,53.02,98.519,155.643,63.30,34.45,35.25,35.58
2026-05-16T19:01:29+00:00,1778958089.255,99.86,66.703,125.789,53.03,98.529,155.643,63.30,34.26,35.20,35.56
2026-05-16T19:01:34+00:00,1778958094.256,99.87,66.695,125.789,53.02,98.539,155.643,63.31,34.16,35.16,35.54
2026-05-16T19:01:39+00:00,1778958099.258,99.87,66.704,125.789,53.03,98.547,155.643,63.32,34.39,35.19,35.55
2026-05-16T19:01:44+00:00,1778958104.259,99.87,66.705,125.789,53.03,98.553,155.643,63.32,34.43,35.19,35.55
2026-05-16T19:01:49+00:00,1778958109.261,99.86,66.712,125.789,53.04,98.560,155.643,63.32,34.24,35.13,35.53
2026-05-16T19:01:54+00:00,1778958114.262,99.86,66.719,125.789,53.04,98.566,155.643,63.33,34.22,35.11,35.52
2026-05-16T19:01:59+00:00,1778958119.263,99.86,66.729,125.789,53.05,98.574,155.643,63.33,34.12,35.08,35.50
2026-05-16T19:02:04+00:00,1778958124.265,99.87,66.735,125.789,53.05,98.582,155.643,63.34,34.91,35.23,35.55
2026-05-16T19:02:09+00:00,1778958129.266,99.87,66.746,125.789,53.06,98.591,155.643,63.34,34.76,35.19,35.54
2026-05-16T19:02:14+00:00,1778958134.268,99.86,66.758,125.789,53.07,98.599,155.643,63.35,35.58,35.35,35.59
2026-05-16T19:02:19+00:00,1778958139.269,99.86,66.766,125.789,53.08,98.604,155.643,63.35,35.53,35.35,35.58
2026-05-16T19:02:24+00:00,1778958144.270,99.87,66.774,125.789,53.08,98.612,155.643,63.36,35.25,35.29,35.56
2026-05-16T19:02:29+00:00,1778958149.272,99.86,66.786,125.789,53.09,98.621,155.643,63.36,35.63,35.37,35.59
2026-05-16T19:02:34+00:00,1778958154.273,99.84,66.835,125.789,53.13,98.633,155.643,63.37,35.66,35.38,35.59
2026-05-16T19:02:39+00:00,1778958159.274,99.84,66.887,125.789,53.17,98.648,155.643,63.38,36.25,35.51,35.63
2026-05-16T19:02:44+00:00,1778958164.276,99.84,66.901,125.789,53.19,98.669,155.643,63.39,35.67,35.40,35.60
2026-05-16T19:02:49+00:00,1778958169.277,99.87,66.899,125.789,53.18,98.686,155.643,63.41,35.53,35.38,35.59
2026-05-16T19:02:54+00:00,1778958174.279,99.86,66.881,125.789,53.17,98.696,155.643,63.41,35.25,35.32,35.57
2026-05-16T19:02:59+00:00,1778958179.280,99.86,66.888,125.789,53.18,98.706,155.643,63.42,35.15,35.30,35.56
2026-05-16T19:03:04+00:00,1778958184.281,99.86,66.866,125.789,53.16,98.716,155.643,63.42,34.90,35.24,35.54
2026-05-16T19:03:09+00:00,1778958189.283,99.86,66.872,125.789,53.16,98.726,155.643,63.43,34.75,35.20,35.53
2026-05-16T19:03:14+00:00,1778958194.284,99.87,66.877,125.789,53.17,98.735,155.643,63.44,34.85,35.22,35.53
2026-05-16T19:03:19+00:00,1778958199.285,99.86,66.880,125.789,53.17,98.742,155.643,63.44,34.70,35.18,35.51
2026-05-16T19:03:24+00:00,1778958204.287,99.87,66.886,125.789,53.17,98.750,155.643,63.45,34.48,35.13,35.50
2026-05-16T19:03:29+00:00,1778958209.288,99.86,66.896,125.789,53.18,98.759,155.643,63.45,34.44,35.11,35.49
2026-05-16T19:03:34+00:00,1778958214.290,99.87,66.908,125.789,53.19,98.766,155.643,63.46,34.41,35.09,35.48
2026-05-16T19:03:39+00:00,1778958219.291,99.85,66.916,125.789,53.20,98.774,155.643,63.46,35.18,35.24,35.52
2026-05-16T19:03:44+00:00,1778958224.293,99.87,66.922,125.789,53.20,98.780,155.643,63.47,35.00,35.20,35.51
2026-05-16T19:03:49+00:00,1778958229.294,99.85,66.933,125.789,53.21,98.787,155.643,63.47,34.84,35.16,35.50
2026-05-16T19:03:54+00:00,1778958234.295,99.86,66.947,125.789,53.22,98.795,155.643,63.48,34.61,35.11,35.48
2026-05-16T19:03:59+00:00,1778958239.297,99.86,67.052,125.789,53.31,98.802,155.643,63.48,34.64,35.11,35.48
2026-05-16T19:04:04+00:00,1778958244.298,99.86,67.040,125.789,53.30,98.811,155.643,63.49,34.83,35.14,35.48
2026-05-16T19:04:09+00:00,1778958249.300,99.89,67.037,125.789,53.29,98.825,155.643,63.49,34.69,35.11,35.47
2026-05-16T19:04:14+00:00,1778958254.301,99.87,67.034,125.789,53.29,98.842,155.643,63.51,34.79,35.12,35.47
2026-05-16T19:04:19+00:00,1778958259.302,99.87,67.022,125.789,53.28,98.859,155.643,63.52,35.29,35.22,35.50
2026-05-16T19:04:24+00:00,1778958264.304,99.87,67.008,125.789,53.27,98.871,155.643,63.52,35.19,35.20,35.49
2026-05-16T19:04:29+00:00,1778958269.305,99.86,67.010,125.789,53.27,98.881,155.643,63.53,35.01,35.16,35.48
2026-05-16T19:04:34+00:00,1778958274.307,99.87,67.010,125.789,53.27,98.891,155.643,63.54,34.77,35.11,35.46
2026-05-16T19:04:39+00:00,1778958279.308,99.89,67.013,125.789,53.27,98.901,155.643,63.54,34.71,35.09,35.45
2026-05-16T19:04:44+00:00,1778958284.309,99.87,67.021,125.789,53.28,98.909,155.643,63.55,35.53,35.25,35.51
2026-05-16T19:04:49+00:00,1778958289.311,99.87,67.029,125.789,53.29,98.917,155.643,63.55,36.05,35.37,35.54
2026-05-16T19:04:54+00:00,1778958294.312,99.87,67.038,125.789,53.29,98.924,155.643,63.56,35.89,35.34,35.53
2026-05-16T19:04:59+00:00,1778958299.314,99.86,67.045,125.789,53.30,98.932,155.643,63.56,36.13,35.40,35.55
2026-05-16T19:05:04+00:00,1778958304.315,99.87,67.061,125.789,53.31,98.939,155.643,63.57,36.76,35.55,35.60
2026-05-16T19:05:09+00:00,1778958309.316,99.87,67.066,125.789,53.32,98.946,155.643,63.57,36.54,35.52,35.59
2026-05-16T19:05:14+00:00,1778958314.318,99.86,67.079,125.789,53.33,98.953,155.643,63.58,36.18,35.46,35.57
2026-05-16T19:05:19+00:00,1778958319.319,99.87,67.084,125.789,53.33,98.960,155.643,63.58,36.32,35.51,35.58
2026-05-16T19:05:24+00:00,1778958324.321,99.87,67.091,125.789,53.34,98.967,155.643,63.59,36.22,35.50,35.58
2026-05-16T19:05:29+00:00,1778958329.322,99.86,67.096,125.789,53.34,98.976,155.643,63.59,36.04,35.47,35.57
2026-05-16T19:05:34+00:00,1778958334.323,99.84,67.214,125.789,53.43,98.984,155.643,63.60,35.72,35.41,35.55
2026-05-16T19:05:39+00:00,1778958339.325,99.87,67.210,125.789,53.43,98.995,155.643,63.60,35.42,35.36,35.53
2026-05-16T19:05:44+00:00,1778958344.326,99.85,67.224,125.789,53.44,99.009,155.643,63.61,35.22,35.32,35.52
2026-05-16T19:05:49+00:00,1778958349.327,99.85,67.223,125.789,53.44,99.028,155.643,63.63,34.97,35.26,35.50
2026-05-16T19:05:54+00:00,1778958354.329,99.84,67.211,125.789,53.43,99.045,155.643,63.64,34.81,35.22,35.48
2026-05-16T19:05:59+00:00,1778958359.330,99.85,67.185,125.789,53.41,99.057,155.643,63.64,35.14,35.29,35.50
2026-05-16T19:06:04+00:00,1778958364.331,99.86,67.186,125.789,53.41,99.067,155.643,63.65,35.69,35.40,35.54
2026-05-16T19:06:09+00:00,1778958369.333,99.86,67.189,125.789,53.41,99.077,155.643,63.66,35.40,35.34,35.52
2026-05-16T19:06:14+00:00,1778958374.334,99.86,67.191,125.789,53.42,99.087,155.643,63.66,35.21,35.30,35.51
2026-05-16T19:06:19+00:00,1778958379.335,99.87,67.191,125.789,53.42,99.097,155.643,63.67,35.03,35.27,35.49
2026-05-16T19:06:24+00:00,1778958384.337,99.88,67.193,125.789,53.42,99.105,155.643,63.67,35.83,35.43,35.54
2026-05-16T19:06:29+00:00,1778958389.338,99.86,67.200,125.789,53.42,99.110,155.643,63.68,35.60,35.39,35.53
2026-05-16T19:06:34+00:00,1778958394.340,99.87,67.207,125.789,53.43,99.117,155.643,63.68,35.47,35.36,35.52
2026-05-16T19:06:39+00:00,1778958399.341,99.87,67.220,125.789,53.44,99.125,155.643,63.69,35.92,35.46,35.55
2026-05-16T19:06:44+00:00,1778958404.343,99.87,67.228,125.789,53.45,99.133,155.643,63.69,35.68,35.42,35.54
2026-05-16T19:06:49+00:00,1778958409.344,99.87,67.239,125.789,53.45,99.139,155.643,63.70,35.39,35.36,35.52
2026-05-16T19:06:54+00:00,1778958414.345,99.86,67.246,125.789,53.46,99.143,155.643,63.70,35.20,35.32,35.50
2026-05-16T19:06:59+00:00,1778958419.347,99.87,67.256,125.789,53.47,99.148,155.643,63.70,35.50,35.38,35.52
2026-05-16T19:07:04+00:00,1778958424.348,99.89,67.263,125.789,53.47,99.154,155.643,63.71,35.30,35.34,35.51
2026-05-16T19:07:09+00:00,1778958429.350,99.84,67.381,125.789,53.57,99.162,155.643,63.71,35.52,35.39,35.52
2026-05-16T19:07:14+00:00,1778958434.351,99.87,67.376,125.789,53.56,99.170,155.643,63.72,35.39,35.36,35.51
2026-05-16T19:07:19+00:00,1778958439.352,99.87,67.373,125.789,53.56,99.183,155.643,63.72,35.12,35.31,35.50
2026-05-16T19:07:24+00:00,1778958444.354,99.87,67.391,125.789,53.57,99.199,155.643,63.74,34.79,35.23,35.47
2026-05-16T19:07:29+00:00,1778958449.355,99.87,67.382,125.789,53.57,99.218,155.643,63.75,34.57,35.18,35.45
2026-05-16T19:07:34+00:00,1778958454.357,99.86,67.370,125.789,53.56,99.232,155.643,63.76,34.36,35.13,35.43
2026-05-16T19:07:39+00:00,1778958459.358,99.84,67.358,125.789,53.55,99.242,155.643,63.76,34.09,35.06,35.41
2026-05-16T19:07:44+00:00,1778958464.359,99.85,67.353,125.789,53.54,99.252,155.643,63.77,34.57,35.14,35.43
2026-05-16T19:07:49+00:00,1778958469.361,99.86,67.354,125.789,53.55,99.261,155.643,63.78,34.36,35.09,35.42
2026-05-16T19:07:54+00:00,1778958474.362,99.87,67.358,125.789,53.55,99.269,155.643,63.78,34.25,35.05,35.40
2026-05-16T19:07:59+00:00,1778958479.363,99.86,67.363,125.789,53.55,99.275,155.643,63.78,34.15,35.02,35.39
2026-05-16T19:08:04+00:00,1778958484.365,99.87,67.369,125.789,53.56,99.280,155.643,63.79,34.38,35.05,35.40
2026-05-16T19:08:09+00:00,1778958489.366,99.86,67.375,125.789,53.56,99.287,155.643,63.79,35.23,35.22,35.45
2026-05-16T19:08:14+00:00,1778958494.367,99.86,67.386,125.789,53.57,99.295,155.643,63.80,35.93,35.36,35.50
2026-05-16T19:08:19+00:00,1778958499.369,99.86,67.401,125.789,53.58,99.303,155.643,63.80,35.62,35.31,35.48
2026-05-16T19:08:24+00:00,1778958504.370,99.86,67.411,125.789,53.59,99.311,155.643,63.81,36.37,35.47,35.53
2026-05-16T19:08:29+00:00,1778958509.372,99.87,67.419,125.789,53.60,99.320,155.643,63.81,36.02,35.41,35.51
2026-05-16T19:08:34+00:00,1778958514.373,99.87,67.430,125.789,53.61,99.326,155.643,63.82,36.26,35.47,35.53
2026-05-16T19:08:39+00:00,1778958519.374,99.87,67.441,125.789,53.61,99.332,155.643,63.82,37.04,35.65,35.59
2026-05-16T19:08:44+00:00,1778958524.376,99.84,67.446,125.789,53.62,99.339,155.643,63.82,36.71,35.60,35.57
2026-05-16T19:08:49+00:00,1778958529.377,99.84,67.551,125.789,53.70,99.348,155.643,63.83,36.50,35.58,35.56
2026-05-16T19:08:54+00:00,1778958534.378,99.85,67.557,125.789,53.71,99.360,155.643,63.84,36.14,35.52,35.54
2026-05-16T19:08:59+00:00,1778958539.380,99.86,67.572,125.789,53.72,99.376,155.643,63.85,36.53,35.61,35.57
2026-05-16T19:09:04+00:00,1778958544.381,99.88,67.568,125.789,53.72,99.394,155.643,63.86,36.24,35.56,35.56
2026-05-16T19:09:09+00:00,1778958549.382,99.87,67.546,125.789,53.70,99.410,155.643,63.87,35.98,35.52,35.54
2026-05-16T19:09:14+00:00,1778958554.384,99.84,67.529,125.789,53.68,99.421,155.643,63.88,35.98,35.53,35.55
2026-05-16T19:09:19+00:00,1778958559.385,99.86,67.538,125.789,53.69,99.430,155.643,63.88,35.75,35.49,35.53
2026-05-16T19:09:24+00:00,1778958564.387,99.86,67.532,125.789,53.69,99.439,155.643,63.89,35.44,35.43,35.51
2026-05-16T19:09:29+00:00,1778958569.388,99.87,67.538,125.789,53.69,99.448,155.643,63.89,35.65,35.47,35.53
2026-05-16T19:09:34+00:00,1778958574.389,99.84,67.536,125.789,53.69,99.457,155.643,63.90,35.36,35.41,35.51
2026-05-16T19:09:39+00:00,1778958579.391,99.87,67.539,125.789,53.69,99.466,155.643,63.91,35.33,35.41,35.51
2026-05-16T19:09:44+00:00,1778958584.392,99.86,67.552,125.789,53.70,99.471,155.643,63.91,35.14,35.37,35.49
2026-05-16T19:09:49+00:00,1778958589.394,99.87,67.553,125.789,53.70,99.478,155.643,63.91,34.89,35.31,35.47
2026-05-16T19:09:54+00:00,1778958594.395,99.84,67.562,125.789,53.71,99.485,155.643,63.92,34.66,35.25,35.45
2026-05-16T19:09:59+00:00,1778958599.397,99.86,67.570,125.789,53.72,99.493,155.643,63.92,35.57,35.43,35.51
2026-05-16T19:10:04+00:00,1778958604.398,99.85,67.578,125.789,53.72,99.500,155.643,63.93,35.60,35.44,35.51
2026-05-16T19:10:09+00:00,1778958609.399,99.86,67.582,125.789,53.73,99.506,155.643,63.93,35.39,35.40,35.50
2026-05-16T19:10:14+00:00,1778958614.401,99.84,67.596,125.789,53.74,99.512,155.643,63.94,35.12,35.35,35.48
2026-05-16T19:10:19+00:00,1778958619.402,99.86,67.604,125.789,53.74,99.519,155.643,63.94,34.95,35.31,35.47
2026-05-16T19:10:24+00:00,1778958624.403,99.86,67.609,125.789,53.75,99.525,155.643,63.94,34.87,35.28,35.46
2026-05-16T19:10:29+00:00,1778958629.405,99.83,67.689,125.789,53.81,99.533,155.643,63.95,35.29,35.36,35.48
2026-05-16T19:10:34+00:00,1778958634.406,99.86,67.684,125.789,53.81,99.544,155.643,63.96,36.14,35.54,35.54
2026-05-16T19:10:39+00:00,1778958639.407,99.84,67.695,125.789,53.82,99.560,155.643,63.97,36.21,35.56,35.55
2026-05-16T19:10:44+00:00,1778958644.409,99.86,67.698,125.789,53.82,99.578,155.643,63.98,36.04,35.54,35.54
2026-05-16T19:10:49+00:00,1778958649.410,99.87,67.693,125.789,53.81,99.591,155.643,63.99,35.79,35.50,35.53
2026-05-16T19:10:54+00:00,1778958654.411,99.85,67.672,125.789,53.80,99.600,155.643,63.99,36.37,35.62,35.57
2026-05-16T19:10:59+00:00,1778958659.413,99.86,67.677,125.789,53.80,99.608,155.643,64.00,36.02,35.56,35.55
2026-05-16T19:11:04+00:00,1778958664.414,99.86,67.685,125.789,53.81,99.617,155.643,64.00,36.26,35.62,35.57
2026-05-16T19:11:09+00:00,1778958669.416,99.87,67.689,125.789,53.81,99.625,155.643,64.01,36.00,35.57,35.55
2026-05-16T19:11:14+00:00,1778958674.417,99.85,67.695,125.789,53.82,99.632,155.643,64.01,36.00,35.58,35.55
2026-05-16T19:11:19+00:00,1778958679.418,99.82,67.696,125.789,53.82,99.637,155.643,64.02,36.72,35.74,35.60
2026-05-16T19:11:24+00:00,1778958684.420,99.86,67.700,125.789,53.82,99.643,155.643,64.02,36.34,35.68,35.59
2026-05-16T19:11:29+00:00,1778958689.421,99.85,67.709,125.789,53.83,99.650,155.643,64.02,36.15,35.65,35.58
2026-05-16T19:11:34+00:00,1778958694.422,99.86,67.715,125.789,53.83,99.658,155.643,64.03,36.86,35.80,35.63
2026-05-16T19:11:39+00:00,1778958699.424,99.83,67.726,125.789,53.84,99.665,155.643,64.03,37.19,35.89,35.66
2026-05-16T19:11:44+00:00,1778958704.425,99.86,67.739,125.789,53.85,99.673,155.643,64.04,37.10,35.89,35.66
2026-05-16T19:11:49+00:00,1778958709.426,99.82,67.749,125.789,53.86,99.680,155.643,64.04,36.69,35.83,35.64
2026-05-16T19:11:54+00:00,1778958714.428,99.85,67.759,125.789,53.87,99.687,155.643,64.05,36.87,35.88,35.66
2026-05-16T19:11:59+00:00,1778958719.429,99.87,67.766,125.789,53.87,99.694,155.643,64.05,36.96,35.91,35.67
2026-05-16T19:12:04+00:00,1778958724.431,99.86,67.773,125.789,53.88,99.701,155.643,64.06,37.61,36.07,35.72
2026-05-16T19:12:09+00:00,1778958729.432,99.86,67.835,125.789,53.93,99.709,155.643,64.06,37.16,36.00,35.70
2026-05-16T19:12:14+00:00,1778958734.434,99.86,67.859,125.789,53.95,99.721,155.643,64.07,36.83,35.95,35.68
2026-05-16T19:12:19+00:00,1778958739.435,99.85,67.876,125.789,53.96,99.736,155.643,64.08,37.56,36.11,35.74
2026-05-16T19:12:24+00:00,1778958744.436,99.84,67.883,125.789,53.97,99.755,155.643,64.09,37.20,36.06,35.73
2026-05-16T19:12:29+00:00,1778958749.438,99.87,67.867,125.789,53.95,99.771,155.643,64.10,36.78,36.00,35.71
2026-05-16T19:12:34+00:00,1778958754.439,99.88,67.848,125.789,53.94,99.782,155.643,64.11,36.40,35.93,35.69
2026-05-16T19:12:39+00:00,1778958759.441,99.85,67.847,125.789,53.94,99.792,155.643,64.12,36.44,35.95,35.69
2026-05-16T19:12:44+00:00,1778958764.442,99.86,67.849,125.789,53.94,99.802,155.643,64.12,36.17,35.90,35.68
2026-05-16T19:12:49+00:00,1778958769.443,99.87,67.850,125.789,53.94,99.810,155.643,64.13,35.91,35.85,35.66
2026-05-16T19:12:54+00:00,1778958774.445,99.86,67.858,125.789,53.95,99.817,155.643,64.13,36.08,35.89,35.68
2026-05-16T19:12:59+00:00,1778958779.446,99.87,67.868,125.789,53.95,99.823,155.643,64.14,35.75,35.82,35.66
2026-05-16T19:13:04+00:00,1778958784.448,99.86,67.876,125.789,53.96,99.828,155.643,64.14,35.53,35.77,35.64
2026-05-16T19:13:09+00:00,1778958789.449,99.87,67.876,125.789,53.96,99.835,155.643,64.14,35.41,35.74,35.63
2026-05-16T19:13:14+00:00,1778958794.450,99.86,67.884,125.789,53.97,99.842,155.643,64.15,35.14,35.68,35.61
2026-05-16T19:13:19+00:00,1778958799.452,99.86,67.883,125.789,53.97,99.850,155.643,64.15,36.09,35.87,35.67
2026-05-16T19:13:24+00:00,1778958804.453,99.86,67.887,125.789,53.97,99.858,155.643,64.16,36.08,35.87,35.68
2026-05-16T19:13:29+00:00,1778958809.455,99.86,67.898,125.789,53.98,99.865,155.643,64.16,36.23,35.91,35.69
2026-05-16T19:13:34+00:00,1778958814.456,99.84,67.911,125.789,53.99,99.872,155.643,64.17,35.89,35.84,35.67
2026-05-16T19:13:39+00:00,1778958819.458,99.86,67.919,125.789,53.99,99.879,155.643,64.17,35.66,35.79,35.65
2026-05-16T19:13:44+00:00,1778958824.459,99.87,67.987,125.789,54.05,99.885,155.643,64.18,35.61,35.78,35.65
2026-05-16T19:13:49+00:00,1778958829.460,99.85,67.995,125.789,54.05,99.894,155.643,64.18,35.56,35.77,35.65
2026-05-16T19:13:54+00:00,1778958834.462,99.87,68.002,125.789,54.06,99.907,155.643,64.19,35.44,35.74,35.64
2026-05-16T19:13:59+00:00,1778958839.463,99.85,68.009,125.789,54.07,99.925,155.643,64.20,35.16,35.68,35.62
2026-05-16T19:14:04+00:00,1778958844.464,99.87,68.022,125.789,54.08,99.942,155.643,64.21,35.63,35.76,35.65
2026-05-16T19:14:09+00:00,1778958849.466,99.86,67.998,125.789,54.06,99.954,155.643,64.22,35.42,35.72,35.63
2026-05-16T19:14:14+00:00,1778958854.467,99.86,67.998,125.789,54.06,99.964,155.643,64.23,35.46,35.72,35.63
2026-05-16T19:14:19+00:00,1778958859.470,99.86,67.999,125.789,54.06,99.975,155.643,64.23,35.27,35.68,35.62
2026-05-16T19:14:24+00:00,1778958864.471,99.87,67.991,125.789,54.05,99.984,155.643,64.24,35.08,35.63,35.61
2026-05-16T19:14:29+00:00,1778958869.473,99.86,67.998,125.789,54.06,99.994,155.643,64.25,35.80,35.77,35.65
2026-05-16T19:14:34+00:00,1778958874.474,99.84,68.015,125.789,54.07,100.002,155.643,64.25,35.49,35.71,35.63
2026-05-16T19:14:39+00:00,1778958879.476,99.86,68.018,125.789,54.07,100.009,155.643,64.26,35.62,35.73,35.64
2026-05-16T19:14:44+00:00,1778958884.477,99.85,68.022,125.789,54.08,100.014,155.643,64.26,35.49,35.70,35.63
2026-05-16T19:14:49+00:00,1778958889.478,99.87,68.026,125.789,54.08,100.018,155.643,64.26,35.85,35.77,35.65
2026-05-16T19:14:54+00:00,1778958894.480,99.86,68.029,125.789,54.08,100.024,155.643,64.27,35.62,35.73,35.64
2026-05-16T19:14:59+00:00,1778958899.481,99.86,68.038,125.789,54.09,100.031,155.643,64.27,35.49,35.70,35.63
2026-05-16T19:15:04+00:00,1778958904.483,99.86,68.047,125.789,54.10,100.038,155.643,64.27,35.21,35.64,35.61
2026-05-16T19:15:09+00:00,1778958909.484,99.86,68.055,125.789,54.10,100.045,155.643,64.28,35.03,35.59,35.60
2026-05-16T19:15:14+00:00,1778958914.486,99.84,68.071,125.789,54.12,100.052,155.643,64.28,35.99,35.78,35.66
2026-05-16T19:15:19+00:00,1778958919.487,99.87,68.143,125.789,54.17,100.060,155.643,64.29,35.67,35.72,35.64
2026-05-16T19:15:24+00:00,1778958924.488,99.86,68.147,125.789,54.18,100.069,155.643,64.29,35.46,35.67,35.62
2026-05-16T19:15:29+00:00,1778958929.489,99.84,68.194,125.789,54.21,100.082,155.643,64.30,35.18,35.61,35.60
2026-05-16T19:15:34+00:00,1778958934.491,99.84,68.202,125.789,54.22,100.099,155.643,64.31,35.08,35.59,35.59
2026-05-16T19:15:39+00:00,1778958939.492,99.87,68.204,125.789,54.22,100.121,155.643,64.33,35.08,35.58,35.59
2026-05-16T19:15:44+00:00,1778958944.494,99.88,68.174,125.789,54.20,100.134,155.643,64.34,34.91,35.53,35.58
2026-05-16T19:15:49+00:00,1778958949.495,99.87,68.173,125.789,54.20,100.145,155.643,64.34,34.76,35.49,35.56
2026-05-16T19:15:54+00:00,1778958954.496,99.86,68.166,125.789,54.19,100.155,155.643,64.35,34.54,35.43,35.54
2026-05-16T19:15:59+00:00,1778958959.498,99.86,68.157,125.789,54.18,100.164,155.643,64.36,34.41,35.39,35.53
2026-05-16T19:16:04+00:00,1778958964.499,99.87,68.157,125.789,54.18,100.173,155.643,64.36,34.54,35.40,35.53
2026-05-16T19:16:09+00:00,1778958969.500,99.85,68.170,125.789,54.19,100.181,155.643,64.37,34.34,35.35,35.51
2026-05-16T19:16:14+00:00,1778958974.502,99.84,68.181,125.789,54.20,100.189,155.643,64.37,34.79,35.42,35.54
2026-05-16T19:16:19+00:00,1778958979.503,99.87,68.188,125.789,54.21,100.196,155.643,64.38,34.65,35.38,35.52
2026-05-16T19:16:24+00:00,1778958984.505,99.86,68.196,125.789,54.22,100.204,155.643,64.38,35.32,35.51,35.56
2026-05-16T19:16:29+00:00,1778958989.506,99.86,68.204,125.789,54.22,100.210,155.643,64.38,35.13,35.47,35.55
2026-05-16T19:16:34+00:00,1778958994.507,99.86,68.209,125.789,54.22,100.216,155.643,64.39,35.20,35.48,35.55
2026-05-16T19:16:39+00:00,1778958999.509,99.86,68.214,125.789,54.23,100.223,155.643,64.39,34.94,35.42,35.53
2026-05-16T19:16:44+00:00,1778959004.510,99.86,68.226,125.789,54.24,100.229,155.643,64.40,34.87,35.39,35.53
2026-05-16T19:16:49+00:00,1778959009.511,99.87,68.230,125.789,54.24,100.236,155.643,64.40,34.72,35.35,35.51
2026-05-16T19:16:54+00:00,1778959014.513,99.86,68.299,125.789,54.30,100.245,155.643,64.41,35.38,35.48,35.55
2026-05-16T19:16:59+00:00,1778959019.514,99.86,68.310,125.789,54.31,100.253,155.643,64.41,35.59,35.52,35.57
2026-05-16T19:17:04+00:00,1778959024.516,99.87,68.321,125.789,54.31,100.266,155.643,64.42,35.30,35.47,35.55
2026-05-16T19:17:09+00:00,1778959029.517,99.84,68.322,125.789,54.31,100.282,155.643,64.43,35.04,35.41,35.53
2026-05-16T19:17:14+00:00,1778959034.519,99.87,68.321,125.789,54.31,100.299,155.643,64.44,34.80,35.35,35.51
2026-05-16T19:17:19+00:00,1778959039.520,99.86,68.306,125.789,54.30,100.311,155.643,64.45,35.05,35.40,35.52
2026-05-16T19:17:24+00:00,1778959044.521,99.80,68.302,125.789,54.30,100.320,155.643,64.46,34.81,35.34,35.50
2026-05-16T19:17:29+00:00,1778959049.523,99.86,68.305,125.789,54.30,100.330,155.643,64.46,34.58,35.28,35.48
2026-05-16T19:17:34+00:00,1778959054.524,99.85,68.309,125.789,54.30,100.339,155.643,64.47,34.46,35.25,35.47
2026-05-16T19:17:39+00:00,1778959059.526,99.86,68.324,125.789,54.32,100.347,155.643,64.47,34.26,35.19,35.45
2026-05-16T19:17:44+00:00,1778959064.527,99.86,68.336,125.789,54.33,100.354,155.643,64.48,34.40,35.20,35.45
2026-05-16T19:17:49+00:00,1778959069.528,99.86,68.345,125.789,54.33,100.362,155.643,64.48,34.29,35.17,35.44
2026-05-16T19:17:54+00:00,1778959074.530,99.85,68.357,125.789,54.34,100.370,155.643,64.49,34.18,35.13,35.43
2026-05-16T19:17:59+00:00,1778959079.531,99.87,68.361,125.789,54.35,100.378,155.643,64.49,34.01,35.08,35.41
2026-05-16T19:18:04+00:00,1778959084.533,99.86,68.366,125.789,54.35,100.385,155.643,64.50,33.85,35.03,35.39
2026-05-16T19:18:09+00:00,1778959089.534,99.87,68.373,125.789,54.36,100.392,155.643,64.50,34.34,35.11,35.41
2026-05-16T19:18:14+00:00,1778959094.535,99.86,68.380,125.789,54.36,100.399,155.643,64.51,34.23,35.08,35.40
2026-05-16T19:18:19+00:00,1778959099.537,99.85,68.390,125.789,54.37,100.405,155.643,64.51,34.53,35.12,35.42
2026-05-16T19:18:24+00:00,1778959104.538,99.86,68.403,125.789,54.38,100.413,155.643,64.51,34.33,35.07,35.40
2026-05-16T19:18:29+00:00,1778959109.540,99.84,68.476,125.789,54.44,100.421,155.643,64.52,34.30,35.05,35.39
2026-05-16T19:18:34+00:00,1778959114.541,99.86,68.497,125.789,54.45,100.432,155.643,64.53,34.20,35.02,35.38
2026-05-16T19:18:39+00:00,1778959119.542,99.85,68.508,125.789,54.46,100.446,155.643,64.54,34.26,35.02,35.37
2026-05-16T19:18:44+00:00,1778959124.544,99.87,68.504,125.789,54.46,100.465,155.643,64.55,34.32,35.02,35.37
2026-05-16T19:18:49+00:00,1778959129.545,99.87,68.501,125.789,54.46,100.483,155.643,64.56,34.22,34.99,35.36
2026-05-16T19:18:54+00:00,1778959134.547,99.86,68.467,125.789,54.43,100.495,155.643,64.57,34.44,35.02,35.37
2026-05-16T19:18:59+00:00,1778959139.548,99.86,68.473,125.789,54.43,100.505,155.643,64.57,34.24,34.97,35.35
2026-05-16T19:19:04+00:00,1778959144.550,99.88,68.475,125.789,54.44,100.515,155.643,64.58,34.79,35.07,35.38
2026-05-16T19:19:09+00:00,1778959149.551,99.86,68.483,125.789,54.44,100.525,155.643,64.59,34.72,35.05,35.37
2026-05-16T19:19:14+00:00,1778959154.552,99.86,68.485,125.789,54.44,100.533,155.643,64.59,34.58,35.02,35.36
2026-05-16T19:19:19+00:00,1778959159.554,99.86,68.498,125.789,54.46,100.541,155.643,64.60,34.46,34.98,35.35
2026-05-16T19:19:24+00:00,1778959164.555,99.85,68.510,125.789,54.46,100.547,155.643,64.60,34.34,34.95,35.33
2026-05-16T19:19:29+00:00,1778959169.557,99.84,68.515,125.789,54.47,100.554,155.643,64.61,34.23,34.92,35.32
2026-05-16T19:19:34+00:00,1778959174.558,99.87,68.523,125.789,54.47,100.562,155.643,64.61,34.21,34.90,35.31
2026-05-16T19:19:39+00:00,1778959179.559,99.85,68.528,125.789,54.48,100.569,155.643,64.62,34.04,34.85,35.30
2026-05-16T19:19:44+00:00,1778959184.561,99.87,68.538,125.789,54.49,100.576,155.643,64.62,34.11,34.86,35.29
2026-05-16T19:19:49+00:00,1778959189.562,99.86,68.549,125.789,54.50,100.583,155.643,64.62,34.10,34.84,35.29
2026-05-16T19:19:54+00:00,1778959194.563,99.85,68.560,125.789,54.50,100.589,155.643,64.63,35.06,35.03,35.34
2026-05-16T19:19:59+00:00,1778959199.565,99.87,68.564,125.789,54.51,100.597,155.643,64.63,34.81,34.98,35.33
2026-05-16T19:20:04+00:00,1778959204.566,99.87,68.550,125.789,54.50,100.605,155.643,64.64,34.59,34.93,35.31
2026-05-16T19:20:09+00:00,1778959209.568,99.84,68.577,125.789,54.52,100.615,155.643,64.64,34.54,34.91,35.30
2026-05-16T19:20:14+00:00,1778959214.569,99.87,68.608,125.789,54.54,100.630,155.643,64.65,34.34,34.86,35.28
2026-05-16T19:20:19+00:00,1778959219.571,99.87,68.636,125.789,54.56,100.652,155.643,64.67,34.31,34.85,35.27
2026-05-16T19:20:24+00:00,1778959224.572,99.87,68.620,125.789,54.55,100.667,155.643,64.68,34.20,34.82,35.26
2026-05-16T19:20:29+00:00,1778959229.573,99.87,68.621,125.789,54.55,100.678,155.643,64.69,34.03,34.77,35.24
2026-05-16T19:20:34+00:00,1778959234.575,99.87,68.634,125.789,54.56,100.688,155.643,64.69,33.86,34.72,35.23
2026-05-16T19:20:39+00:00,1778959239.576,99.87,68.626,125.789,54.56,100.698,155.643,64.70,33.87,34.71,35.22
2026-05-16T19:20:44+00:00,1778959244.578,99.86,68.636,125.789,54.56,100.707,155.643,64.70,33.80,34.68,35.21
2026-05-16T19:20:49+00:00,1778959249.579,99.86,68.637,125.789,54.57,100.715,155.643,64.71,34.38,34.79,35.24
2026-05-16T19:20:54+00:00,1778959254.580,99.86,68.647,125.789,54.57,100.722,155.643,64.71,34.27,34.76,35.23
2026-05-16T19:20:59+00:00,1778959259.582,99.86,68.657,125.789,54.58,100.729,155.643,64.72,34.57,34.81,35.24
2026-05-16T19:21:04+00:00,1778959264.583,99.86,68.663,125.789,54.59,100.736,155.643,64.72,34.44,34.78,35.23
2026-05-16T19:21:09+00:00,1778959269.585,99.87,68.673,125.789,54.59,100.744,155.643,64.73,34.33,34.75,35.22
2026-05-16T19:21:14+00:00,1778959274.586,99.86,68.692,125.789,54.61,100.751,155.643,64.73,34.30,34.74,35.21
2026-05-16T19:21:19+00:00,1778959279.587,99.86,68.695,125.789,54.61,100.758,155.643,64.74,34.12,34.69,35.19
2026-05-16T19:21:24+00:00,1778959284.589,99.86,68.703,125.789,54.62,100.765,155.643,64.74,33.95,34.65,35.18
2026-05-16T19:21:29+00:00,1778959289.590,99.87,68.708,125.789,54.62,100.772,155.643,64.75,33.95,34.64,35.17
2026-05-16T19:21:34+00:00,1778959294.591,99.86,68.715,125.789,54.63,100.780,155.643,64.75,34.04,34.64,35.17
2026-05-16T19:21:39+00:00,1778959299.593,99.87,68.728,125.789,54.64,100.786,155.643,64.76,33.87,34.60,35.15
2026-05-16T19:21:44+00:00,1778959304.594,99.84,68.781,125.789,54.68,100.799,155.643,64.76,33.80,34.57,35.14
2026-05-16T19:21:49+00:00,1778959309.595,99.84,68.818,125.789,54.71,100.814,155.643,64.77,33.66,34.53,35.12
2026-05-16T19:21:54+00:00,1778959314.597,99.86,68.832,125.789,54.72,100.833,155.643,64.78,33.69,34.52,35.12
2026-05-16T19:21:59+00:00,1778959319.598,99.87,68.823,125.789,54.71,100.849,155.643,64.80,33.71,34.51,35.11
2026-05-16T19:22:04+00:00,1778959324.600,99.86,68.800,125.789,54.69,100.859,155.643,64.80,33.65,34.49,35.10
2026-05-16T19:22:09+00:00,1778959329.601,99.86,68.802,125.789,54.70,100.868,155.643,64.81,33.76,34.50,35.10
2026-05-16T19:22:14+00:00,1778959334.602,99.86,68.792,125.789,54.69,100.878,155.643,64.81,33.62,34.45,35.08
2026-05-16T19:22:19+00:00,1778959339.604,99.85,68.794,125.789,54.69,100.887,155.643,64.82,33.65,34.45,35.07
2026-05-16T19:22:24+00:00,1778959344.605,99.86,68.798,125.789,54.69,100.897,155.643,64.83,33.52,34.41,35.06
2026-05-16T19:22:29+00:00,1778959349.607,99.84,68.810,125.789,54.70,100.905,155.643,64.83,33.80,34.45,35.07
2026-05-16T19:22:34+00:00,1778959354.608,99.86,68.813,125.789,54.71,100.911,155.643,64.84,33.89,34.46,35.07
2026-05-16T19:22:39+00:00,1778959359.609,99.84,68.821,125.789,54.71,100.918,155.643,64.84,34.06,34.48,35.07
2026-05-16T19:22:44+00:00,1778959364.611,99.85,68.826,125.789,54.72,100.926,155.643,64.84,34.06,34.48,35.07
2026-05-16T19:22:49+00:00,1778959369.612,99.86,68.838,125.789,54.73,100.932,155.643,64.85,33.89,34.43,35.05
2026-05-16T19:22:54+00:00,1778959374.613,99.85,68.849,125.789,54.73,100.938,155.643,64.85,34.70,34.59,35.10
2026-05-16T19:22:59+00:00,1778959379.615,99.86,68.850,125.789,54.74,100.943,155.643,64.86,34.89,34.63,35.11
2026-05-16T19:23:04+00:00,1778959384.616,99.88,68.858,125.789,54.74,100.949,155.643,64.86,34.74,34.61,35.10
2026-05-16T19:23:09+00:00,1778959389.618,99.85,68.867,125.789,54.75,100.955,155.643,64.86,35.64,34.80,35.16
2026-05-16T19:23:14+00:00,1778959394.619,99.87,68.873,125.789,54.75,100.962,155.643,64.87,35.35,34.75,35.14
2026-05-16T19:23:19+00:00,1778959399.621,99.82,68.891,125.789,54.77,100.970,155.643,64.87,35.24,34.74,35.13
2026-05-16T19:23:24+00:00,1778959404.622,99.87,68.907,125.789,54.78,100.982,155.643,64.88,35.06,34.71,35.12
2026-05-16T19:23:29+00:00,1778959409.623,99.85,68.929,125.789,54.80,100.996,155.643,64.89,35.05,34.71,35.12
2026-05-16T19:23:34+00:00,1778959414.625,99.87,68.961,125.789,54.82,101.014,155.643,64.90,35.05,34.72,35.12
2026-05-16T19:23:39+00:00,1778959419.626,99.83,68.948,125.789,54.81,101.027,155.643,64.91,35.21,34.75,35.13
2026-05-16T19:23:44+00:00,1778959424.627,99.86,68.945,125.789,54.81,101.037,155.643,64.92,35.03,34.73,35.12
2026-05-16T19:23:49+00:00,1778959429.629,99.86,68.953,125.789,54.82,101.046,155.643,64.92,34.87,34.70,35.11
2026-05-16T19:23:54+00:00,1778959434.630,99.86,68.949,125.789,54.81,101.056,155.643,64.93,34.88,34.70,35.10
2026-05-16T19:23:59+00:00,1778959439.632,99.86,68.956,125.789,54.82,101.065,155.643,64.93,34.89,34.71,35.10
2026-05-16T19:24:04+00:00,1778959444.633,99.87,68.966,125.789,54.83,101.072,155.643,64.94,34.66,34.66,35.09
2026-05-16T19:24:09+00:00,1778959449.634,99.86,68.970,125.789,54.83,101.079,155.643,64.94,35.08,34.75,35.11
2026-05-16T19:24:14+00:00,1778959454.636,99.86,68.976,125.789,54.83,101.087,155.643,64.95,35.24,34.79,35.12
2026-05-16T19:24:19+00:00,1778959459.637,99.87,68.982,125.789,54.84,101.094,155.643,64.95,35.22,34.79,35.12
2026-05-16T19:24:24+00:00,1778959464.639,99.86,68.987,125.789,54.84,101.100,155.643,64.96,35.28,34.81,35.13
2026-05-16T19:24:29+00:00,1778959469.640,99.87,68.993,125.789,54.85,101.107,155.643,64.96,35.10,34.78,35.12
2026-05-16T19:24:34+00:00,1778959474.642,99.87,68.999,125.789,54.85,101.114,155.643,64.97,34.93,34.75,35.10
2026-05-16T19:24:39+00:00,1778959479.643,99.86,69.013,125.789,54.86,101.120,155.643,64.97,34.78,34.72,35.09
2026-05-16T19:24:44+00:00,1778959484.645,99.88,69.016,125.789,54.87,101.128,155.643,64.97,34.55,34.68,35.08
2026-05-16T19:24:49+00:00,1778959489.646,99.87,69.022,125.789,54.87,101.135,155.643,64.98,34.35,34.63,35.06
2026-05-16T19:24:54+00:00,1778959494.647,99.86,69.025,125.789,54.87,101.142,155.643,64.98,34.24,34.61,35.05
2026-05-16T19:24:59+00:00,1778959499.648,99.87,69.075,125.789,54.91,101.155,155.643,64.99,34.70,34.70,35.07
2026-05-16T19:25:04+00:00,1778959504.650,99.86,69.114,125.789,54.94,101.172,155.643,65.00,34.48,34.65,35.06
2026-05-16T19:25:09+00:00,1778959509.651,99.89,69.120,125.789,54.95,101.189,155.643,65.01,34.29,34.61,35.04
2026-05-16T19:25:14+00:00,1778959514.653,99.88,69.102,125.789,54.94,101.205,155.643,65.02,34.10,34.56,35.02
2026-05-16T19:25:19+00:00,1778959519.654,99.88,69.125,125.789,54.95,101.215,155.643,65.03,34.01,34.54,35.01
2026-05-16T19:25:24+00:00,1778959524.655,99.87,69.127,125.789,54.95,101.224,155.643,65.04,33.85,34.49,35.00
2026-05-16T19:25:29+00:00,1778959529.657,99.86,69.131,125.789,54.96,101.233,155.643,65.04,33.86,34.49,34.99
2026-05-16T19:25:34+00:00,1778959534.658,99.86,69.137,125.789,54.96,101.243,155.643,65.05,33.72,34.44,34.98
2026-05-16T19:25:39+00:00,1778959539.659,99.87,69.139,125.789,54.96,101.252,155.643,65.05,34.62,34.62,35.03
2026-05-16T19:25:44+00:00,1778959544.661,99.86,69.144,125.789,54.97,101.261,155.643,65.06,35.05,34.71,35.06
2026-05-16T19:25:49+00:00,1778959549.662,99.85,69.154,125.789,54.98,101.269,155.643,65.06,34.89,34.68,35.05
2026-05-16T19:25:54+00:00,1778959554.663,99.87,69.163,125.789,54.98,101.277,155.643,65.07,34.65,34.64,35.03
2026-05-16T19:25:59+00:00,1778959559.665,99.86,69.166,125.789,54.99,101.285,155.643,65.08,34.60,34.62,35.02
2026-05-16T19:26:04+00:00,1778959564.666,99.88,69.174,125.789,54.99,101.290,155.643,65.08,34.87,34.68,35.04
2026-05-16T19:26:09+00:00,1778959569.667,99.87,69.180,125.789,55.00,101.296,155.643,65.08,34.72,34.65,35.03
2026-05-16T19:26:14+00:00,1778959574.668,99.88,69.185,125.789,55.00,101.303,155.643,65.09,34.59,34.62,35.02
2026-05-16T19:26:19+00:00,1778959579.670,99.88,69.194,125.789,55.01,101.310,155.643,65.09,34.62,34.63,35.02
2026-05-16T19:26:24+00:00,1778959584.671,99.86,69.204,125.789,55.02,101.317,155.643,65.10,34.41,34.59,35.00
2026-05-16T19:26:29+00:00,1778959589.672,99.87,69.179,125.789,55.00,101.325,155.643,65.10,34.30,34.56,34.99
2026-05-16T19:26:34+00:00,1778959594.674,99.87,69.200,125.789,55.01,101.333,155.643,65.11,35.07,34.72,35.04
2026-05-16T19:26:39+00:00,1778959599.675,99.86,69.244,125.789,55.05,101.347,155.643,65.12,34.83,34.67,35.02
2026-05-16T19:26:44+00:00,1778959604.676,99.87,69.265,125.789,55.06,101.364,155.643,65.13,34.76,34.66,35.02
2026-05-16T19:26:49+00:00,1778959609.678,99.88,69.275,125.789,55.07,101.382,155.643,65.14,35.42,34.80,35.06
2026-05-16T19:26:54+00:00,1778959614.679,99.86,69.258,125.789,55.06,101.393,155.643,65.14,35.15,34.75,35.04
2026-05-16T19:26:59+00:00,1778959619.680,99.84,69.262,125.789,55.06,101.403,155.643,65.15,35.21,34.77,35.05
2026-05-16T19:27:04+00:00,1778959624.682,99.87,69.255,125.789,55.06,101.412,155.643,65.16,34.96,34.73,35.03
2026-05-16T19:27:09+00:00,1778959629.683,99.87,69.259,125.789,55.06,101.422,155.643,65.16,34.72,34.68,35.01
2026-05-16T19:27:14+00:00,1778959634.684,99.86,69.267,125.789,55.07,101.431,155.643,65.17,34.42,34.62,34.99
2026-05-16T19:27:19+00:00,1778959639.686,99.86,69.275,125.789,55.07,101.438,155.643,65.17,34.23,34.58,34.98
2026-05-16T19:27:24+00:00,1778959644.687,99.87,69.277,125.789,55.07,101.447,155.643,65.18,34.05,34.53,34.96
2026-05-16T19:27:29+00:00,1778959649.688,99.87,69.285,125.789,55.08,101.453,155.643,65.18,33.96,34.51,34.95
2026-05-16T19:27:34+00:00,1778959654.690,99.86,69.302,125.789,55.09,101.459,155.643,65.19,34.45,34.60,34.98
2026-05-16T19:27:39+00:00,1778959659.691,99.84,69.310,125.789,55.10,101.465,155.643,65.19,35.05,34.72,35.01
2026-05-16T19:27:44+00:00,1778959664.692,99.86,69.319,125.789,55.11,101.472,155.643,65.20,34.89,34.69,35.00
2026-05-16T19:27:49+00:00,1778959669.694,99.87,69.320,125.789,55.11,101.479,155.643,65.20,34.66,34.65,34.99
2026-05-16T19:27:54+00:00,1778959674.695,99.89,69.323,125.789,55.11,101.486,155.643,65.20,34.44,34.60,34.97
2026-05-16T19:27:59+00:00,1778959679.697,99.87,69.334,125.789,55.12,101.493,155.643,65.21,34.25,34.56,34.95
2026-05-16T19:28:04+00:00,1778959684.698,99.88,69.339,125.789,55.12,101.500,155.643,65.21,34.07,34.52,34.94
2026-05-16T19:28:09+00:00,1778959689.699,99.87,69.349,125.789,55.13,101.507,155.643,65.22,33.98,34.49,34.93
2026-05-16T19:28:14+00:00,1778959694.701,99.86,69.394,125.789,55.17,101.519,155.643,65.23,34.14,34.52,34.93
2026-05-16T19:28:19+00:00,1778959699.702,99.86,69.428,125.789,55.19,101.535,155.643,65.24,34.13,34.51,34.93
2026-05-16T19:28:24+00:00,1778959704.703,99.86,69.446,125.789,55.21,101.556,155.643,65.25,34.68,34.62,34.96
2026-05-16T19:28:29+00:00,1778959709.705,99.87,69.442,125.789,55.21,101.570,155.643,65.26,35.51,34.79,35.01
2026-05-16T19:28:34+00:00,1778959714.706,99.87,69.425,125.789,55.19,101.580,155.643,65.26,35.31,34.76,35.00
2026-05-16T19:28:39+00:00,1778959719.707,99.87,69.433,125.789,55.20,101.590,155.643,65.27,36.32,34.98,35.07
2026-05-16T19:28:44+00:00,1778959724.709,99.86,69.422,125.789,55.19,101.600,155.643,65.28,35.98,34.93,35.06
2026-05-16T19:28:49+00:00,1778959729.710,99.86,69.430,125.789,55.20,101.609,155.643,65.28,35.74,34.90,35.05
2026-05-16T19:28:54+00:00,1778959734.711,99.87,69.436,125.789,55.20,101.618,155.643,65.29,35.76,34.92,35.05
2026-05-16T19:28:59+00:00,1778959739.713,99.86,69.441,125.789,55.20,101.626,155.643,65.29,35.54,34.88,35.04
2026-05-16T19:29:04+00:00,1778959744.714,99.87,69.450,125.789,55.21,101.632,155.643,65.30,36.14,35.02,35.08
2026-05-16T19:29:09+00:00,1778959749.716,99.86,69.453,125.789,55.21,101.640,155.643,65.30,36.37,35.08,35.10
2026-05-16T19:29:14+00:00,1778959754.717,99.87,69.461,125.789,55.22,101.646,155.643,65.31,36.10,35.05,35.09
2026-05-16T19:29:19+00:00,1778959759.718,99.85,69.472,125.789,55.23,101.651,155.643,65.31,36.01,35.05,35.09
2026-05-16T19:29:24+00:00,1778959764.720,99.88,69.476,125.789,55.23,101.657,155.643,65.31,35.93,35.05,35.09
2026-05-16T19:29:29+00:00,1778959769.721,99.87,69.490,125.789,55.24,101.664,155.643,65.32,35.93,35.06,35.10
2026-05-16T19:29:34+00:00,1778959774.722,99.88,69.495,125.789,55.25,101.672,155.643,65.32,35.62,35.01,35.08
2026-05-16T19:29:39+00:00,1778959779.724,99.88,69.501,125.789,55.25,101.679,155.643,65.33,35.41,34.98,35.07
2026-05-16T19:29:44+00:00,1778959784.725,99.89,69.599,125.789,55.33,101.687,155.643,65.33,35.21,34.95,35.06
2026-05-16T19:29:49+00:00,1778959789.726,99.84,69.592,125.789,55.32,101.698,155.643,65.34,34.96,34.90,35.04
2026-05-16T19:29:54+00:00,1778959794.728,99.87,69.592,125.789,55.32,101.711,155.643,65.35,35.12,34.93,35.05
2026-05-16T19:29:59+00:00,1778959799.729,99.89,69.594,125.789,55.33,101.728,155.643,65.36,34.87,34.88,35.03
2026-05-16T19:30:04+00:00,1778959804.730,99.89,69.572,125.789,55.31,101.743,155.643,65.37,34.72,34.85,35.02
2026-05-16T19:30:09+00:00,1778959809.732,99.87,69.562,125.789,55.30,101.753,155.643,65.38,34.58,34.82,35.01
2026-05-16T19:30:14+00:00,1778959814.733,99.89,69.561,125.789,55.30,101.761,155.643,65.38,34.30,34.76,34.99
2026-05-16T19:30:19+00:00,1778959819.734,99.87,69.558,125.789,55.30,101.771,155.643,65.39,34.59,34.81,35.01
2026-05-16T19:30:24+00:00,1778959824.736,99.87,69.571,125.789,55.31,101.779,155.643,65.39,34.46,34.78,34.99
2026-05-16T19:30:29+00:00,1778959829.737,99.87,69.580,125.789,55.32,101.787,155.643,65.40,34.27,34.73,34.98
2026-05-16T19:30:34+00:00,1778959834.738,99.86,69.590,125.789,55.32,101.794,155.643,65.40,35.05,34.89,35.03
2026-05-16T19:30:39+00:00,1778959839.740,99.86,69.604,125.789,55.33,101.801,155.643,65.41,35.44,34.97,35.05
2026-05-16T19:30:44+00:00,1778959844.741,99.86,69.610,125.789,55.34,101.809,155.643,65.41,35.57,35.01,35.06
2026-05-16T19:30:49+00:00,1778959849.742,99.87,69.619,125.789,55.35,101.815,155.643,65.42,35.36,34.97,35.05
2026-05-16T19:30:54+00:00,1778959854.744,99.86,69.630,125.789,55.35,101.821,155.643,65.42,35.49,35.01,35.06
2026-05-16T19:30:59+00:00,1778959859.745,99.86,69.639,125.789,55.36,101.828,155.643,65.42,35.45,35.01,35.06
2026-05-16T19:31:04+00:00,1778959864.746,99.88,69.645,125.789,55.37,101.835,155.643,65.43,35.66,35.06,35.08
2026-05-16T19:31:09+00:00,1778959869.748,99.88,69.655,125.789,55.37,101.841,155.643,65.43,35.61,35.06,35.08
2026-05-16T19:31:14+00:00,1778959874.749,99.86,69.661,125.789,55.38,101.849,155.643,65.44,36.12,35.17,35.12
2026-05-16T19:31:19+00:00,1778959879.750,99.87,69.769,125.789,55.47,101.857,155.643,65.44,35.79,35.12,35.10
2026-05-16T19:31:24+00:00,1778959884.752,99.85,69.766,125.789,55.46,101.865,155.643,65.45,35.56,35.08,35.09
2026-05-16T19:31:29+00:00,1778959889.753,99.87,69.772,125.789,55.47,101.878,155.643,65.46,35.28,35.03,35.07
2026-05-16T19:31:34+00:00,1778959894.754,99.86,69.781,125.789,55.47,101.896,155.643,65.47,35.34,35.05,35.08
2026-05-16T19:31:39+00:00,1778959899.756,99.87,69.763,125.789,55.46,101.915,155.643,65.48,35.15,35.01,35.07
2026-05-16T19:31:44+00:00,1778959904.757,99.86,69.750,125.789,55.45,101.928,155.643,65.49,35.54,35.10,35.09
2026-05-16T19:31:49+00:00,1778959909.758,99.86,69.736,125.789,55.44,101.939,155.643,65.50,35.41,35.08,35.09
2026-05-16T19:31:54+00:00,1778959914.760,99.86,69.746,125.789,55.45,101.950,155.643,65.50,35.14,35.03,35.07
2026-05-16T19:31:59+00:00,1778959919.761,99.85,69.737,125.789,55.44,101.960,155.643,65.51,34.89,34.98,35.05
2026-05-16T19:32:04+00:00,1778959924.762,99.87,69.743,125.789,55.44,101.968,155.643,65.51,34.66,34.93,35.04
2026-05-16T19:32:09+00:00,1778959929.764,99.85,69.746,125.789,55.45,101.977,155.643,65.52,34.36,34.86,35.01
2026-05-16T19:32:14+00:00,1778959934.765,99.85,69.758,125.789,55.46,101.984,155.643,65.52,34.17,34.81,35.00
2026-05-16T19:32:19+00:00,1778959939.766,99.86,69.764,125.789,55.46,101.991,155.643,65.53,34.16,34.80,34.99
2026-05-16T19:32:24+00:00,1778959944.768,99.85,69.771,125.789,55.47,102.000,155.643,65.53,34.15,34.79,34.99
2026-05-16T19:32:29+00:00,1778959949.769,99.87,69.773,125.789,55.47,102.007,155.643,65.54,34.22,34.79,34.99
2026-05-16T19:32:34+00:00,1778959954.770,99.85,69.786,125.789,55.48,102.013,155.643,65.54,34.76,34.89,35.02
2026-05-16T19:32:39+00:00,1778959959.772,99.85,69.798,125.789,55.49,102.018,155.643,65.55,34.62,34.86,35.01
2026-05-16T19:32:44+00:00,1778959964.773,99.86,69.804,125.789,55.49,102.025,155.643,65.55,34.49,34.83,35.00
2026-05-16T19:32:49+00:00,1778959969.774,99.84,69.812,125.789,55.50,102.033,155.643,65.56,34.45,34.82,34.99
2026-05-16T19:32:54+00:00,1778959974.776,99.84,69.924,125.789,55.59,102.041,155.643,65.56,34.97,34.92,35.03
2026-05-16T19:32:59+00:00,1778959979.777,99.86,69.916,125.789,55.58,102.050,155.643,65.57,34.82,34.89,35.01
2026-05-16T19:33:04+00:00,1778959984.778,99.88,69.920,125.789,55.59,102.063,155.643,65.58,34.91,34.91,35.02
2026-05-16T19:33:09+00:00,1778959989.780,99.86,69.916,125.789,55.58,102.080,155.643,65.59,35.24,34.97,35.04
2026-05-16T19:33:14+00:00,1778959994.781,99.85,69.914,125.789,55.58,102.099,155.643,65.60,35.06,34.94,35.03
2026-05-16T19:33:19+00:00,1778959999.782,99.86,69.892,125.789,55.56,102.112,155.643,65.61,34.89,34.91,35.02
2026-05-16T19:33:24+00:00,1778960004.784,99.86,69.888,125.789,55.56,102.122,155.643,65.61,35.54,35.04,35.06
2026-05-16T19:33:29+00:00,1778960009.785,99.85,69.889,125.789,55.56,102.131,155.643,65.62,35.26,34.99,35.04
2026-05-16T19:33:34+00:00,1778960014.786,99.86,69.884,125.789,55.56,102.141,155.643,65.63,35.48,35.04,35.06
2026-05-16T19:33:39+00:00,1778960019.788,99.86,69.889,125.789,55.56,102.150,155.643,65.63,35.52,35.06,35.07
2026-05-16T19:33:44+00:00,1778960024.789,99.87,69.895,125.789,55.57,102.156,155.643,65.64,35.32,35.02,35.06
2026-05-16T19:33:49+00:00,1778960029.790,99.87,69.903,125.789,55.57,102.163,155.643,65.64,35.61,35.09,35.08
2026-05-16T19:33:54+00:00,1778960034.792,99.87,69.913,125.789,55.58,102.169,155.643,65.64,35.64,35.11,35.08
2026-05-16T19:33:59+00:00,1778960039.793,99.87,69.921,125.789,55.59,102.177,155.643,65.65,35.91,35.17,35.10
2026-05-16T19:34:04+00:00,1778960044.795,99.87,69.932,125.789,55.59,102.182,155.643,65.65,36.80,35.37,35.17
2026-05-16T19:34:09+00:00,1778960049.796,99.88,69.938,125.789,55.60,102.189,155.643,65.66,37.30,35.49,35.21
2026-05-16T19:34:14+00:00,1778960054.797,99.88,69.945,125.789,55.60,102.196,155.643,65.66,37.03,35.47,35.20
2026-05-16T19:34:19+00:00,1778960059.799,99.87,69.958,125.789,55.62,102.202,155.643,65.66,36.71,35.43,35.19
2026-05-16T19:34:24+00:00,1778960064.800,99.88,69.966,125.789,55.62,102.209,155.643,65.67,37.21,35.55,35.23
2026-05-16T19:34:29+00:00,1778960069.801,99.87,70.073,125.789,55.71,102.216,155.643,65.67,37.44,35.63,35.26
2026-05-16T19:34:34+00:00,1778960074.803,99.86,70.075,125.789,55.71,102.227,155.643,65.68,37.40,35.65,35.27
2026-05-16T19:34:39+00:00,1778960079.804,99.82,70.116,125.789,55.74,102.241,155.643,65.69,36.97,35.59,35.25
2026-05-16T19:34:44+00:00,1778960084.805,99.86,70.112,125.789,55.74,102.259,155.643,65.70,36.65,35.55,35.24
2026-05-16T19:34:49+00:00,1778960089.807,99.86,70.111,125.789,55.74,102.279,155.643,65.71,36.28,35.49,35.22
2026-05-16T19:34:54+00:00,1778960094.808,99.85,70.081,125.789,55.71,102.290,155.643,65.72,36.34,35.51,35.23
2026-05-16T19:34:59+00:00,1778960099.809,99.85,70.082,125.789,55.71,102.300,155.643,65.73,35.99,35.45,35.21
2026-05-16T19:35:04+00:00,1778960104.811,99.88,70.072,125.789,55.71,102.310,155.643,65.73,35.67,35.40,35.20
2026-05-16T19:35:09+00:00,1778960109.812,99.85,70.077,125.789,55.71,102.319,155.643,65.74,35.86,35.44,35.21
2026-05-16T19:35:14+00:00,1778960114.813,99.86,70.073,125.789,55.71,102.328,155.643,65.75,35.55,35.38,35.19
2026-05-16T19:35:19+00:00,1778960119.815,99.86,70.080,125.789,55.71,102.336,155.643,65.75,35.50,35.38,35.19
2026-05-16T19:35:24+00:00,1778960124.816,99.86,70.091,125.789,55.72,102.342,155.643,65.75,35.22,35.32,35.17
2026-05-16T19:35:29+00:00,1778960129.817,99.87,70.092,125.789,55.72,102.350,155.643,65.76,35.61,35.40,35.20
2026-05-16T19:35:34+00:00,1778960134.819,99.86,70.095,125.789,55.72,102.358,155.643,65.76,36.44,35.58,35.26
2026-05-16T19:35:39+00:00,1778960139.820,99.86,70.102,125.789,55.73,102.365,155.643,65.77,36.08,35.52,35.24
2026-05-16T19:35:44+00:00,1778960144.821,99.86,70.114,125.789,55.74,102.372,155.643,65.77,35.84,35.47,35.23
2026-05-16T19:35:49+00:00,1778960149.823,99.86,70.121,125.789,55.74,102.378,155.643,65.78,35.61,35.43,35.22
2026-05-16T19:35:54+00:00,1778960154.824,99.86,70.127,125.789,55.75,102.385,155.643,65.78,35.56,35.42,35.22
2026-05-16T19:35:59+00:00,1778960159.826,99.86,70.132,125.789,55.75,102.393,155.643,65.79,35.35,35.38,35.20
2026-05-16T19:36:04+00:00,1778960164.827,99.85,70.240,125.789,55.84,102.401,155.643,65.79,35.25,35.36,35.20
2026-05-16T19:36:09+00:00,1778960169.828,99.84,70.226,125.789,55.83,102.411,155.643,65.80,35.22,35.35,35.19
2026-05-16T19:36:14+00:00,1778960174.830,99.86,70.230,125.789,55.83,102.425,155.643,65.81,35.05,35.31,35.18
2026-05-16T19:36:19+00:00,1778960179.831,99.87,70.223,125.789,55.83,102.443,155.643,65.82,34.88,35.28,35.17
2026-05-16T19:36:24+00:00,1778960184.832,99.86,70.205,125.789,55.81,102.459,155.643,65.83,35.53,35.40,35.21
2026-05-16T19:36:29+00:00,1778960189.834,99.87,70.193,125.789,55.80,102.470,155.643,65.84,35.25,35.35,35.20
2026-05-16T19:36:34+00:00,1778960194.835,99.87,70.199,125.789,55.81,102.480,155.643,65.84,35.31,35.36,35.20
2026-05-16T19:36:39+00:00,1778960199.836,99.86,70.185,125.789,55.80,102.491,155.643,65.85,35.04,35.30,35.18
2026-05-16T19:36:44+00:00,1778960204.837,99.87,70.189,125.789,55.80,102.501,155.643,65.86,34.80,35.25,35.16
2026-05-16T19:36:49+00:00,1778960209.839,99.87,70.194,125.789,55.80,102.510,155.643,65.86,34.82,35.24,35.16
2026-05-16T19:36:54+00:00,1778960214.840,99.86,70.205,125.789,55.81,102.519,155.643,65.87,34.51,35.17,35.14
2026-05-16T19:36:59+00:00,1778960219.841,99.84,70.213,125.789,55.82,102.527,155.643,65.87,34.47,35.15,35.13
2026-05-16T19:37:04+00:00,1778960224.843,99.87,70.222,125.789,55.83,102.534,155.643,65.88,34.91,35.23,35.16
2026-05-16T19:37:09+00:00,1778960229.844,99.87,70.230,125.789,55.83,102.541,155.643,65.88,34.76,35.20,35.15
2026-05-16T19:37:14+00:00,1778960234.845,99.86,70.241,125.789,55.84,102.548,155.643,65.89,34.62,35.16,35.14
2026-05-16T19:37:19+00:00,1778960239.847,99.87,70.253,125.789,55.85,102.556,155.643,65.89,34.41,35.11,35.12
2026-05-16T19:37:24+00:00,1778960244.848,99.86,70.267,125.789,55.86,102.562,155.643,65.90,34.86,35.19,35.15
2026-05-16T19:37:29+00:00,1778960249.849,99.87,70.276,125.789,55.87,102.569,155.643,65.90,34.79,35.17,35.14
2026-05-16T19:37:34+00:00,1778960254.851,99.86,70.391,125.789,55.96,102.577,155.643,65.91,35.61,35.33,35.19
2026-05-16T19:37:39+00:00,1778960259.852,99.88,70.385,125.789,55.96,102.586,155.643,65.91,35.32,35.28,35.18
2026-05-16T19:37:44+00:00,1778960264.853,99.86,70.403,125.789,55.97,102.597,155.643,65.92,35.05,35.22,35.16
2026-05-16T19:37:49+00:00,1778960269.855,99.86,70.406,125.789,55.97,102.613,155.643,65.93,34.81,35.17,35.14
2026-05-16T19:37:54+00:00,1778960274.856,99.87,70.404,125.789,55.97,102.632,155.643,65.94,35.46,35.30,35.18
2026-05-16T19:37:59+00:00,1778960279.857,99.86,70.398,125.789,55.97,102.646,155.643,65.95,35.59,35.33,35.19
2026-05-16T19:38:04+00:00,1778960284.859,99.87,70.376,125.789,55.95,102.656,155.643,65.96,35.54,35.32,35.19
2026-05-16T19:38:09+00:00,1778960289.860,99.86,70.373,125.789,55.95,102.667,155.643,65.96,35.41,35.30,35.19
2026-05-16T19:38:14+00:00,1778960294.862,99.87,70.370,125.789,55.94,102.677,155.643,65.97,35.62,35.34,35.20
2026-05-16T19:38:19+00:00,1778960299.863,99.86,70.380,125.789,55.95,102.687,155.643,65.98,35.57,35.34,35.20
2026-05-16T19:38:24+00:00,1778960304.864,99.87,70.379,125.789,55.95,102.696,155.643,65.98,36.17,35.47,35.24
2026-05-16T19:38:29+00:00,1778960309.866,99.86,70.382,125.789,55.95,102.704,155.643,65.99,35.91,35.42,35.23
2026-05-16T19:38:34+00:00,1778960314.867,99.87,70.389,125.789,55.96,102.710,155.643,65.99,36.48,35.55,35.27
2026-05-16T19:38:39+00:00,1778960319.868,99.86,70.395,125.789,55.96,102.718,155.643,66.00,37.08,35.69,35.32
2026-05-16T19:38:44+00:00,1778960324.870,99.86,70.400,125.789,55.97,102.725,155.643,66.00,36.68,35.63,35.30
2026-05-16T19:38:49+00:00,1778960329.871,99.86,70.403,125.789,55.97,102.731,155.643,66.00,36.30,35.57,35.28
2026-05-16T19:38:54+00:00,1778960334.872,99.86,70.410,125.789,55.97,102.738,155.643,66.01,36.68,35.66,35.31
2026-05-16T19:38:59+00:00,1778960339.874,99.86,70.421,125.789,55.98,102.744,155.643,66.01,36.38,35.62,35.30
2026-05-16T19:39:04+00:00,1778960344.875,99.87,70.428,125.789,55.99,102.751,155.643,66.02,36.11,35.57,35.29
2026-05-16T19:39:09+00:00,1778960349.876,99.86,70.445,125.789,56.00,102.758,155.643,66.02,35.78,35.51,35.27
2026-05-16T19:39:14+00:00,1778960354.878,99.87,70.508,125.789,56.05,102.765,155.643,66.03,35.96,35.55,35.29
2026-05-16T19:39:19+00:00,1778960359.879,99.83,70.518,125.789,56.06,102.775,155.643,66.03,36.68,35.71,35.34
2026-05-16T19:39:24+00:00,1778960364.881,99.86,70.536,125.789,56.08,102.790,155.643,66.04,36.31,35.65,35.32
2026-05-16T19:39:29+00:00,1778960369.882,99.89,70.533,125.789,56.07,102.811,155.643,66.06,36.44,35.69,35.33
2026-05-16T19:39:34+00:00,1778960374.883,99.89,70.516,125.789,56.06,102.827,155.643,66.07,36.57,35.73,35.35
2026-05-16T19:39:39+00:00,1778960379.885,99.86,70.503,125.789,56.05,102.839,155.643,66.07,37.16,35.86,35.40
2026-05-16T19:39:44+00:00,1778960384.886,99.87,70.506,125.789,56.05,102.848,155.643,66.08,36.75,35.80,35.38
2026-05-16T19:39:49+00:00,1778960389.887,99.86,70.509,125.789,56.05,102.858,155.643,66.09,36.37,35.74,35.36
2026-05-16T19:39:54+00:00,1778960394.889,99.87,70.519,125.789,56.06,102.867,155.643,66.09,35.94,35.66,35.33
2026-05-16T19:39:59+00:00,1778960399.890,99.87,70.524,125.789,56.07,102.875,155.643,66.10,35.70,35.61,35.32
2026-05-16T19:40:04+00:00,1778960404.891,99.88,70.531,125.789,56.07,102.881,155.643,66.10,35.49,35.57,35.31
2026-05-16T19:40:09+00:00,1778960409.893,99.86,70.541,125.789,56.08,102.887,155.643,66.10,36.49,35.78,35.38
2026-05-16T19:40:14+00:00,1778960414.894,99.87,70.547,125.789,56.08,102.893,155.643,66.11,36.21,35.73,35.36
2026-05-16T19:40:19+00:00,1778960419.896,99.86,70.557,125.789,56.09,102.899,155.643,66.11,36.19,35.73,35.37
2026-05-16T19:40:24+00:00,1778960424.897,99.87,70.564,125.789,56.10,102.906,155.643,66.12,35.86,35.67,35.35
2026-05-16T19:40:29+00:00,1778960429.898,99.87,70.574,125.789,56.11,102.914,155.643,66.12,35.63,35.63,35.34
2026-05-16T19:40:34+00:00,1778960434.900,99.88,70.581,125.789,56.11,102.921,155.643,66.13,35.34,35.57,35.32
2026-05-16T19:40:39+00:00,1778960439.901,99.87,70.588,125.789,56.12,102.928,155.643,66.13,35.07,35.51,35.30
2026-05-16T19:40:44+00:00,1778960444.903,99.87,70.597,125.789,56.12,102.936,155.643,66.14,34.90,35.47,35.29
2026-05-16T19:40:49+00:00,1778960449.904,99.89,70.664,125.789,56.18,102.943,155.643,66.14,34.75,35.42,35.28
2026-05-16T19:40:54+00:00,1778960454.905,99.84,70.671,125.789,56.18,102.955,155.643,66.15,35.57,35.58,35.33
2026-05-16T19:40:59+00:00,1778960459.907,99.82,70.693,125.789,56.20,102.970,155.643,66.16,35.29,35.52,35.31
2026-05-16T19:41:04+00:00,1778960464.908,99.89,70.693,125.789,56.20,102.989,155.643,66.17,35.02,35.47,35.29
2026-05-16T19:41:09+00:00,1778960469.909,99.87,70.693,125.789,56.20,103.006,155.643,66.18,34.78,35.41,35.27
2026-05-16T19:41:14+00:00,1778960474.911,99.82,70.677,125.789,56.19,103.017,155.643,66.19,34.88,35.42,35.28
2026-05-16T19:41:19+00:00,1778960479.912,99.86,70.677,125.789,56.19,103.027,155.643,66.19,35.69,35.58,35.33
2026-05-16T19:41:24+00:00,1778960484.913,99.88,70.663,125.789,56.18,103.037,155.643,66.20,35.55,35.55,35.32
2026-05-16T19:41:29+00:00,1778960489.915,99.86,70.668,125.789,56.18,103.046,155.643,66.21,35.91,35.63,35.35
2026-05-16T19:41:34+00:00,1778960494.916,99.86,70.670,125.789,56.18,103.055,155.643,66.21,35.60,35.56,35.33
2026-05-16T19:41:39+00:00,1778960499.917,99.88,70.645,125.789,56.16,103.062,155.643,66.22,35.31,35.51,35.31
2026-05-16T19:41:44+00:00,1778960504.919,99.85,70.656,125.789,56.17,103.068,155.643,66.22,35.44,35.53,35.32
2026-05-16T19:41:49+00:00,1778960509.920,99.86,70.661,125.789,56.17,103.075,155.643,66.23,35.97,35.64,35.36
2026-05-16T19:41:54+00:00,1778960514.922,99.87,70.668,125.789,56.18,103.081,155.643,66.23,36.05,35.66,35.37
2026-05-16T19:41:59+00:00,1778960519.923,99.87,70.676,125.789,56.19,103.087,155.643,66.23,36.53,35.77,35.40
2026-05-16T19:42:04+00:00,1778960524.924,99.86,70.686,125.789,56.19,103.093,155.643,66.24,37.21,35.92,35.45
2026-05-16T19:42:09+00:00,1778960529.926,99.87,70.716,125.789,56.22,103.100,155.643,66.24,37.75,36.05,35.50
2026-05-16T19:42:14+00:00,1778960534.927,99.86,70.723,125.789,56.22,103.107,155.643,66.25,37.29,35.99,35.48
2026-05-16T19:42:19+00:00,1778960539.929,99.86,70.728,125.789,56.23,103.115,155.643,66.25,37.35,36.02,35.49
2026-05-16T19:42:24+00:00,1778960544.930,99.87,70.742,125.789,56.24,103.121,155.643,66.26,36.84,35.94,35.47
2026-05-16T19:42:29+00:00,1778960549.931,99.86,70.796,125.789,56.28,103.127,155.643,66.26,36.85,35.95,35.48
2026-05-16T19:42:34+00:00,1778960554.933,99.79,70.803,125.789,56.29,103.138,155.643,66.27,36.78,35.96,35.48
2026-05-16T19:42:39+00:00,1778960559.934,99.84,70.808,125.789,56.29,103.151,155.643,66.27,36.48,35.91,35.47
2026-05-16T19:42:44+00:00,1778960564.935,99.86,70.811,125.789,56.29,103.169,155.643,66.29,36.44,35.91,35.47
2026-05-16T19:42:49+00:00,1778960569.937,99.82,70.808,125.789,56.29,103.184,155.643,66.30,37.05,36.04,35.52
2026-05-16T19:42:54+00:00,1778960574.938,99.86,70.801,125.789,56.29,103.194,155.643,66.30,36.64,35.98,35.50
2026-05-16T19:42:59+00:00,1778960579.939,99.86,70.804,125.789,56.29,103.202,155.643,66.31,37.15,36.09,35.54
2026-05-16T19:43:04+00:00,1778960584.941,99.87,70.798,125.789,56.28,103.211,155.643,66.31,36.74,36.02,35.52
2026-05-16T19:43:09+00:00,1778960589.942,99.87,70.802,125.789,56.29,103.219,155.643,66.32,36.36,35.96,35.50
2026-05-16T19:43:14+00:00,1778960594.944,99.87,70.808,125.789,56.29,103.227,155.643,66.32,36.09,35.91,35.49
2026-05-16T19:43:19+00:00,1778960599.945,99.86,70.813,125.789,56.29,103.233,155.643,66.33,36.40,35.98,35.51
2026-05-16T19:43:24+00:00,1778960604.946,99.85,70.819,125.789,56.30,103.240,155.643,66.33,36.05,35.91,35.49
2026-05-16T19:43:29+00:00,1778960609.948,99.87,70.825,125.789,56.31,103.246,155.643,66.34,35.89,35.88,35.48
2026-05-16T19:43:34+00:00,1778960614.949,99.84,70.841,125.789,56.32,103.252,155.643,66.34,35.57,35.81,35.46
2026-05-16T19:43:39+00:00,1778960619.951,99.85,70.848,125.789,56.32,103.258,155.643,66.34,35.29,35.75,35.45
2026-05-16T19:43:44+00:00,1778960624.952,99.86,70.859,125.789,56.33,103.263,155.643,66.35,34.94,35.67,35.42
2026-05-16T19:43:49+00:00,1778960629.953,99.86,70.868,125.789,56.34,103.270,155.643,66.35,34.71,35.61,35.40
2026-05-16T19:43:54+00:00,1778960634.955,99.87,70.870,125.789,56.34,103.277,155.643,66.36,34.57,35.57,35.39
2026-05-16T19:43:59+00:00,1778960639.956,99.87,70.876,125.789,56.34,103.285,155.643,66.36,34.53,35.54,35.38
2026-05-16T19:44:04+00:00,1778960644.957,99.87,70.886,125.789,56.35,103.292,155.643,66.37,34.56,35.53,35.38
2026-05-16T19:44:09+00:00,1778960649.959,99.84,70.959,125.789,56.41,103.300,155.643,66.37,34.44,35.49,35.37
2026-05-16T19:44:14+00:00,1778960654.960,99.79,70.963,125.789,56.41,103.312,155.643,66.38,34.64,35.51,35.37
2026-05-16T19:44:19+00:00,1778960659.962,99.86,70.978,125.789,56.43,103.328,155.643,66.39,35.15,35.60,35.41
2026-05-16T19:44:24+00:00,1778960664.963,99.86,70.969,125.789,56.42,103.346,155.643,66.40,35.94,35.76,35.46
2026-05-16T19:44:29+00:00,1778960669.964,99.86,70.957,125.789,56.41,103.361,155.643,66.41,35.63,35.70,35.44
2026-05-16T19:44:34+00:00,1778960674.966,99.87,70.950,125.789,56.40,103.372,155.643,66.42,35.33,35.64,35.42
2026-05-16T19:44:39+00:00,1778960679.967,99.87,70.956,125.789,56.41,103.383,155.643,66.42,35.63,35.69,35.44
2026-05-16T19:44:44+00:00,1778960684.969,99.86,70.954,125.789,56.41,103.394,155.643,66.43,35.50,35.66,35.43
2026-05-16T19:44:49+00:00,1778960689.970,99.82,70.957,125.789,56.41,103.403,155.643,66.44,35.86,35.74,35.46
2026-05-16T19:44:54+00:00,1778960694.971,99.86,70.963,125.789,56.41,103.412,155.643,66.44,35.63,35.69,35.44
2026-05-16T19:44:59+00:00,1778960699.973,99.86,70.974,125.789,56.42,103.419,155.643,66.45,35.34,35.63,35.42
2026-05-16T19:45:04+00:00,1778960704.974,99.86,70.978,125.789,56.43,103.426,155.643,66.45,35.31,35.62,35.42
2026-05-16T19:45:09+00:00,1778960709.975,99.86,70.981,125.789,56.43,103.434,155.643,66.46,35.13,35.58,35.41
2026-05-16T19:45:14+00:00,1778960714.977,99.87,70.987,125.789,56.43,103.440,155.643,66.46,35.76,35.70,35.45
2026-05-16T19:45:19+00:00,1778960719.978,99.84,70.997,125.789,56.44,103.446,155.643,66.46,35.54,35.65,35.44
2026-05-16T19:45:24+00:00,1778960724.979,99.86,71.009,125.789,56.45,103.452,155.643,66.47,35.25,35.59,35.42
2026-05-16T19:45:29+00:00,1778960729.981,99.86,71.017,125.789,56.46,103.458,155.643,66.47,34.99,35.53,35.40
2026-05-16T19:45:34+00:00,1778960734.982,99.86,71.022,125.789,56.46,103.466,155.643,66.48,35.31,35.59,35.42
2026-05-16T19:45:39+00:00,1778960739.983,99.86,71.030,125.789,56.47,103.474,155.643,66.48,35.13,35.55,35.41
2026-05-16T19:45:44+00:00,1778960744.985,99.87,71.096,125.789,56.52,103.482,155.643,66.49,35.36,35.59,35.42
2026-05-16T19:45:49+00:00,1778960749.986,99.84,71.104,125.789,56.53,103.493,155.643,66.49,35.65,35.64,35.44
2026-05-16T19:45:54+00:00,1778960754.987,99.87,71.112,125.789,56.53,103.508,155.643,66.50,35.44,35.60,35.43
2026-05-16T19:45:59+00:00,1778960759.989,99.86,71.121,125.789,56.54,103.529,155.643,66.52,35.88,35.69,35.46
2026-05-16T19:46:04+00:00,1778960764.990,99.87,71.109,125.789,56.53,103.542,155.643,66.53,35.57,35.63,35.44
2026-05-16T19:46:09+00:00,1778960769.991,99.87,71.101,125.789,56.52,103.554,155.643,66.53,35.37,35.59,35.42
2026-05-16T19:46:14+00:00,1778960774.993,99.87,71.096,125.789,56.52,103.564,155.643,66.54,35.18,35.54,35.41
2026-05-16T19:46:19+00:00,1778960779.994,99.86,71.090,125.789,56.52,103.574,155.643,66.55,34.92,35.48,35.39
2026-05-16T19:46:24+00:00,1778960784.995,99.87,71.093,125.789,56.52,103.582,155.643,66.55,34.93,35.47,35.39
2026-05-16T19:46:29+00:00,1778960789.997,99.86,71.104,125.789,56.53,103.588,155.643,66.55,35.49,35.58,35.43
2026-05-16T19:46:34+00:00,1778960794.998,99.86,71.113,125.789,56.53,103.595,155.643,66.56,35.21,35.52,35.41
2026-05-16T19:46:39+00:00,1778960799.999,99.86,71.127,125.789,56.54,103.602,155.643,66.56,35.12,35.50,35.40
2026-05-16T19:46:45+00:00,1778960805.001,99.84,71.134,125.789,56.55,103.609,155.643,66.57,34.95,35.46,35.39
2026-05-16T19:46:50+00:00,1778960810.002,99.86,71.141,125.789,56.56,103.616,155.643,66.57,34.79,35.42,35.37
2026-05-16T19:46:55+00:00,1778960815.003,99.86,71.149,125.789,56.56,103.623,155.643,66.58,34.81,35.41,35.37
2026-05-16T19:47:00+00:00,1778960820.005,99.85,71.160,125.789,56.57,103.630,155.643,66.58,34.50,35.34,35.35
2026-05-16T19:47:05+00:00,1778960825.006,99.86,71.166,125.789,56.58,103.637,155.643,66.59,34.38,35.30,35.33
2026-05-16T19:47:10+00:00,1778960830.008,99.87,71.177,125.789,56.58,103.645,155.643,66.59,34.19,35.24,35.32
2026-05-16T19:47:15+00:00,1778960835.009,99.84,71.198,125.789,56.60,103.654,155.643,66.60,34.02,35.19,35.30
2026-05-16T19:47:20+00:00,1778960840.010,99.84,71.258,125.789,56.65,103.662,155.643,66.60,34.73,35.32,35.34
2026-05-16T19:47:25+00:00,1778960845.012,99.86,71.272,125.789,56.66,103.675,155.643,66.61,34.68,35.29,35.33
2026-05-16T19:47:30+00:00,1778960850.013,99.85,71.290,125.789,56.67,103.690,155.643,66.62,34.54,35.26,35.32
2026-05-16T19:47:35+00:00,1778960855.014,99.84,71.296,125.789,56.68,103.710,155.643,66.63,35.06,35.35,35.35
2026-05-16T19:47:40+00:00,1778960860.016,99.87,71.291,125.789,56.68,103.724,155.643,66.64,35.54,35.45,35.38
2026-05-16T19:47:45+00:00,1778960865.017,99.86,71.272,125.789,56.66,103.735,155.643,66.65,36.21,35.59,35.43
2026-05-16T19:47:50+00:00,1778960870.019,99.87,71.274,125.789,56.66,103.745,155.643,66.66,35.96,35.54,35.41
2026-05-16T19:47:55+00:00,1778960875.020,99.86,71.263,125.789,56.65,103.754,155.643,66.66,35.72,35.50,35.40
2026-05-16T19:48:00+00:00,1778960880.021,99.86,71.273,125.789,56.66,103.764,155.643,66.67,35.66,35.49,35.40
2026-05-16T19:48:05+00:00,1778960885.023,99.86,71.276,125.789,56.66,103.773,155.643,66.67,35.45,35.45,35.38
2026-05-16T19:48:10+00:00,1778960890.024,99.87,71.287,125.789,56.67,103.780,155.643,66.68,35.33,35.43,35.38
2026-05-16T19:48:15+00:00,1778960895.025,99.87,71.295,125.789,56.68,103.787,155.643,66.68,35.22,35.40,35.37
2026-05-16T19:48:20+00:00,1778960900.027,99.86,71.304,125.789,56.69,103.794,155.643,66.69,34.97,35.35,35.35
2026-05-16T19:48:25+00:00,1778960905.028,99.86,71.315,125.789,56.69,103.800,155.643,66.69,35.21,35.39,35.37
2026-05-16T19:48:30+00:00,1778960910.029,99.87,71.320,125.789,56.70,103.806,155.643,66.70,35.83,35.52,35.41
2026-05-16T19:48:35+00:00,1778960915.031,99.86,71.328,125.789,56.70,103.812,155.643,66.70,35.53,35.46,35.39
2026-05-16T19:48:40+00:00,1778960920.032,99.87,71.330,125.789,56.71,103.818,155.643,66.70,35.24,35.40,35.37
2026-05-16T19:48:45+00:00,1778960925.033,99.82,71.340,125.789,56.71,103.826,155.643,66.71,35.62,35.48,35.39
2026-05-16T19:48:50+00:00,1778960930.035,99.85,71.352,125.789,56.72,103.835,155.643,66.71,35.90,35.54,35.41
2026-05-16T19:48:55+00:00,1778960935.036,99.86,71.426,125.789,56.78,103.844,155.643,66.72,35.98,35.56,35.42
2026-05-16T19:49:00+00:00,1778960940.037,99.87,71.428,125.789,56.78,103.856,155.643,66.73,35.75,35.52,35.41
2026-05-16T19:49:05+00:00,1778960945.039,99.87,71.432,125.789,56.79,103.870,155.643,66.74,35.52,35.48,35.40
2026-05-16T19:49:10+00:00,1778960950.040,99.86,71.434,125.789,56.79,103.889,155.643,66.75,35.24,35.42,35.38
2026-05-16T19:49:15+00:00,1778960955.041,99.87,71.417,125.789,56.78,103.902,155.643,66.76,35.06,35.38,35.36
2026-05-16T19:49:20+00:00,1778960960.043,99.86,71.410,125.789,56.77,103.912,155.643,66.76,34.90,35.34,35.35
2026-05-16T19:49:25+00:00,1778960965.044,99.86,71.410,125.789,56.77,103.922,155.643,66.77,35.71,35.50,35.40
2026-05-16T19:49:30+00:00,1778960970.045,99.89,71.420,125.789,56.78,103.931,155.643,66.78,35.73,35.51,35.41
2026-05-16T19:49:35+00:00,1778960975.047,99.87,71.422,125.789,56.78,103.940,155.643,66.78,35.91,35.55,35.42
2026-05-16T19:49:40+00:00,1778960980.048,99.86,71.432,125.789,56.79,103.946,155.643,66.79,35.68,35.51,35.41
2026-05-16T19:49:45+00:00,1778960985.049,99.86,71.437,125.789,56.79,103.954,155.643,66.79,35.62,35.50,35.41
2026-05-16T19:49:50+00:00,1778960990.051,99.86,71.448,125.789,56.80,103.962,155.643,66.80,35.73,35.52,35.41
2026-05-16T19:49:55+00:00,1778960995.052,99.86,71.460,125.789,56.81,103.970,155.643,66.80,35.43,35.46,35.40
2026-05-16T19:50:00+00:00,1778961000.053,99.86,71.467,125.789,56.81,103.976,155.643,66.80,35.16,35.41,35.38
2026-05-16T19:50:05+00:00,1778961005.055,99.86,71.477,125.789,56.82,103.982,155.643,66.81,34.91,35.35,35.36
2026-05-16T19:50:10+00:00,1778961010.056,99.86,71.480,125.789,56.83,103.988,155.643,66.81,34.83,35.33,35.35
2026-05-16T19:50:15+00:00,1778961015.057,99.85,71.493,125.789,56.84,103.995,155.643,66.82,34.93,35.34,35.35
2026-05-16T19:50:20+00:00,1778961020.059,99.86,71.503,125.789,56.84,104.003,155.643,66.82,35.01,35.35,35.36
2026-05-16T19:50:25+00:00,1778961025.060,99.86,71.559,125.789,56.89,104.012,155.643,66.83,35.01,35.34,35.36
2026-05-16T19:50:30+00:00,1778961030.061,99.86,71.575,125.789,56.90,104.023,155.643,66.83,35.01,35.34,35.35
2026-05-16T19:50:35+00:00,1778961035.063,99.85,71.587,125.789,56.91,104.037,155.643,66.84,34.77,35.28,35.34
2026-05-16T19:50:40+00:00,1778961040.064,99.86,71.592,125.789,56.91,104.056,155.643,66.86,35.35,35.39,35.37
2026-05-16T19:50:45+00:00,1778961045.066,99.87,71.587,125.789,56.91,104.074,155.643,66.87,35.96,35.52,35.41
2026-05-16T19:50:50+00:00,1778961050.067,99.87,71.572,125.789,56.90,104.086,155.643,66.88,35.72,35.48,35.40
2026-05-16T19:50:55+00:00,1778961055.068,99.86,71.573,125.789,56.90,104.097,155.643,66.88,35.51,35.44,35.39
2026-05-16T19:51:00+00:00,1778961060.070,99.86,71.570,125.789,56.90,104.108,155.643,66.89,35.22,35.38,35.37
2026-05-16T19:51:05+00:00,1778961065.071,99.88,71.578,125.789,56.90,104.117,155.643,66.90,35.13,35.36,35.36
2026-05-16T19:51:10+00:00,1778961070.072,99.87,71.578,125.789,56.90,104.127,155.643,66.90,35.04,35.33,35.35
2026-05-16T19:51:15+00:00,1778961075.074,99.86,71.587,125.789,56.91,104.133,155.643,66.91,35.75,35.48,35.40
2026-05-16T19:51:20+00:00,1778961080.075,99.86,71.592,125.789,56.91,104.141,155.643,66.91,35.45,35.42,35.38
2026-05-16T19:51:25+00:00,1778961085.076,99.88,71.594,125.789,56.92,104.149,155.643,66.92,35.18,35.36,35.36
2026-05-16T19:51:30+00:00,1778961090.078,99.87,71.603,125.789,56.92,104.157,155.643,66.92,35.08,35.34,35.36
2026-05-16T19:51:35+00:00,1778961095.079,99.86,71.614,125.789,56.93,104.164,155.643,66.92,34.84,35.29,35.34
2026-05-16T19:51:40+00:00,1778961100.080,99.86,71.629,125.789,56.94,104.170,155.643,66.93,34.61,35.23,35.32
2026-05-16T19:51:45+00:00,1778961105.082,99.86,71.635,125.789,56.95,104.176,155.643,66.93,34.40,35.18,35.30
2026-05-16T19:51:50+00:00,1778961110.083,99.85,71.635,125.789,56.95,104.185,155.643,66.94,34.21,35.12,35.28
2026-05-16T19:51:55+00:00,1778961115.084,99.86,71.701,125.789,57.00,104.192,155.643,66.94,34.11,35.09,35.27
2026-05-16T19:52:00+00:00,1778961120.086,99.85,71.707,125.789,57.01,104.201,155.643,66.95,34.02,35.05,35.26
2026-05-16T19:52:05+00:00,1778961125.087,99.88,71.715,125.789,57.01,104.215,155.643,66.96,33.86,35.00,35.24
2026-05-16T19:52:10+00:00,1778961130.088,99.88,71.718,125.789,57.01,104.236,155.643,66.97,34.67,35.15,35.29
2026-05-16T19:52:15+00:00,1778961135.090,99.89,71.708,125.789,57.01,104.253,155.643,66.98,34.70,35.15,35.29
2026-05-16T19:52:20+00:00,1778961140.091,99.87,71.702,125.789,57.00,104.265,155.643,66.99,34.40,35.08,35.26
2026-05-16T19:52:25+00:00,1778961145.092,99.87,71.706,125.789,57.01,104.274,155.643,67.00,34.21,35.03,35.25
2026-05-16T19:52:30+00:00,1778961150.094,99.85,71.705,125.789,57.00,104.284,155.643,67.00,34.11,34.99,35.23
2026-05-16T19:52:35+00:00,1778961155.095,99.86,71.709,125.789,57.01,104.293,155.643,67.01,33.86,34.93,35.21
2026-05-16T19:52:40+00:00,1778961160.096,99.86,71.714,125.789,57.01,104.302,155.643,67.01,33.87,34.91,35.20
2026-05-16T19:52:45+00:00,1778961165.098,99.87,71.719,125.789,57.02,104.309,155.643,67.02,33.80,34.88,35.19
2026-05-16T19:52:50+00:00,1778961170.099,99.87,71.731,125.789,57.03,104.317,155.643,67.02,33.82,34.87,35.18
2026-05-16T19:52:55+00:00,1778961175.100,99.84,71.738,125.789,57.03,104.323,155.643,67.03,33.75,34.83,35.17
2026-05-16T19:53:00+00:00,1778961180.102,99.86,71.747,125.789,57.04,104.329,155.643,67.03,33.61,34.79,35.16
2026-05-16T19:53:05+00:00,1778961185.103,99.88,71.752,125.789,57.04,104.335,155.643,67.03,33.48,34.74,35.14
2026-05-16T19:53:10+00:00,1778961190.105,99.86,71.761,125.789,57.05,104.341,155.643,67.04,33.36,34.69,35.12
2026-05-16T19:53:15+00:00,1778961195.106,99.86,71.768,125.789,57.05,104.348,155.643,67.04,33.25,34.65,35.10
2026-05-16T19:53:20+00:00,1778961200.107,99.85,71.784,125.789,57.07,104.355,155.643,67.05,33.31,34.64,35.10
2026-05-16T19:53:25+00:00,1778961205.109,99.86,71.791,125.789,57.07,104.363,155.643,67.05,33.21,34.59,35.08
2026-05-16T19:53:30+00:00,1778961210.110,99.87,71.865,125.789,57.13,104.369,155.643,67.06,33.11,34.55,35.06
2026-05-16T19:53:35+00:00,1778961215.111,99.88,71.871,125.789,57.14,104.378,155.643,67.06,33.10,34.53,35.05
2026-05-16T19:53:40+00:00,1778961220.113,99.05,71.902,125.789,57.16,104.391,155.643,67.07,33.41,34.57,35.06
2026-05-16T19:53:45+00:00,1778961225.114,97.54,71.909,125.789,57.17,104.407,155.643,67.08,33.46,34.56,35.06
2026-05-16T19:53:50+00:00,1778961230.116,99.87,71.907,125.789,57.17,104.427,155.643,67.09,33.59,34.56,35.06
2026-05-16T19:53:55+00:00,1778961235.117,99.87,71.895,125.789,57.16,104.439,155.643,67.10,34.58,34.75,35.12
2026-05-16T19:54:00+00:00,1778961240.118,99.89,71.890,125.789,57.15,104.449,155.643,67.11,34.37,34.71,35.10
2026-05-16T19:54:05+00:00,1778961245.120,99.87,71.891,125.789,57.15,104.459,155.643,67.11,34.26,34.68,35.09
2026-05-16T19:54:10+00:00,1778961250.121,99.87,71.886,125.789,57.15,104.468,155.643,67.12,34.00,34.62,35.07
2026-05-16T19:54:15+00:00,1778961255.122,99.88,71.893,125.789,57.15,104.476,155.643,67.13,34.00,34.61,35.06
2026-05-16T19:54:20+00:00,1778961260.124,99.87,71.904,125.789,57.16,104.485,155.643,67.13,34.32,34.66,35.08
2026-05-16T19:54:25+00:00,1778961265.125,99.86,71.909,125.789,57.17,104.493,155.643,67.14,34.86,34.77,35.11
2026-05-16T19:54:30+00:00,1778961270.126,99.87,71.919,125.789,57.17,104.502,155.643,67.14,34.95,34.79,35.11
2026-05-16T19:54:35+00:00,1778961275.128,99.87,71.927,125.789,57.18,104.510,155.643,67.15,34.79,34.76,35.10
2026-05-16T19:54:40+00:00,1778961280.129,99.87,71.935,125.789,57.19,104.514,155.643,67.15,34.65,34.73,35.09
2026-05-16T19:54:45+00:00,1778961285.130,99.85,71.938,125.789,57.19,104.520,155.643,67.15,35.08,34.82,35.12
2026-05-16T19:54:50+00:00,1778961290.132,99.86,71.947,125.789,57.20,104.526,155.643,67.16,34.67,34.74,35.09
2026-05-16T19:54:55+00:00,1778961295.133,99.86,71.957,125.789,57.21,104.532,155.643,67.16,34.54,34.71,35.08
2026-05-16T19:55:00+00:00,1778961300.135,99.86,71.962,125.789,57.21,104.540,155.643,67.17,35.21,34.85,35.12
2026-05-16T19:55:05+00:00,1778961305.136,99.86,71.966,125.789,57.21,104.548,155.643,67.17,35.04,34.82,35.11
2026-05-16T19:55:10+00:00,1778961310.137,99.59,71.973,125.789,57.22,104.555,155.643,67.18,35.51,34.92,35.14
2026-05-16T19:55:15+00:00,1778961315.139,99.87,71.991,125.789,57.23,104.567,155.643,67.18,36.83,35.20,35.23
2026-05-16T19:55:20+00:00,1778961320.140,99.87,72.036,125.789,57.27,104.582,155.643,67.19,36.53,35.17,35.22
2026-05-16T19:55:25+00:00,1778961325.141,99.87,72.061,125.789,57.29,104.598,155.643,67.20,36.24,35.13,35.21
2026-05-16T19:55:30+00:00,1778961330.143,99.86,72.042,125.789,57.27,104.610,155.643,67.21,35.90,35.08,35.19
2026-05-16T19:55:35+00:00,1778961335.144,99.86,72.035,125.789,57.27,104.620,155.643,67.22,36.47,35.21,35.23
2026-05-16T19:55:40+00:00,1778961340.145,99.87,72.037,125.789,57.27,104.628,155.643,67.22,36.68,35.27,35.25
2026-05-16T19:55:45+00:00,1778961345.147,99.86,72.021,125.789,57.26,104.638,155.643,67.23,37.26,35.42,35.30
2026-05-16T19:55:50+00:00,1778961350.148,99.87,72.026,125.789,57.26,104.647,155.643,67.24,36.76,35.34,35.28
2026-05-16T19:55:55+00:00,1778961355.149,99.87,72.032,125.789,57.26,104.655,155.643,67.24,36.54,35.32,35.27
2026-05-16T19:56:00+00:00,1778961360.151,99.89,72.040,125.789,57.27,104.662,155.643,67.25,36.50,35.33,35.27
2026-05-16T19:56:05+00:00,1778961365.152,99.87,72.048,125.789,57.28,104.670,155.643,67.25,37.10,35.48,35.32
2026-05-16T19:56:10+00:00,1778961370.154,99.87,72.057,125.789,57.28,104.676,155.643,67.25,36.69,35.42,35.30
2026-05-16T19:56:15+00:00,1778961375.155,99.86,72.064,125.789,57.29,104.682,155.643,67.26,36.31,35.36,35.28
2026-05-16T19:56:20+00:00,1778961380.156,99.86,72.072,125.789,57.30,104.687,155.643,67.26,35.97,35.31,35.27
2026-05-16T19:56:25+00:00,1778961385.158,99.86,72.081,125.789,57.30,104.694,155.643,67.27,35.81,35.28,35.26
2026-05-16T19:56:30+00:00,1778961390.159,99.85,72.089,125.789,57.31,104.699,155.643,67.27,35.74,35.28,35.26
2026-05-16T19:56:35+00:00,1778961395.160,99.87,72.098,125.789,57.32,104.705,155.643,67.27,35.60,35.26,35.25
2026-05-16T19:56:40+00:00,1778961400.162,99.87,72.106,125.789,57.32,104.712,155.643,67.28,35.72,35.29,35.26
2026-05-16T19:56:45+00:00,1778961405.163,99.82,72.092,125.789,57.31,104.720,155.643,67.28,35.58,35.27,35.25
2026-05-16T19:56:50+00:00,1778961410.164,99.87,72.131,125.789,57.34,104.730,155.643,67.29,36.09,35.38,35.29
2026-05-16T19:56:55+00:00,1778961415.166,99.82,72.198,125.789,57.40,104.743,155.643,67.30,35.77,35.32,35.27
2026-05-16T19:57:00+00:00,1778961420.167,99.84,72.203,125.789,57.40,104.762,155.643,67.31,35.54,35.28,35.26
2026-05-16T19:57:05+00:00,1778961425.168,99.89,72.203,125.789,57.40,104.778,155.643,67.32,35.74,35.33,35.27
2026-05-16T19:57:10+00:00,1778961430.170,99.87,72.183,125.789,57.38,104.792,155.643,67.33,36.08,35.41,35.30
2026-05-16T19:57:15+00:00,1778961435.171,99.84,72.177,125.789,57.38,104.801,155.643,67.33,35.99,35.40,35.30
2026-05-16T19:57:20+00:00,1778961440.172,99.87,72.183,125.789,57.38,104.812,155.643,67.34,36.64,35.54,35.35
2026-05-16T19:57:25+00:00,1778961445.174,99.86,72.186,125.789,57.39,104.821,155.643,67.35,36.34,35.50,35.33
2026-05-16T19:57:30+00:00,1778961450.175,99.89,72.193,125.789,57.39,104.828,155.643,67.35,36.08,35.46,35.32
2026-05-16T19:57:35+00:00,1778961455.176,99.87,72.201,125.789,57.40,104.836,155.643,67.36,35.91,35.43,35.31
2026-05-16T19:57:40+00:00,1778961460.178,99.85,72.210,125.789,57.41,104.843,155.643,67.36,36.16,35.49,35.33
2026-05-16T19:57:45+00:00,1778961465.179,99.86,72.217,125.789,57.41,104.850,155.643,67.37,36.14,35.50,35.34
2026-05-16T19:57:50+00:00,1778961470.181,99.86,72.225,125.789,57.42,104.858,155.643,67.37,35.81,35.44,35.32
2026-05-16T19:57:55+00:00,1778961475.182,99.86,72.226,125.789,57.42,104.865,155.643,67.38,35.51,35.39,35.30
2026-05-16T19:58:00+00:00,1778961480.183,99.86,72.237,125.789,57.43,104.872,155.643,67.38,35.39,35.36,35.29
2026-05-16T19:58:05+00:00,1778961485.185,99.88,72.245,125.789,57.43,104.878,155.643,67.38,35.11,35.31,35.27
2026-05-16T19:58:10+00:00,1778961490.186,99.87,72.255,125.789,57.44,104.885,155.643,67.39,35.67,35.42,35.31
2026-05-16T19:58:15+00:00,1778961495.187,99.87,72.263,125.789,57.45,104.893,155.643,67.39,35.53,35.39,35.30
2026-05-16T19:58:20+00:00,1778961500.189,99.87,72.281,125.789,57.46,104.899,155.643,67.40,35.25,35.34,35.29
2026-05-16T19:58:25+00:00,1778961505.190,98.81,72.297,125.789,57.48,104.905,155.643,67.40,36.67,35.63,35.38
2026-05-16T19:58:30+00:00,1778961510.191,99.87,72.307,125.789,57.48,104.916,155.643,67.41,36.62,35.64,35.38
2026-05-16T19:58:35+00:00,1778961515.193,99.89,72.326,125.789,57.50,104.931,155.643,67.42,36.33,35.59,35.37
2026-05-16T19:58:40+00:00,1778961520.194,99.88,72.347,125.789,57.51,104.951,155.643,67.43,36.70,35.68,35.40
2026-05-16T19:58:45+00:00,1778961525.195,99.87,72.346,125.789,57.51,104.964,155.643,67.44,36.32,35.62,35.38
2026-05-16T19:58:50+00:00,1778961530.197,99.88,72.349,125.789,57.52,104.974,155.643,67.45,36.62,35.69,35.41
2026-05-16T19:58:55+00:00,1778961535.198,99.87,72.350,125.789,57.52,104.982,155.643,67.45,36.65,35.72,35.42
2026-05-16T19:59:00+00:00,1778961540.199,99.89,72.336,125.789,57.51,104.991,155.643,67.46,36.36,35.67,35.40
2026-05-16T19:59:05+00:00,1778961545.201,99.87,72.339,125.789,57.51,105.000,155.643,67.46,36.01,35.61,35.38
2026-05-16T19:59:10+00:00,1778961550.202,99.86,72.348,125.789,57.52,105.008,155.643,67.47,36.57,35.73,35.43
2026-05-16T19:59:15+00:00,1778961555.204,99.88,72.359,125.789,57.52,105.014,155.643,67.47,37.08,35.85,35.47
2026-05-16T19:59:20+00:00,1778961560.205,99.87,72.368,125.789,57.53,105.022,155.643,67.48,37.24,35.91,35.49
2026-05-16T19:59:25+00:00,1778961565.206,99.87,72.376,125.789,57.54,105.029,155.643,67.48,37.06,35.89,35.48
2026-05-16T19:59:30+00:00,1778961570.208,99.87,72.381,125.789,57.54,105.035,155.643,67.48,36.65,35.83,35.46
2026-05-16T19:59:35+00:00,1778961575.209,99.87,72.391,125.789,57.55,105.040,155.643,67.49,36.36,35.78,35.45
2026-05-16T19:59:40+00:00,1778961580.210,99.86,72.403,125.789,57.56,105.044,155.643,67.49,36.97,35.92,35.50
2026-05-16T19:59:45+00:00,1778961585.211,99.86,72.421,125.789,57.57,105.051,155.643,67.50,36.65,35.87,35.48
2026-05-16T19:59:50+00:00,1778961590.213,99.85,72.432,125.789,57.58,105.058,155.643,67.50,36.36,35.82,35.47
2026-05-16T19:59:55+00:00,1778961595.214,99.86,72.443,125.789,57.59,105.065,155.643,67.50,36.01,35.76,35.45
2026-05-16T20:00:00+00:00,1778961600.215,99.86,72.453,125.789,57.60,105.074,155.643,67.51,35.69,35.69,35.43
2026-05-16T20:00:05+00:00,1778961605.217,99.78,72.516,125.789,57.65,105.080,155.643,67.51,35.31,35.61,35.41
2026-05-16T20:00:10+00:00,1778961610.218,99.84,72.563,125.789,57.69,105.090,155.643,67.52,35.29,35.60,35.41
2026-05-16T20:00:15+00:00,1778961615.220,99.83,72.600,125.789,57.72,105.104,155.643,67.53,35.02,35.54,35.39
2026-05-16T20:00:20+00:00,1778961620.221,99.86,72.610,125.789,57.72,105.123,155.643,67.54,35.02,35.54,35.38
2026-05-16T20:00:25+00:00,1778961625.223,99.86,72.616,125.789,57.73,105.141,155.643,67.55,34.86,35.49,35.37
2026-05-16T20:00:30+00:00,1778961630.224,99.85,72.599,125.789,57.72,105.153,155.643,67.56,34.63,35.43,35.35
2026-05-16T20:00:35+00:00,1778961635.225,99.86,72.597,125.789,57.71,105.163,155.643,67.57,34.98,35.49,35.37
2026-05-16T20:00:40+00:00,1778961640.226,99.85,72.579,125.789,57.70,105.172,155.643,67.57,34.82,35.45,35.36
2026-05-16T20:00:45+00:00,1778961645.228,99.86,72.584,125.789,57.70,105.181,155.643,67.58,34.60,35.39,35.34
2026-05-16T20:00:50+00:00,1778961650.229,99.86,72.590,125.789,57.71,105.189,155.643,67.58,34.47,35.35,35.33
2026-05-16T20:00:55+00:00,1778961655.230,99.86,72.595,125.789,57.71,105.196,155.643,67.59,34.35,35.32,35.32
2026-05-16T20:01:00+00:00,1778961660.232,99.86,72.605,125.789,57.72,105.204,155.643,67.59,34.40,35.31,35.31
2026-05-16T20:01:05+00:00,1778961665.233,99.87,72.610,125.789,57.72,105.212,155.643,67.60,34.21,35.25,35.30
2026-05-16T20:01:10+00:00,1778961670.234,99.87,72.615,125.789,57.73,105.221,155.643,67.60,34.19,35.23,35.29
2026-05-16T20:01:15+00:00,1778961675.236,99.87,72.626,125.789,57.74,105.228,155.643,67.61,34.82,35.35,35.32
2026-05-16T20:01:20+00:00,1778961680.237,99.85,72.639,125.789,57.75,105.234,155.643,67.61,35.63,35.51,35.38
2026-05-16T20:01:25+00:00,1778961685.238,99.86,72.646,125.789,57.75,105.240,155.643,67.62,36.06,35.60,35.41
2026-05-16T20:01:30+00:00,1778961690.240,99.86,72.653,125.789,57.76,105.246,155.643,67.62,36.54,35.70,35.44
2026-05-16T20:01:35+00:00,1778961695.241,99.86,72.668,125.789,57.77,105.253,155.643,67.62,36.26,35.66,35.43
2026-05-16T20:01:40+00:00,1778961700.242,99.86,72.600,125.789,57.72,105.262,155.643,67.63,36.96,35.82,35.48
2026-05-16T20:01:45+00:00,1778961705.244,99.84,72.713,125.789,57.81,105.269,155.643,67.64,37.28,35.90,35.51
2026-05-16T20:01:50+00:00,1778961710.245,99.87,72.691,125.789,57.79,105.280,155.643,67.64,37.34,35.94,35.52
2026-05-16T20:01:55+00:00,1778961715.247,99.87,72.700,125.789,57.80,105.293,155.643,67.65,37.47,35.99,35.54
2026-05-16T20:02:00+00:00,1778961720.248,99.83,72.699,125.789,57.79,105.311,155.643,67.66,37.11,35.94,35.53
2026-05-16T20:02:05+00:00,1778961725.249,99.88,72.679,125.789,57.78,105.324,155.643,67.67,37.66,36.07,35.58
2026-05-16T20:02:10+00:00,1778961730.251,99.87,72.664,125.789,57.77,105.334,155.643,67.68,37.21,36.00,35.56
2026-05-16T20:02:15+00:00,1778961735.252,99.87,72.668,125.789,57.77,105.343,155.643,67.68,36.79,35.94,35.54
2026-05-16T20:02:20+00:00,1778961740.253,99.86,72.665,125.789,57.77,105.352,155.643,67.69,36.49,35.89,35.52
2026-05-16T20:02:25+00:00,1778961745.255,99.86,72.668,125.789,57.77,105.361,155.643,67.69,36.69,35.94,35.54
2026-05-16T20:02:30+00:00,1778961750.256,99.87,72.673,125.789,57.77,105.367,155.643,67.70,36.72,35.96,35.55
2026-05-16T20:02:35+00:00,1778961755.257,99.87,72.681,125.789,57.78,105.374,155.643,67.70,36.42,35.91,35.54
2026-05-16T20:02:40+00:00,1778961760.259,99.87,72.688,125.789,57.79,105.381,155.643,67.71,36.06,35.84,35.52
2026-05-16T20:02:45+00:00,1778961765.260,99.86,72.695,125.789,57.79,105.388,155.643,67.71,35.74,35.78,35.50
2026-05-16T20:02:50+00:00,1778961770.262,99.87,72.705,125.789,57.80,105.394,155.643,67.72,35.84,35.80,35.51
2026-05-16T20:02:55+00:00,1778961775.263,99.86,72.715,125.789,57.81,105.400,155.643,67.72,35.77,35.79,35.50
2026-05-16T20:03:00+00:00,1778961780.264,99.87,72.726,125.789,57.82,105.406,155.643,67.72,36.27,35.89,35.54
2026-05-16T20:03:05+00:00,1778961785.266,99.87,72.733,125.789,57.82,105.411,155.643,67.73,36.09,35.86,35.53
2026-05-16T20:03:10+00:00,1778961790.267,99.86,72.741,125.789,57.83,105.418,155.643,67.73,36.64,35.98,35.57
2026-05-16T20:03:15+00:00,1778961795.268,99.87,72.744,125.789,57.83,105.425,155.643,67.74,36.27,35.91,35.55
2026-05-16T20:03:20+00:00,1778961800.270,99.85,72.770,125.789,57.85,105.433,155.643,67.74,36.09,35.88,35.54
2026-05-16T20:03:25+00:00,1778961805.271,99.86,72.809,125.789,57.88,105.443,155.643,67.75,36.72,36.02,35.59
2026-05-16T20:03:30+00:00,1778961810.273,99.86,72.865,125.789,57.93,105.457,155.643,67.76,36.50,35.98,35.58
2026-05-16T20:03:35+00:00,1778961815.274,99.86,72.877,125.789,57.94,105.476,155.643,67.77,36.14,35.91,35.56
2026-05-16T20:03:40+00:00,1778961820.275,99.87,72.884,125.789,57.94,105.493,155.643,67.78,35.81,35.85,35.54
2026-05-16T20:03:45+00:00,1778961825.277,99.86,72.868,125.789,57.93,105.506,155.643,67.79,35.51,35.79,35.52
2026-05-16T20:03:50+00:00,1778961830.278,99.84,72.871,125.789,57.93,105.517,155.643,67.79,35.30,35.74,35.51
2026-05-16T20:03:55+00:00,1778961835.279,99.86,72.873,125.789,57.93,105.528,155.643,67.80,35.12,35.69,35.49
2026-05-16T20:04:00+00:00,1778961840.281,99.86,72.871,125.789,57.93,105.537,155.643,67.81,35.03,35.66,35.49
2026-05-16T20:04:05+00:00,1778961845.282,99.87,72.868,125.789,57.93,105.545,155.643,67.81,34.87,35.62,35.47
2026-05-16T20:04:10+00:00,1778961850.284,99.86,72.875,125.789,57.93,105.554,155.643,67.82,34.72,35.58,35.46
2026-05-16T20:04:15+00:00,1778961855.285,99.87,72.880,125.789,57.94,105.561,155.643,67.82,34.58,35.53,35.45
2026-05-16T20:04:20+00:00,1778961860.286,99.86,72.886,125.789,57.94,105.569,155.643,67.83,34.37,35.47,35.43
2026-05-16T20:04:25+00:00,1778961865.288,99.85,72.897,125.789,57.95,105.577,155.643,67.83,34.26,35.43,35.41
2026-05-16T20:04:30+00:00,1778961870.289,99.86,72.910,125.789,57.96,105.584,155.643,67.84,34.08,35.38,35.39
2026-05-16T20:04:35+00:00,1778961875.290,99.86,72.910,125.789,57.96,105.591,155.643,67.84,33.99,35.34,35.38
2026-05-16T20:04:40+00:00,1778961880.291,99.85,72.920,125.789,57.97,105.597,155.643,67.85,33.91,35.30,35.37
2026-05-16T20:04:45+00:00,1778961885.293,99.86,72.926,125.789,57.97,105.603,155.643,67.85,33.76,35.24,35.35
2026-05-16T20:04:50+00:00,1778961890.294,99.86,72.933,125.789,57.98,105.610,155.643,67.85,34.58,35.39,35.40
2026-05-16T20:04:55+00:00,1778961895.295,99.85,73.021,125.789,58.05,105.617,155.643,67.86,34.69,35.40,35.40
2026-05-16T20:05:00+00:00,1778961900.296,99.83,73.101,125.789,58.11,105.624,155.643,67.86,34.56,35.36,35.39
2026-05-16T20:05:05+00:00,1778961905.298,99.87,73.117,125.789,58.13,105.635,155.643,67.87,35.08,35.45,35.42
2026-05-16T20:05:10+00:00,1778961910.299,99.87,73.140,125.789,58.15,105.652,155.643,67.88,34.91,35.41,35.40
2026-05-16T20:05:15+00:00,1778961915.301,99.88,73.154,125.789,58.16,105.672,155.643,67.89,35.80,35.59,35.46
2026-05-16T20:05:20+00:00,1778961920.302,99.86,73.141,125.789,58.15,105.684,155.643,67.90,35.81,35.59,35.46
2026-05-16T20:05:25+00:00,1778961925.303,99.87,73.143,125.789,58.15,105.694,155.643,67.91,35.59,35.55,35.45
2026-05-16T20:05:30+00:00,1778961930.304,99.87,73.138,125.789,58.14,105.704,155.643,67.91,35.38,35.51,35.44
2026-05-16T20:05:35+00:00,1778961935.306,99.87,73.142,125.789,58.15,105.713,155.643,67.92,35.19,35.47,35.42
2026-05-16T20:05:40+00:00,1778961940.307,99.86,73.147,125.789,58.15,105.722,155.643,67.93,34.93,35.41,35.41
2026-05-16T20:05:45+00:00,1778961945.308,99.87,73.156,125.789,58.16,105.729,155.643,67.93,35.34,35.49,35.43
2026-05-16T20:05:50+00:00,1778961950.310,99.85,73.172,125.789,58.17,105.737,155.643,67.94,35.07,35.43,35.41
2026-05-16T20:05:55+00:00,1778961955.311,99.87,73.178,125.789,58.18,105.744,155.643,67.94,34.83,35.37,35.39
2026-05-16T20:06:00+00:00,1778961960.312,99.88,73.186,125.789,58.18,105.751,155.643,67.94,35.16,35.43,35.41
2026-05-16T20:06:05+00:00,1778961965.314,99.87,73.191,125.789,58.19,105.756,155.643,67.95,34.91,35.37,35.39
2026-05-16T20:06:10+00:00,1778961970.315,99.87,73.200,125.789,58.19,105.762,155.643,67.95,34.83,35.35,35.39
2026-05-16T20:06:15+00:00,1778961975.316,99.87,73.203,125.789,58.20,105.769,155.643,67.96,34.61,35.29,35.37
2026-05-16T20:06:20+00:00,1778961980.318,99.80,73.062,125.789,58.08,105.776,155.643,67.96,34.40,35.24,35.35
2026-05-16T20:06:25+00:00,1778961985.319,99.81,73.069,125.789,58.09,105.784,155.643,67.97,33.97,35.14,35.32
2026-05-16T20:06:30+00:00,1778961990.320,99.87,73.175,125.789,58.17,105.792,155.643,67.97,34.05,35.13,35.31
2026-05-16T20:06:35+00:00,1778961995.322,99.86,73.168,125.789,58.17,105.801,155.643,67.98,33.96,35.10,35.30
2026-05-16T20:06:40+00:00,1778962000.323,99.85,73.187,125.789,58.18,105.814,155.643,67.99,34.77,35.25,35.35
2026-05-16T20:06:45+00:00,1778962005.324,99.86,73.203,125.789,58.20,105.830,155.643,68.00,34.63,35.21,35.33
2026-05-16T20:06:50+00:00,1778962010.326,99.86,73.199,125.789,58.19,105.850,155.643,68.01,34.74,35.22,35.34
2026-05-16T20:06:55+00:00,1778962015.327,99.87,73.190,125.789,58.18,105.864,155.643,68.02,35.00,35.27,35.35
2026-05-16T20:07:00+00:00,1778962020.329,99.86,73.180,125.789,58.18,105.873,155.643,68.02,35.16,35.30,35.36
2026-05-16T20:07:05+00:00,1778962025.330,99.88,73.180,125.789,58.18,105.883,155.643,68.03,35.63,35.39,35.39
2026-05-16T20:07:10+00:00,1778962030.331,99.87,73.171,125.789,58.17,105.892,155.643,68.04,35.50,35.37,35.39
2026-05-16T20:07:15+00:00,1778962035.333,99.85,73.179,125.789,58.18,105.902,155.643,68.04,35.46,35.36,35.38
2026-05-16T20:07:20+00:00,1778962040.334,99.86,73.181,125.789,58.18,105.910,155.643,68.05,35.18,35.31,35.36
2026-05-16T20:07:25+00:00,1778962045.335,99.86,73.192,125.789,58.19,105.919,155.643,68.05,34.92,35.25,35.35
2026-05-16T20:07:30+00:00,1778962050.337,99.85,73.197,125.789,58.19,105.928,155.643,68.06,34.69,35.20,35.33
2026-05-16T20:07:35+00:00,1778962055.338,99.85,73.210,125.789,58.20,105.938,155.643,68.06,34.55,35.16,35.32
2026-05-16T20:07:40+00:00,1778962060.340,99.87,73.212,125.789,58.20,105.945,155.643,68.07,34.35,35.11,35.30
2026-05-16T20:07:45+00:00,1778962065.341,99.86,73.224,125.789,58.21,105.951,155.643,68.07,34.16,35.05,35.28
2026-05-16T20:07:50+00:00,1778962070.342,99.87,73.225,125.789,58.21,105.957,155.643,68.08,33.99,35.00,35.26
2026-05-16T20:07:55+00:00,1778962075.344,99.85,73.231,125.789,58.22,105.963,155.643,68.08,33.91,34.97,35.25
2026-05-16T20:08:00+00:00,1778962080.345,99.85,73.245,125.789,58.23,105.970,155.643,68.09,34.40,35.05,35.27
2026-05-16T20:08:05+00:00,1778962085.346,99.85,73.255,125.789,58.24,105.978,155.643,68.09,34.36,35.04,35.27
2026-05-16T20:08:10+00:00,1778962090.348,99.82,73.305,125.789,58.28,105.985,155.643,68.10,34.66,35.09,35.28
2026-05-16T20:08:15+00:00,1778962095.349,99.86,73.310,125.789,58.28,105.996,155.643,68.10,35.00,35.15,35.30
2026-05-16T20:08:20+00:00,1778962100.351,99.86,73.340,125.789,58.30,106.009,155.643,68.11,34.76,35.10,35.28
2026-05-16T20:08:25+00:00,1778962105.352,99.86,73.365,125.789,58.32,106.027,155.643,68.12,34.78,35.10,35.28
2026-05-16T20:08:30+00:00,1778962110.353,99.87,73.358,125.789,58.32,106.041,155.643,68.13,34.56,35.04,35.26
2026-05-16T20:08:35+00:00,1778962115.355,99.87,73.354,125.789,58.32,106.051,155.643,68.14,34.43,35.01,35.25
2026-05-16T20:08:40+00:00,1778962120.356,99.87,73.354,125.789,58.32,106.061,155.643,68.14,34.24,34.96,35.23
2026-05-16T20:08:45+00:00,1778962125.358,99.86,73.360,125.789,58.32,106.071,155.643,68.15,34.78,35.06,35.27
2026-05-16T20:08:50+00:00,1778962130.359,99.86,73.362,125.789,58.32,106.080,155.643,68.16,35.20,35.14,35.29
2026-05-16T20:08:55+00:00,1778962135.360,99.85,73.372,125.789,58.33,106.088,155.643,68.16,36.14,35.34,35.35
2026-05-16T20:09:00+00:00,1778962140.362,99.86,73.381,125.789,58.34,106.097,155.643,68.17,36.05,35.33,35.35
2026-05-16T20:09:05+00:00,1778962145.363,99.87,73.387,125.789,58.34,106.105,155.643,68.17,35.89,35.31,35.35
2026-05-16T20:09:10+00:00,1778962150.365,99.87,73.396,125.789,58.35,106.113,155.643,68.18,35.66,35.27,35.33
2026-05-16T20:09:15+00:00,1778962155.366,99.85,73.407,125.789,58.36,106.120,155.643,68.18,35.36,35.22,35.31
2026-05-16T20:09:20+00:00,1778962160.367,99.87,73.415,125.789,58.36,106.126,155.643,68.19,35.73,35.30,35.34
2026-05-16T20:09:25+00:00,1778962165.369,99.86,73.421,125.789,58.37,106.133,155.643,68.19,35.84,35.33,35.35
2026-05-16T20:09:30+00:00,1778962170.370,99.86,73.433,125.789,58.38,106.139,155.643,68.19,35.61,35.29,35.34
2026-05-16T20:09:35+00:00,1778962175.371,99.86,73.443,125.789,58.39,106.146,155.643,68.20,35.40,35.25,35.32
2026-05-16T20:09:40+00:00,1778962180.373,99.85,73.455,125.789,58.40,106.154,155.643,68.20,35.85,35.35,35.35
2026-05-16T20:09:45+00:00,1778962185.374,99.84,73.393,125.789,58.35,106.161,155.643,68.21,35.70,35.32,35.35
2026-05-16T20:09:50+00:00,1778962190.375,99.87,73.445,125.789,58.39,106.170,155.643,68.21,35.96,35.38,35.37
2026-05-16T20:09:55+00:00,1778962195.377,99.84,73.504,125.789,58.43,106.183,155.643,68.22,36.45,35.49,35.40
2026-05-16T20:10:00+00:00,1778962200.378,99.85,73.518,125.789,58.45,106.200,155.643,68.23,36.41,35.50,35.41
2026-05-16T20:10:05+00:00,1778962205.380,99.86,73.525,125.789,58.45,106.218,155.643,68.24,36.94,35.63,35.45
2026-05-16T20:10:10+00:00,1778962210.381,99.86,73.511,125.789,58.44,106.232,155.643,68.25,36.62,35.58,35.43
2026-05-16T20:10:15+00:00,1778962215.382,99.85,73.506,125.789,58.44,106.242,155.643,68.26,36.33,35.54,35.42
2026-05-16T20:10:20+00:00,1778962220.384,99.87,73.501,125.789,58.43,106.252,155.643,68.27,36.55,35.60,35.44
2026-05-16T20:10:25+00:00,1778962225.385,99.85,73.498,125.789,58.43,106.261,155.643,68.27,37.14,35.74,35.49
2026-05-16T20:10:30+00:00,1778962230.386,99.84,73.508,125.789,58.44,106.269,155.643,68.28,36.73,35.68,35.47
2026-05-16T20:10:35+00:00,1778962235.388,99.84,73.511,125.789,58.44,106.277,155.643,68.28,36.99,35.75,35.49
2026-05-16T20:10:40+00:00,1778962240.389,99.86,73.516,125.789,58.44,106.283,155.643,68.29,37.31,35.83,35.52
2026-05-16T20:10:45+00:00,1778962245.391,99.84,73.528,125.789,58.45,106.291,155.643,68.29,36.97,35.79,35.51
2026-05-16T20:10:50+00:00,1778962250.392,99.86,73.531,125.789,58.46,106.298,155.643,68.30,36.65,35.74,35.50
2026-05-16T20:10:55+00:00,1778962255.393,99.85,73.539,125.789,58.46,106.304,155.643,68.30,36.60,35.75,35.50
2026-05-16T20:11:00+00:00,1778962260.395,99.86,73.548,125.789,58.47,106.311,155.643,68.30,36.23,35.68,35.48
2026-05-16T20:11:05+00:00,1778962265.396,99.86,73.555,125.789,58.47,106.316,155.643,68.31,36.53,35.75,35.50
2026-05-16T20:11:10+00:00,1778962270.397,99.85,73.561,125.789,58.48,106.322,155.643,68.31,36.17,35.69,35.48
2026-05-16T20:11:15+00:00,1778962275.399,99.87,73.565,125.789,58.48,106.330,155.643,68.32,36.48,35.76,35.51
2026-05-16T20:11:20+00:00,1778962280.400,99.86,73.571,125.789,58.49,106.337,155.643,68.32,36.20,35.72,35.50
2026-05-16T20:11:25+00:00,1778962285.402,99.88,73.590,125.789,58.50,106.343,155.643,68.33,35.86,35.66,35.48
2026-05-16T20:11:30+00:00,1778962290.403,99.85,73.615,125.789,58.52,106.353,155.643,68.33,36.11,35.71,35.50
2026-05-16T20:11:35+00:00,1778962295.404,99.87,73.647,125.789,58.55,106.367,155.643,68.34,35.86,35.67,35.48
2026-05-16T20:11:40+00:00,1778962300.406,99.87,73.666,125.789,58.56,106.388,155.643,68.35,35.55,35.61,35.46
2026-05-16T20:11:45+00:00,1778962305.407,99.85,73.656,125.789,58.56,106.402,155.643,68.36,35.27,35.55,35.44
2026-05-16T20:11:50+00:00,1778962310.408,99.86,73.663,125.789,58.56,106.412,155.643,68.37,35.41,35.57,35.45
2026-05-16T20:11:55+00:00,1778962315.410,99.87,73.674,125.789,58.57,106.421,155.643,68.38,35.62,35.61,35.47
2026-05-16T20:12:00+00:00,1778962320.411,99.89,73.660,125.789,58.56,106.430,155.643,68.38,35.65,35.62,35.47
2026-05-16T20:12:05+00:00,1778962325.413,99.87,73.672,125.789,58.57,106.438,155.643,68.39,36.24,35.74,35.51
2026-05-16T20:12:10+00:00,1778962330.414,99.86,73.673,125.789,58.57,106.445,155.643,68.39,36.06,35.71,35.50
2026-05-16T20:12:15+00:00,1778962335.415,99.87,73.683,125.789,58.58,106.453,155.643,68.40,35.65,35.63,35.48
2026-05-16T20:12:20+00:00,1778962340.417,99.87,73.687,125.789,58.58,106.460,155.643,68.40,36.32,35.77,35.52
2026-05-16T20:12:25+00:00,1778962345.418,99.84,73.693,125.789,58.58,106.468,155.643,68.41,35.97,35.71,35.50
2026-05-16T20:12:30+00:00,1778962350.420,99.87,73.701,125.789,58.59,106.474,155.643,68.41,35.66,35.65,35.48
2026-05-16T20:12:35+00:00,1778962355.421,99.87,73.706,125.789,58.60,106.481,155.643,68.41,35.44,35.60,35.47
2026-05-16T20:12:40+00:00,1778962360.422,99.88,73.713,125.789,58.60,106.486,155.643,68.42,35.33,35.58,35.46
2026-05-16T20:12:45+00:00,1778962365.424,99.86,73.719,125.789,58.61,106.492,155.643,68.42,35.14,35.53,35.45
2026-05-16T20:12:50+00:00,1778962370.425,99.86,73.728,125.789,58.61,106.498,155.643,68.42,34.97,35.49,35.44
2026-05-16T20:12:55+00:00,1778962375.426,99.86,73.733,125.789,58.62,106.506,155.643,68.43,34.81,35.45,35.42
2026-05-16T20:13:00+00:00,1778962380.428,99.86,73.742,125.789,58.62,106.513,155.643,68.43,34.59,35.39,35.40
2026-05-16T20:13:05+00:00,1778962385.429,99.83,73.732,125.789,58.62,106.520,155.643,68.44,35.50,35.57,35.46
2026-05-16T20:13:10+00:00,1778962390.431,99.84,73.774,125.789,58.65,106.532,155.643,68.45,35.30,35.52,35.45
2026-05-16T20:13:15+00:00,1778962395.432,99.84,73.813,125.789,58.68,106.547,155.643,68.46,35.52,35.57,35.46
2026-05-16T20:13:20+00:00,1778962400.433,99.86,73.826,125.789,58.69,106.565,155.643,68.47,36.04,35.67,35.50
2026-05-16T20:13:25+00:00,1778962405.435,99.86,73.834,125.789,58.70,106.583,155.643,68.48,36.11,35.70,35.51
2026-05-16T20:13:30+00:00,1778962410.436,99.88,73.808,125.789,58.68,106.592,155.643,68.49,36.82,35.85,35.56
2026-05-16T20:13:35+00:00,1778962415.438,99.86,73.810,125.789,58.68,106.601,155.643,68.49,36.44,35.79,35.54
2026-05-16T20:13:40+00:00,1778962420.439,99.86,73.806,125.789,58.67,106.611,155.643,68.50,36.48,35.81,35.55
2026-05-16T20:13:45+00:00,1778962425.440,99.86,73.804,125.789,58.67,106.620,155.643,68.50,36.12,35.74,35.53
2026-05-16T20:13:50+00:00,1778962430.442,99.86,73.808,125.789,58.68,106.629,155.643,68.51,35.87,35.70,35.51
2026-05-16T20:13:55+00:00,1778962435.443,99.85,73.818,125.789,58.68,106.637,155.643,68.51,35.64,35.65,35.50
2026-05-16T20:14:00+00:00,1778962440.445,99.86,73.824,125.789,58.69,106.644,155.643,68.52,36.07,35.74,35.53
2026-05-16T20:14:05+00:00,1778962445.446,99.83,73.827,125.789,58.69,106.652,155.643,68.52,35.75,35.68,35.51
2026-05-16T20:14:10+00:00,1778962450.447,99.85,73.838,125.789,58.70,106.660,155.643,68.53,36.17,35.77,35.54
2026-05-16T20:14:15+00:00,1778962455.449,99.87,73.841,125.789,58.70,106.667,155.643,68.53,35.83,35.70,35.52
2026-05-16T20:14:20+00:00,1778962460.450,99.86,73.857,125.789,58.71,106.673,155.643,68.54,35.69,35.68,35.51
2026-05-16T20:14:25+00:00,1778962465.451,99.86,73.861,125.789,58.72,106.679,155.643,68.54,35.79,35.70,35.52
2026-05-16T20:14:30+00:00,1778962470.453,99.87,73.878,125.789,58.73,106.684,155.643,68.54,35.57,35.65,35.51
2026-05-16T20:14:35+00:00,1778962475.454,99.87,73.866,125.789,58.72,106.691,155.643,68.55,35.28,35.59,35.49
2026-05-16T20:14:40+00:00,1778962480.455,99.86,73.871,125.789,58.73,106.699,155.643,68.55,35.02,35.53,35.47
2026-05-16T20:14:45+00:00,1778962485.457,99.84,73.912,125.789,58.76,106.707,155.643,68.56,34.78,35.47,35.45
2026-05-16T20:14:50+00:00,1778962490.458,99.86,73.930,125.789,58.77,106.718,155.643,68.57,34.63,35.43,35.44
2026-05-16T20:14:55+00:00,1778962495.459,99.86,73.964,125.789,58.80,106.731,155.643,68.57,35.06,35.51,35.46
2026-05-16T20:15:00+00:00,1778962500.461,99.86,73.976,125.789,58.81,106.748,155.643,68.59,35.22,35.53,35.47
2026-05-16T20:15:05+00:00,1778962505.462,99.86,73.980,125.789,58.81,106.762,155.643,68.59,35.76,35.64,35.50
2026-05-16T20:15:10+00:00,1778962510.463,99.83,73.971,125.789,58.81,106.772,155.643,68.60,35.54,35.60,35.49
2026-05-16T20:15:15+00:00,1778962515.465,99.86,73.975,125.789,58.81,106.781,155.643,68.61,35.34,35.55,35.48
2026-05-16T20:15:20+00:00,1778962520.466,99.86,73.977,125.789,58.81,106.790,155.643,68.61,36.11,35.71,35.53
2026-05-16T20:15:25+00:00,1778962525.468,99.86,73.977,125.789,58.81,106.799,155.643,68.62,36.90,35.88,35.59
2026-05-16T20:15:30+00:00,1778962530.469,99.87,73.983,125.789,58.82,106.806,155.643,68.62,37.07,35.93,35.60
2026-05-16T20:15:35+00:00,1778962535.470,99.86,73.996,125.789,58.83,106.813,155.643,68.63,37.63,36.07,35.65
2026-05-16T20:15:40+00:00,1778962540.472,99.87,74.000,125.789,58.83,106.821,155.643,68.63,37.26,36.02,35.63
2026-05-16T20:15:45+00:00,1778962545.473,99.87,74.011,125.789,58.84,106.827,155.643,68.64,37.64,36.12,35.67
2026-05-16T20:15:50+00:00,1778962550.475,99.87,74.021,125.789,58.85,106.834,155.643,68.64,37.34,36.08,35.66
2026-05-16T20:15:55+00:00,1778962555.476,99.83,74.030,125.789,58.85,106.840,155.643,68.64,37.88,36.21,35.70
2026-05-16T20:16:00+00:00,1778962560.477,99.86,74.034,125.789,58.86,106.847,155.643,68.65,38.45,36.36,35.76
2026-05-16T20:16:05+00:00,1778962565.479,99.86,74.044,125.789,58.86,106.853,155.643,68.65,37.93,36.29,35.73
2026-05-16T20:16:10+00:00,1778962570.480,99.86,74.053,125.789,58.87,106.860,155.643,68.66,37.86,36.30,35.74
2026-05-16T20:16:15+00:00,1778962575.481,99.86,74.061,125.789,58.88,106.867,155.643,68.66,37.47,36.24,35.73
2026-05-16T20:16:20+00:00,1778962580.483,99.84,74.128,125.789,58.93,106.874,155.643,68.67,37.43,36.26,35.73
2026-05-16T20:16:25+00:00,1778962585.484,99.84,74.162,125.789,58.96,106.884,155.643,68.67,37.00,36.18,35.71
2026-05-16T20:16:30+00:00,1778962590.485,99.85,74.215,125.789,59.00,106.897,155.643,68.68,36.68,36.13,35.70
2026-05-16T20:16:35+00:00,1778962595.487,99.85,74.230,125.789,59.01,106.916,155.643,68.69,36.38,36.08,35.68
2026-05-16T20:16:40+00:00,1778962600.488,99.87,74.235,125.789,59.02,106.934,155.643,68.70,36.11,36.03,35.67
2026-05-16T20:16:45+00:00,1778962605.489,99.87,74.219,125.789,59.00,106.946,155.643,68.71,35.86,35.98,35.65
2026-05-16T20:16:50+00:00,1778962610.491,99.88,74.219,125.789,59.00,106.956,155.643,68.72,35.95,35.99,35.66
2026-05-16T20:16:55+00:00,1778962615.492,99.87,74.221,125.789,59.00,106.966,155.643,68.73,35.71,35.94,35.65
2026-05-16T20:17:00+00:00,1778962620.494,99.86,74.217,125.789,59.00,106.975,155.643,68.73,36.62,36.13,35.71
2026-05-16T20:17:05+00:00,1778962625.495,99.87,74.217,125.789,59.00,106.983,155.643,68.74,36.25,36.06,35.69
2026-05-16T20:17:10+00:00,1778962630.497,99.87,74.217,125.789,59.00,106.990,155.643,68.74,35.99,36.01,35.67
2026-05-16T20:17:15+00:00,1778962635.498,99.87,74.225,125.789,59.01,106.997,155.643,68.75,35.67,35.94,35.65
2026-05-16T20:17:20+00:00,1778962640.499,99.86,74.232,125.789,59.01,107.005,155.643,68.75,36.02,36.01,35.68
2026-05-16T20:17:25+00:00,1778962645.501,99.85,74.236,125.789,59.02,107.014,155.643,68.76,36.33,36.08,35.70
2026-05-16T20:17:30+00:00,1778962650.502,99.86,74.240,125.789,59.02,107.020,155.643,68.76,36.07,36.02,35.69
2026-05-16T20:17:35+00:00,1778962655.504,99.86,74.246,125.789,59.02,107.027,155.643,68.76,36.70,36.16,35.73
2026-05-16T20:17:40+00:00,1778962660.505,99.87,74.218,125.789,59.00,107.033,155.643,68.77,36.33,36.09,35.71
2026-05-16T20:17:45+00:00,1778962665.506,99.86,74.223,125.789,59.01,107.039,155.643,68.77,36.22,36.07,35.71
2026-05-16T20:17:50+00:00,1778962670.508,99.87,74.228,125.789,59.01,107.045,155.643,68.78,36.28,36.08,35.71
2026-05-16T20:17:55+00:00,1778962675.509,99.89,74.230,125.789,59.01,107.053,155.643,68.78,36.26,36.08,35.72
2026-05-16T20:18:00+00:00,1778962680.511,99.86,74.307,125.789,59.07,107.062,155.643,68.79,36.56,36.15,35.74
2026-05-16T20:18:05+00:00,1778962685.512,99.86,74.309,125.789,59.07,107.072,155.643,68.79,37.48,36.35,35.81
2026-05-16T20:18:10+00:00,1778962690.513,99.89,74.215,125.789,59.00,107.086,155.643,68.80,37.12,36.29,35.79
2026-05-16T20:18:15+00:00,1778962695.515,99.88,74.215,125.789,59.00,107.106,155.643,68.82,36.87,36.25,35.78
2026-05-16T20:18:20+00:00,1778962700.516,99.86,74.210,125.789,59.00,107.121,155.643,68.83,36.64,36.21,35.77
2026-05-16T20:18:25+00:00,1778962705.517,99.86,74.205,125.789,58.99,107.132,155.643,68.83,36.35,36.16,35.76
2026-05-16T20:18:30+00:00,1778962710.519,99.87,74.212,125.789,59.00,107.141,155.643,68.84,36.72,36.24,35.78
2026-05-16T20:18:35+00:00,1778962715.520,99.87,74.202,125.789,58.99,107.151,155.643,68.84,36.74,36.25,35.79
2026-05-16T20:18:40+00:00,1778962720.522,99.89,74.211,125.789,59.00,107.160,155.643,68.85,36.44,36.20,35.78
2026-05-16T20:18:45+00:00,1778962725.523,99.86,74.218,125.789,59.00,107.167,155.643,68.85,36.09,36.13,35.75
2026-05-16T20:18:50+00:00,1778962730.524,99.86,74.229,125.789,59.01,107.174,155.643,68.86,36.32,36.18,35.77
2026-05-16T20:18:55+00:00,1778962735.526,99.87,74.236,125.789,59.02,107.182,155.643,68.86,36.05,36.12,35.76
2026-05-16T20:19:00+00:00,1778962740.527,99.86,74.246,125.789,59.02,107.189,155.643,68.87,36.53,36.22,35.79
2026-05-16T20:19:05+00:00,1778962745.529,99.86,74.251,125.789,59.03,107.196,155.643,68.87,36.25,36.17,35.78
2026-05-16T20:19:10+00:00,1778962750.530,99.84,74.262,125.789,59.04,107.203,155.643,68.88,35.91,36.10,35.76
2026-05-16T20:19:15+00:00,1778962755.531,99.86,74.273,125.789,59.05,107.209,155.643,68.88,35.83,36.08,35.75
2026-05-16T20:19:20+00:00,1778962760.533,99.86,74.284,125.789,59.05,107.216,155.643,68.89,35.61,36.03,35.74
2026-05-16T20:19:25+00:00,1778962765.534,99.86,74.291,125.789,59.06,107.223,155.643,68.89,35.48,36.00,35.73
2026-05-16T20:19:30+00:00,1778962770.535,99.87,74.297,125.789,59.07,107.231,155.643,68.90,36.24,36.15,35.78
2026-05-16T20:19:35+00:00,1778962775.537,99.85,74.357,125.789,59.11,107.240,155.643,68.90,35.74,36.04,35.75
2026-05-16T20:19:40+00:00,1778962780.538,99.86,74.368,125.789,59.12,107.251,155.643,68.91,35.52,35.99,35.73
2026-05-16T20:19:45+00:00,1778962785.540,99.86,74.396,125.789,59.14,107.266,155.643,68.92,35.32,35.94,35.71
2026-05-16T20:19:50+00:00,1778962790.541,99.86,74.403,125.789,59.15,107.285,155.643,68.93,35.29,35.93,35.71
2026-05-16T20:19:55+00:00,1778962795.542,99.85,74.379,125.789,59.13,107.300,155.643,68.94,35.11,35.88,35.70
2026-05-16T20:20:00+00:00,1778962800.544,99.84,74.366,125.789,59.12,107.311,155.643,68.95,34.86,35.81,35.68
2026-05-16T20:20:05+00:00,1778962805.545,99.86,74.370,125.789,59.12,107.320,155.643,68.95,34.63,35.75,35.66
2026-05-16T20:20:10+00:00,1778962810.547,99.85,74.363,125.789,59.12,107.329,155.643,68.96,34.58,35.72,35.65
2026-05-16T20:20:15+00:00,1778962815.548,99.86,74.374,125.789,59.13,107.339,155.643,68.96,34.93,35.78,35.66
2026-05-16T20:20:20+00:00,1778962820.549,99.86,74.386,125.789,59.14,107.348,155.643,68.97,35.66,35.91,35.71
2026-05-16T20:20:25+00:00,1778962825.551,99.85,74.392,125.789,59.14,107.357,155.643,68.98,35.37,35.85,35.69
2026-05-16T20:20:30+00:00,1778962830.552,99.86,74.398,125.789,59.15,107.365,155.643,68.98,35.90,35.95,35.72
2026-05-16T20:20:35+00:00,1778962835.553,99.86,74.403,125.789,59.15,107.373,155.643,68.99,35.66,35.90,35.71
2026-05-16T20:20:40+00:00,1778962840.555,99.85,74.412,125.789,59.16,107.382,155.643,68.99,35.53,35.87,35.70
2026-05-16T20:20:45+00:00,1778962845.556,99.86,74.419,125.789,59.16,107.389,155.643,69.00,35.25,35.80,35.68
2026-05-16T20:20:50+00:00,1778962850.558,99.86,74.427,125.789,59.17,107.395,155.643,69.00,35.07,35.76,35.67
2026-05-16T20:20:55+00:00,1778962855.559,99.87,74.441,125.789,59.18,107.401,155.643,69.01,35.14,35.76,35.67
2026-05-16T20:21:00+00:00,1778962860.560,99.84,74.455,125.789,59.19,107.408,155.643,69.01,34.89,35.70,35.65
2026-05-16T20:21:05+00:00,1778962865.562,99.87,74.460,125.789,59.19,107.417,155.643,69.01,34.82,35.67,35.64
2026-05-16T20:21:10+00:00,1778962870.563,99.87,74.527,125.789,59.25,107.425,155.643,69.02,34.83,35.66,35.63
2026-05-16T20:21:15+00:00,1778962875.564,99.83,74.535,125.789,59.25,107.434,155.643,69.03,34.61,35.60,35.61
2026-05-16T20:21:20+00:00,1778962880.566,99.86,74.544,125.789,59.26,107.448,155.643,69.03,34.40,35.54,35.60
2026-05-16T20:21:25+00:00,1778962885.567,99.87,74.544,125.789,59.26,107.464,155.643,69.05,34.45,35.53,35.59
2026-05-16T20:21:30+00:00,1778962890.569,99.83,74.544,125.789,59.26,107.480,155.643,69.06,34.25,35.47,35.57
2026-05-16T20:21:35+00:00,1778962895.570,99.86,74.526,125.789,59.25,107.491,155.643,69.06,34.71,35.55,35.60
2026-05-16T20:21:40+00:00,1778962900.571,99.86,74.530,125.789,59.25,107.500,155.643,69.07,34.57,35.50,35.58
2026-05-16T20:21:45+00:00,1778962905.573,99.86,74.525,125.789,59.25,107.510,155.643,69.08,34.45,35.46,35.57
2026-05-16T20:21:50+00:00,1778962910.574,99.86,74.528,125.789,59.25,107.520,155.643,69.08,34.25,35.40,35.55
2026-05-16T20:21:55+00:00,1778962915.575,99.86,74.541,125.789,59.26,107.528,155.643,69.09,34.39,35.41,35.55
2026-05-16T20:22:00+00:00,1778962920.577,99.86,74.555,125.789,59.27,107.535,155.643,69.09,34.36,35.39,35.54
2026-05-16T20:22:05+00:00,1778962925.578,99.87,74.562,125.789,59.28,107.543,155.643,69.10,34.33,35.37,35.53
2026-05-16T20:22:10+00:00,1778962930.579,99.85,74.576,125.789,59.29,107.550,155.643,69.10,34.86,35.46,35.56
2026-05-16T20:22:15+00:00,1778962935.581,99.86,74.579,125.789,59.29,107.558,155.643,69.11,35.44,35.57,35.60
2026-05-16T20:22:20+00:00,1778962940.582,99.85,74.587,125.789,59.30,107.565,155.643,69.11,36.28,35.74,35.65
2026-05-16T20:22:25+00:00,1778962945.584,99.86,74.598,125.789,59.30,107.572,155.643,69.11,35.94,35.68,35.63
2026-05-16T20:22:30+00:00,1778962950.585,99.86,74.600,125.789,59.31,107.578,155.643,69.12,35.78,35.65,35.63
2026-05-16T20:22:35+00:00,1778962955.586,99.87,74.608,125.789,59.31,107.584,155.643,69.12,35.48,35.59,35.61
2026-05-16T20:22:40+00:00,1778962960.588,99.86,74.618,125.789,59.32,107.592,155.643,69.13,35.20,35.53,35.59
2026-05-16T20:22:45+00:00,1778962965.589,99.86,74.685,125.789,59.37,107.601,155.643,69.13,35.02,35.49,35.57
2026-05-16T20:22:50+00:00,1778962970.590,99.86,74.699,125.789,59.38,107.612,155.643,69.14,34.78,35.43,35.55
2026-05-16T20:22:55+00:00,1778962975.592,99.85,74.735,125.789,59.41,107.625,155.643,69.15,34.88,35.44,35.56
2026-05-16T20:23:00+00:00,1778962980.593,99.86,74.736,125.789,59.41,107.643,155.643,69.16,34.65,35.38,35.54
2026-05-16T20:23:05+00:00,1778962985.595,99.87,74.738,125.789,59.42,107.662,155.643,69.17,34.44,35.33,35.52
2026-05-16T20:23:10+00:00,1778962990.596,99.87,74.717,125.789,59.40,107.674,155.643,69.18,35.04,35.44,35.55
2026-05-16T20:23:15+00:00,1778962995.597,99.86,74.715,125.789,59.40,107.685,155.643,69.19,34.80,35.38,35.53
2026-05-16T20:23:20+00:00,1778963000.599,99.87,74.712,125.789,59.40,107.696,155.643,69.19,34.65,35.34,35.52
2026-05-16T20:23:25+00:00,1778963005.600,99.86,74.714,125.789,59.40,107.704,155.643,69.20,34.52,35.30,35.50
2026-05-16T20:23:30+00:00,1778963010.601,99.87,74.720,125.789,59.40,107.713,155.643,69.21,34.40,35.26,35.49
2026-05-16T20:23:35+00:00,1778963015.603,99.86,74.724,125.789,59.40,107.722,155.643,69.21,35.17,35.41,35.54
2026-05-16T20:23:40+00:00,1778963020.604,99.86,74.740,125.789,59.42,107.729,155.643,69.22,35.64,35.50,35.57
2026-05-16T20:23:45+00:00,1778963025.605,99.84,74.747,125.789,59.42,107.737,155.643,69.22,35.34,35.44,35.55
2026-05-16T20:23:50+00:00,1778963030.607,99.86,74.748,125.789,59.42,107.746,155.643,69.23,35.16,35.40,35.53
2026-05-16T20:23:55+00:00,1778963035.608,99.87,74.752,125.789,59.43,107.752,155.643,69.23,35.22,35.41,35.54
2026-05-16T20:24:00+00:00,1778963040.609,99.86,74.762,125.789,59.43,107.758,155.643,69.23,35.21,35.40,35.53
2026-05-16T20:24:05+00:00,1778963045.611,99.87,74.769,125.789,59.44,107.763,155.643,69.24,35.11,35.38,35.52
2026-05-16T20:24:10+00:00,1778963050.612,99.87,74.778,125.789,59.45,107.770,155.643,69.24,34.86,35.33,35.51
2026-05-16T20:24:15+00:00,1778963055.614,99.86,74.786,125.789,59.45,107.778,155.643,69.25,35.11,35.37,35.52
2026-05-16T20:24:20+00:00,1778963060.615,99.86,74.791,125.789,59.46,107.785,155.643,69.25,35.18,35.38,35.52
2026-05-16T20:24:25+00:00,1778963065.616,99.83,74.817,125.789,59.48,107.794,155.643,69.26,35.01,35.34,35.51
2026-05-16T20:24:30+00:00,1778963070.618,99.87,74.837,125.789,59.49,107.808,155.643,69.27,34.85,35.30,35.50
2026-05-16T20:24:35+00:00,1778963075.619,99.87,74.849,125.789,59.50,107.827,155.643,69.28,34.70,35.26,35.48
2026-05-16T20:24:40+00:00,1778963080.620,99.86,74.862,125.789,59.51,107.844,155.643,69.29,34.64,35.24,35.47
2026-05-16T20:24:45+00:00,1778963085.622,99.86,74.851,125.789,59.51,107.856,155.643,69.30,34.51,35.20,35.46
2026-05-16T20:24:50+00:00,1778963090.623,99.84,74.857,125.789,59.51,107.865,155.643,69.30,34.47,35.18,35.45
2026-05-16T20:24:55+00:00,1778963095.624,99.84,74.864,125.789,59.52,107.874,155.643,69.31,34.27,35.13,35.43
2026-05-16T20:25:00+00:00,1778963100.626,99.86,74.867,125.789,59.52,107.883,155.643,69.31,34.09,35.08,35.41
2026-05-16T20:25:05+00:00,1778963105.627,99.83,74.874,125.789,59.52,107.890,155.643,69.32,34.00,35.04,35.40
2026-05-16T20:25:10+00:00,1778963110.629,99.86,74.886,125.789,59.53,107.896,155.643,69.32,33.92,35.01,35.39
2026-05-16T20:25:15+00:00,1778963115.630,99.85,74.896,125.789,59.54,107.902,155.643,69.33,33.77,34.96,35.37
2026-05-16T20:25:20+00:00,1778963120.631,99.84,74.942,125.789,59.58,107.909,155.643,69.33,33.95,34.98,35.37
2026-05-16T20:25:25+00:00,1778963125.633,99.86,74.948,125.789,59.58,107.916,155.643,69.34,33.79,34.93,35.35
2026-05-16T20:25:30+00:00,1778963130.634,99.86,74.949,125.789,59.58,107.923,155.643,69.34,33.97,34.95,35.36
2026-05-16T20:25:35+00:00,1778963135.635,99.85,74.956,125.789,59.59,107.931,155.643,69.35,33.89,34.91,35.35
2026-05-16T20:25:40+00:00,1778963140.637,99.87,74.964,125.789,59.60,107.939,155.643,69.35,34.22,34.96,35.36
2026-05-16T20:25:45+00:00,1778963145.638,99.86,74.973,125.789,59.60,107.946,155.643,69.35,34.04,34.91,35.34
2026-05-16T20:25:50+00:00,1778963150.639,99.86,74.988,125.789,59.61,107.953,155.643,69.36,33.88,34.87,35.32
2026-05-16T20:25:55+00:00,1778963155.641,99.86,75.076,125.789,59.68,107.961,155.643,69.36,33.89,34.85,35.32
2026-05-16T20:26:00+00:00,1778963160.642,99.87,75.103,125.789,59.71,107.968,155.643,69.37,33.90,34.84,35.31
2026-05-16T20:26:05+00:00,1778963165.643,99.84,75.153,125.789,59.75,107.979,155.643,69.38,34.47,34.94,35.34
2026-05-16T20:26:10+00:00,1778963170.645,99.84,75.184,125.789,59.77,107.994,155.643,69.39,34.35,34.91,35.33
2026-05-16T20:26:15+00:00,1778963175.646,99.87,75.196,125.789,59.78,108.015,155.643,69.40,34.24,34.88,35.31
2026-05-16T20:26:20+00:00,1778963180.647,99.87,75.178,125.789,59.77,108.031,155.643,69.41,34.14,34.84,35.30
2026-05-16T20:26:25+00:00,1778963185.649,99.86,75.165,125.789,59.75,108.041,155.643,69.42,34.05,34.81,35.29
2026-05-16T20:26:30+00:00,1778963190.650,99.86,75.170,125.789,59.76,108.051,155.643,69.42,34.77,34.95,35.33
2026-05-16T20:26:35+00:00,1778963195.652,99.87,75.165,125.789,59.76,108.061,155.643,69.43,34.94,34.98,35.34
2026-05-16T20:26:40+00:00,1778963200.653,99.87,75.174,125.789,59.76,108.070,155.643,69.44,35.03,35.00,35.34
2026-05-16T20:26:45+00:00,1778963205.654,99.86,75.182,125.789,59.77,108.080,155.643,69.44,35.19,35.03,35.35
2026-05-16T20:26:50+00:00,1778963210.656,99.87,75.185,125.789,59.77,108.087,155.643,69.45,35.17,35.03,35.35
2026-05-16T20:26:55+00:00,1778963215.658,99.87,75.193,125.789,59.78,108.093,155.643,69.45,35.00,35.00,35.34
2026-05-16T20:27:00+00:00,1778963220.659,99.86,75.205,125.789,59.79,108.100,155.643,69.45,35.32,35.07,35.36
2026-05-16T20:27:05+00:00,1778963225.661,99.87,75.213,125.789,59.79,108.108,155.643,69.46,35.77,35.16,35.39
2026-05-16T20:27:10+00:00,1778963230.662,99.86,75.222,125.789,59.80,108.116,155.643,69.46,35.47,35.11,35.37
2026-05-16T20:27:15+00:00,1778963235.663,99.86,75.232,125.789,59.81,108.122,155.643,69.47,35.19,35.06,35.35
2026-05-16T20:27:20+00:00,1778963240.665,99.86,75.239,125.789,59.81,108.129,155.643,69.47,34.94,35.01,35.33
2026-05-16T20:27:25+00:00,1778963245.666,99.84,75.138,125.789,59.73,108.136,155.643,69.48,34.94,35.01,35.33
2026-05-16T20:27:30+00:00,1778963250.667,99.87,75.147,125.789,59.74,108.143,155.643,69.48,35.51,35.12,35.37
2026-05-16T20:27:35+00:00,1778963255.669,99.86,75.255,125.789,59.83,108.150,155.643,69.49,35.31,35.09,35.35
2026-05-16T20:27:40+00:00,1778963260.670,99.86,75.265,125.789,59.83,108.159,155.643,69.49,35.04,35.04,35.34
2026-05-16T20:27:45+00:00,1778963265.671,99.87,75.271,125.789,59.84,108.173,155.643,69.50,34.88,35.00,35.32
2026-05-16T20:27:50+00:00,1778963270.673,99.89,75.271,125.789,59.84,108.189,155.643,69.51,34.65,34.95,35.31
2026-05-16T20:27:55+00:00,1778963275.674,99.88,75.261,125.789,59.83,108.205,155.643,69.52,34.43,34.90,35.29
2026-05-16T20:28:00+00:00,1778963280.675,99.86,75.248,125.789,59.82,108.217,155.643,69.53,34.24,34.86,35.27
2026-05-16T20:28:05+00:00,1778963285.677,99.87,75.245,125.789,59.82,108.225,155.643,69.53,34.78,34.96,35.30
2026-05-16T20:28:10+00:00,1778963290.678,99.86,75.235,125.789,59.81,108.235,155.643,69.54,34.56,34.91,35.28
2026-05-16T20:28:15+00:00,1778963295.679,99.87,75.241,125.789,59.82,108.244,155.643,69.55,34.83,34.96,35.30
2026-05-16T20:28:20+00:00,1778963300.681,99.87,75.256,125.789,59.83,108.252,155.643,69.55,34.93,34.98,35.30
2026-05-16T20:28:25+00:00,1778963305.682,99.87,75.256,125.789,59.83,108.258,155.643,69.56,34.77,34.94,35.29
2026-05-16T20:28:30+00:00,1778963310.684,99.84,75.266,125.789,59.84,108.265,155.643,69.56,34.55,34.89,35.27
2026-05-16T20:28:35+00:00,1778963315.685,99.86,75.271,125.789,59.84,108.271,155.643,69.56,34.35,34.85,35.25
2026-05-16T20:28:40+00:00,1778963320.686,99.87,75.278,125.789,59.84,108.277,155.643,69.57,34.32,34.83,35.25
2026-05-16T20:28:45+00:00,1778963325.688,99.86,75.293,125.789,59.86,108.283,155.643,69.57,34.45,34.85,35.25
2026-05-16T20:28:50+00:00,1778963330.689,99.86,75.300,125.789,59.86,108.289,155.643,69.58,34.26,34.80,35.23
2026-05-16T20:28:55+00:00,1778963335.690,99.87,75.305,125.789,59.87,108.298,155.643,69.58,35.12,34.97,35.29
2026-05-16T20:29:00+00:00,1778963340.692,99.87,75.310,125.789,59.87,108.304,155.643,69.58,34.95,34.94,35.27
2026-05-16T20:29:05+00:00,1778963345.693,99.87,75.321,125.789,59.88,108.309,155.643,69.59,34.71,34.89,35.26
2026-05-16T20:29:10+00:00,1778963350.694,99.86,75.324,125.789,59.88,108.317,155.643,69.59,34.73,34.89,35.25
2026-05-16T20:29:15+00:00,1778963355.696,99.86,75.503,125.789,60.02,108.325,155.643,69.60,34.76,34.90,35.25
2026-05-16T20:29:20+00:00,1778963360.697,99.86,75.542,125.789,60.05,108.337,155.643,69.61,34.69,34.88,35.25
2026-05-16T20:29:25+00:00,1778963365.699,99.84,75.582,125.789,60.09,108.352,155.643,69.62,34.88,34.92,35.26
2026-05-16T20:29:30+00:00,1778963370.700,99.82,75.585,125.789,60.09,108.370,155.643,69.63,34.73,34.88,35.24
2026-05-16T20:29:35+00:00,1778963375.701,99.87,75.588,125.789,60.09,108.385,155.643,69.64,35.39,35.02,35.29
2026-05-16T20:29:40+00:00,1778963380.703,99.84,75.554,125.789,60.06,108.397,155.643,69.64,35.12,34.97,35.27
2026-05-16T20:29:45+00:00,1778963385.704,99.84,75.563,125.789,60.07,108.407,155.643,69.65,34.87,34.92,35.25
2026-05-16T20:29:50+00:00,1778963390.705,99.86,75.563,125.789,60.07,108.417,155.643,69.66,34.64,34.87,35.23
2026-05-16T20:29:55+00:00,1778963395.707,99.86,75.565,125.789,60.07,108.427,155.643,69.66,35.39,35.02,35.28
2026-05-16T20:30:00+00:00,1778963400.708,99.86,75.572,125.789,60.08,108.434,155.643,69.67,35.12,34.97,35.26
2026-05-16T20:30:05+00:00,1778963405.710,99.87,75.577,125.789,60.08,108.442,155.643,69.67,35.03,34.96,35.25
2026-05-16T20:30:10+00:00,1778963410.711,99.87,75.588,125.789,60.09,108.448,155.643,69.68,34.87,34.92,35.24
2026-05-16T20:30:15+00:00,1778963415.712,99.86,75.591,125.789,60.09,108.455,155.643,69.68,34.72,34.89,35.23
2026-05-16T20:30:20+00:00,1778963420.713,99.86,75.604,125.789,60.10,108.462,155.643,69.69,34.50,34.84,35.21
2026-05-16T20:30:25+00:00,1778963425.715,99.87,75.612,125.789,60.11,108.468,155.643,69.69,34.70,34.88,35.22
2026-05-16T20:30:30+00:00,1778963430.716,99.87,75.622,125.789,60.12,108.475,155.643,69.69,34.56,34.85,35.21
2026-05-16T20:30:35+00:00,1778963435.718,99.87,75.447,125.789,59.98,108.481,155.643,69.70,34.36,34.80,35.19
2026-05-16T20:30:40+00:00,1778963440.719,99.87,75.457,125.789,59.99,108.489,155.643,69.70,34.25,34.77,35.18
2026-05-16T20:30:45+00:00,1778963445.720,99.86,75.462,125.789,59.99,108.496,155.643,69.71,34.07,34.72,35.16
2026-05-16T20:30:50+00:00,1778963450.722,99.87,75.467,125.789,59.99,108.502,155.643,69.71,34.14,34.73,35.16
2026-05-16T20:30:55+00:00,1778963455.723,99.86,75.570,125.789,60.08,108.510,155.643,69.72,34.13,34.72,35.16
2026-05-16T20:31:00+00:00,1778963460.724,99.87,75.568,125.789,60.08,108.521,155.643,69.72,34.04,34.69,35.14
2026-05-16T20:31:05+00:00,1778963465.726,99.87,75.572,125.789,60.08,108.536,155.643,69.73,34.04,34.68,35.14
2026-05-16T20:31:10+00:00,1778963470.727,99.87,75.572,125.789,60.08,108.556,155.643,69.75,33.95,34.65,35.13
2026-05-16T20:31:15+00:00,1778963475.728,99.87,75.559,125.789,60.07,108.570,155.643,69.76,33.88,34.62,35.11
2026-05-16T20:31:20+00:00,1778963480.730,99.88,75.554,125.789,60.06,108.580,155.643,69.76,34.93,34.83,35.18
2026-05-16T20:31:25+00:00,1778963485.731,99.86,75.557,125.789,60.07,108.589,155.643,69.77,35.41,34.93,35.21
2026-05-16T20:31:30+00:00,1778963490.732,99.83,75.549,125.789,60.06,108.598,155.643,69.77,35.14,34.88,35.19
2026-05-16T20:31:35+00:00,1778963495.734,99.86,75.557,125.789,60.07,108.607,155.643,69.78,34.97,34.85,35.18
2026-05-16T20:31:40+00:00,1778963500.735,99.85,75.565,125.789,60.07,108.614,155.643,69.78,34.81,34.82,35.17
2026-05-16T20:31:45+00:00,1778963505.737,99.87,75.570,125.789,60.08,108.621,155.643,69.79,34.67,34.79,35.16
2026-05-16T20:31:50+00:00,1778963510.738,99.87,75.577,125.789,60.08,108.628,155.643,69.79,35.25,34.91,35.19
2026-05-16T20:31:55+00:00,1778963515.739,99.85,75.584,125.789,60.09,108.635,155.643,69.80,36.11,35.09,35.25
2026-05-16T20:32:00+00:00,1778963520.741,99.86,75.592,125.789,60.09,108.643,155.643,69.80,36.43,35.17,35.28
2026-05-16T20:32:05+00:00,1778963525.742,99.88,75.597,125.789,60.10,108.648,155.643,69.81,36.15,35.14,35.27
2026-05-16T20:32:10+00:00,1778963530.744,99.85,75.619,125.789,60.12,108.656,155.643,69.81,35.82,35.08,35.25
2026-05-16T20:32:15+00:00,1778963535.745,99.86,75.627,125.789,60.12,108.663,155.643,69.82,35.67,35.07,35.24
2026-05-16T20:32:20+00:00,1778963540.746,99.87,75.631,125.789,60.13,108.669,155.643,69.82,35.78,35.10,35.25
2026-05-16T20:32:25+00:00,1778963545.748,99.86,75.643,125.789,60.14,108.677,155.643,69.82,37.08,35.38,35.34
2026-05-16T20:32:30+00:00,1778963550.749,99.83,75.635,125.789,60.13,108.684,155.643,69.83,36.67,35.32,35.32
2026-05-16T20:32:35+00:00,1778963555.751,99.84,75.673,125.789,60.16,108.694,155.643,69.84,36.46,35.30,35.32
2026-05-16T20:32:40+00:00,1778963560.752,99.85,75.723,125.789,60.20,108.706,155.643,69.84,36.98,35.43,35.36
2026-05-16T20:32:45+00:00,1778963565.753,99.85,75.738,125.789,60.21,108.723,155.643,69.85,36.74,35.41,35.35
2026-05-16T20:32:50+00:00,1778963570.755,99.86,75.751,125.789,60.22,108.742,155.643,69.87,36.52,35.38,35.34
2026-05-16T20:32:55+00:00,1778963575.756,99.87,75.744,125.789,60.22,108.755,155.643,69.87,36.40,35.38,35.34
2026-05-16T20:33:00+00:00,1778963580.757,99.87,75.732,125.789,60.21,108.765,155.643,69.88,36.69,35.45,35.37
2026-05-16T20:33:05+00:00,1778963585.759,99.87,75.736,125.789,60.21,108.775,155.643,69.89,36.31,35.39,35.35
2026-05-16T20:33:10+00:00,1778963590.760,99.88,75.727,125.789,60.20,108.784,155.643,69.89,36.85,35.52,35.39
2026-05-16T20:33:15+00:00,1778963595.761,99.87,75.731,125.789,60.20,108.792,155.643,69.90,37.02,35.58,35.41
2026-05-16T20:33:20+00:00,1778963600.763,99.86,75.738,125.789,60.21,108.801,155.643,69.90,37.02,35.60,35.42
2026-05-16T20:33:25+00:00,1778963605.764,99.86,75.745,125.789,60.22,108.808,155.643,69.91,36.70,35.56,35.40
2026-05-16T20:33:30+00:00,1778963610.765,99.86,75.765,125.789,60.23,108.815,155.643,69.91,37.12,35.67,35.44
2026-05-16T20:33:35+00:00,1778963615.767,99.87,75.771,125.789,60.24,108.823,155.643,69.92,36.79,35.62,35.43
2026-05-16T20:33:40+00:00,1778963620.768,99.86,75.779,125.789,60.24,108.831,155.643,69.92,36.57,35.60,35.42
2026-05-16T20:33:45+00:00,1778963625.769,99.87,75.784,125.789,60.25,108.838,155.643,69.93,36.20,35.54,35.40
2026-05-16T20:33:50+00:00,1778963630.771,99.86,75.795,125.789,60.26,108.845,155.643,69.93,36.35,35.58,35.41
2026-05-16T20:33:55+00:00,1778963635.772,99.86,75.803,125.789,60.26,108.851,155.643,69.94,36.48,35.62,35.43
2026-05-16T20:34:00+00:00,1778963640.773,99.87,75.809,125.789,60.27,108.859,155.643,69.94,36.20,35.57,35.41
2026-05-16T20:34:05+00:00,1778963645.775,99.86,75.817,125.789,60.27,108.866,155.643,69.95,36.18,35.58,35.42
2026-05-16T20:34:10+00:00,1778963650.776,99.86,75.798,125.789,60.26,108.872,155.643,69.95,35.85,35.52,35.40
2026-05-16T20:34:15+00:00,1778963655.777,99.87,75.823,125.789,60.28,108.881,155.643,69.96,35.78,35.51,35.40
2026-05-16T20:34:20+00:00,1778963660.779,99.87,75.850,125.789,60.30,108.894,155.643,69.96,36.12,35.59,35.42
2026-05-16T20:34:25+00:00,1778963665.780,99.86,75.870,125.789,60.32,108.908,155.643,69.97,35.87,35.54,35.41
2026-05-16T20:34:30+00:00,1778963670.781,99.87,75.878,125.789,60.32,108.924,155.643,69.98,36.12,35.60,35.43
2026-05-16T20:34:35+00:00,1778963675.783,99.88,75.862,125.789,60.31,108.936,155.643,69.99,35.87,35.56,35.42
2026-05-16T20:34:40+00:00,1778963680.784,99.89,75.853,125.789,60.30,108.946,155.643,70.00,35.64,35.52,35.40
2026-05-16T20:34:45+00:00,1778963685.785,99.87,75.858,125.789,60.31,108.956,155.643,70.00,35.27,35.44,35.38
2026-05-16T20:34:50+00:00,1778963690.787,99.87,75.865,125.789,60.31,108.964,155.643,70.01,35.09,35.40,35.37
2026-05-16T20:34:55+00:00,1778963695.788,99.87,75.870,125.789,60.32,108.973,155.643,70.02,35.00,35.38,35.36
2026-05-16T20:35:00+00:00,1778963700.789,99.86,75.884,125.789,60.33,108.980,155.643,70.02,34.84,35.34,35.34
2026-05-16T20:35:05+00:00,1778963705.791,99.87,75.895,125.789,60.34,108.987,155.643,70.02,35.17,35.40,35.36
2026-05-16T20:35:10+00:00,1778963710.792,99.84,75.907,125.789,60.35,108.994,155.643,70.03,35.08,35.37,35.36
2026-05-16T20:35:15+00:00,1778963715.793,99.87,75.911,125.789,60.35,109.001,155.643,70.03,34.91,35.33,35.34
2026-05-16T20:35:20+00:00,1778963720.795,99.86,75.919,125.789,60.35,109.008,155.643,70.04,34.76,35.30,35.33
2026-05-16T20:35:25+00:00,1778963725.796,99.86,75.932,125.789,60.36,109.015,155.643,70.04,34.54,35.24,35.31
2026-05-16T20:35:30+00:00,1778963730.797,99.86,75.942,125.789,60.37,109.022,155.643,70.05,35.29,35.39,35.36
2026-05-16T20:35:35+00:00,1778963735.799,99.85,75.948,125.789,60.38,109.028,155.643,70.05,35.91,35.51,35.40
2026-05-16T20:35:40+00:00,1778963740.800,99.87,75.955,125.789,60.38,109.036,155.643,70.06,35.60,35.45,35.38
2026-05-16T20:35:45+00:00,1778963745.801,99.86,76.031,125.789,60.44,109.044,155.643,70.06,35.31,35.40,35.36
2026-05-16T20:35:50+00:00,1778963750.803,99.85,76.034,125.789,60.45,109.053,155.643,70.07,36.09,35.56,35.42
2026-05-16T20:35:55+00:00,1778963755.804,99.81,76.036,125.789,60.45,109.064,155.643,70.07,35.92,35.53,35.41
2026-05-16T20:36:00+00:00,1778963760.805,99.84,76.063,125.789,60.47,109.080,155.643,70.08,35.60,35.47,35.39
2026-05-16T20:36:05+00:00,1778963765.806,99.87,76.072,125.789,60.48,109.098,155.643,70.10,36.52,35.66,35.45
2026-05-16T20:36:10+00:00,1778963770.808,99.87,76.059,125.789,60.47,109.114,155.643,70.11,36.48,35.67,35.46
2026-05-16T20:36:15+00:00,1778963775.809,99.87,76.050,125.789,60.46,109.125,155.643,70.11,37.32,35.86,35.52
2026-05-16T20:36:20+00:00,1778963780.810,99.87,76.052,125.789,60.46,109.136,155.643,70.12,36.89,35.79,35.50
2026-05-16T20:36:25+00:00,1778963785.812,99.87,76.047,125.789,60.46,109.145,155.643,70.13,36.66,35.76,35.49
2026-05-16T20:36:30+00:00,1778963790.813,99.86,76.054,125.789,60.46,109.154,155.643,70.13,36.69,35.78,35.50
2026-05-16T20:36:35+00:00,1778963795.815,99.86,76.057,125.789,60.46,109.163,155.643,70.14,36.55,35.77,35.50
2026-05-16T20:36:40+00:00,1778963800.816,99.87,76.073,125.789,60.48,109.170,155.643,70.14,36.27,35.72,35.48
2026-05-16T20:36:45+00:00,1778963805.817,99.85,76.089,125.789,60.49,109.178,155.643,70.15,36.01,35.68,35.47
2026-05-16T20:36:50+00:00,1778963810.819,99.85,76.093,125.789,60.49,109.187,155.643,70.15,35.68,35.62,35.45
2026-05-16T20:36:55+00:00,1778963815.820,99.87,76.098,125.789,60.50,109.195,155.643,70.16,35.47,35.57,35.44
2026-05-16T20:37:00+00:00,1778963820.822,99.86,76.104,125.789,60.50,109.203,155.643,70.16,35.19,35.51,35.42
2026-05-16T20:37:05+00:00,1778963825.823,99.86,76.110,125.789,60.51,109.209,155.643,70.17,34.94,35.46,35.40
2026-05-16T20:37:10+00:00,1778963830.824,99.86,76.117,125.789,60.51,109.215,155.643,70.17,34.78,35.41,35.39
2026-05-16T20:37:15+00:00,1778963835.826,99.85,76.128,125.789,60.52,109.222,155.643,70.18,34.64,35.37,35.37
2026-05-16T20:37:20+00:00,1778963840.827,99.86,76.135,125.789,60.53,109.230,155.643,70.18,35.31,35.50,35.41
2026-05-16T20:37:25+00:00,1778963845.828,99.82,76.173,125.789,60.56,109.238,155.643,70.19,36.16,35.68,35.47
2026-05-16T20:37:30+00:00,1778963850.830,99.85,76.191,125.789,60.57,109.251,155.643,70.19,36.55,35.76,35.50
2026-05-16T20:37:35+00:00,1778963855.831,99.87,76.221,125.789,60.59,109.268,155.643,70.20,36.27,35.72,35.49
2026-05-16T20:37:40+00:00,1778963860.833,99.87,76.231,125.789,60.60,109.287,155.643,70.22,36.49,35.77,35.51
2026-05-16T20:37:45+00:00,1778963865.834,99.86,76.219,125.789,60.59,109.300,155.643,70.23,36.37,35.76,35.50
2026-05-16T20:37:50+00:00,1778963870.836,99.86,76.228,125.789,60.60,109.310,155.643,70.23,36.10,35.71,35.49
2026-05-16T20:37:55+00:00,1778963875.837,99.85,76.220,125.789,60.59,109.320,155.643,70.24,35.85,35.67,35.48
2026-05-16T20:38:00+00:00,1778963880.838,99.88,76.211,125.789,60.59,109.329,155.643,70.24,36.26,35.76,35.51
2026-05-16T20:38:05+00:00,1778963885.840,99.86,76.224,125.789,60.60,109.338,155.643,70.25,35.92,35.69,35.49
2026-05-16T20:38:10+00:00,1778963890.841,99.86,76.229,125.789,60.60,109.346,155.643,70.25,35.61,35.63,35.47
2026-05-16T20:38:15+00:00,1778963895.842,99.86,76.236,125.789,60.61,109.354,155.643,70.26,35.56,35.62,35.46
2026-05-16T20:38:20+00:00,1778963900.844,99.85,76.249,125.789,60.62,109.360,155.643,70.26,35.67,35.65,35.47
2026-05-16T20:38:25+00:00,1778963905.845,99.81,76.261,125.789,60.63,109.367,155.643,70.27,35.62,35.63,35.47
2026-05-16T20:38:30+00:00,1778963910.846,99.85,76.270,125.789,60.63,109.372,155.643,70.27,35.49,35.61,35.46
2026-05-16T20:38:35+00:00,1778963915.848,99.86,76.287,125.789,60.65,109.378,155.643,70.28,35.13,35.53,35.44
2026-05-16T20:38:40+00:00,1778963920.849,99.85,76.294,125.789,60.65,109.385,155.643,70.28,35.76,35.65,35.48
2026-05-16T20:38:45+00:00,1778963925.850,99.86,76.295,125.789,60.65,109.392,155.643,70.28,35.46,35.59,35.46
2026-05-16T20:38:50+00:00,1778963930.852,99.84,76.304,125.789,60.66,109.398,155.643,70.29,35.18,35.53,35.44
2026-05-16T20:38:55+00:00,1778963935.853,99.86,76.374,125.789,60.72,109.407,155.643,70.29,35.81,35.66,35.48
2026-05-16T20:39:00+00:00,1778963940.854,99.84,76.367,125.789,60.71,109.416,155.643,70.30,35.50,35.60,35.46
2026-05-16T20:39:05+00:00,1778963945.856,99.84,76.390,125.789,60.73,109.427,155.643,70.31,35.38,35.57,35.45
2026-05-16T20:39:10+00:00,1778963950.857,99.83,76.390,125.789,60.73,109.443,155.643,70.32,35.19,35.53,35.44
2026-05-16T20:39:15+00:00,1778963955.858,99.86,76.387,125.789,60.73,109.463,155.643,70.33,34.93,35.47,35.42
2026-05-16T20:39:20+00:00,1778963960.860,99.85,76.387,125.789,60.73,109.478,155.643,70.34,34.70,35.41,35.40
2026-05-16T20:39:25+00:00,1778963965.861,99.87,76.381,125.789,60.72,109.488,155.643,70.35,34.40,35.34,35.38
2026-05-16T20:39:30+00:00,1778963970.862,99.87,76.382,125.789,60.72,109.498,155.643,70.35,34.61,35.37,35.39
2026-05-16T20:39:35+00:00,1778963975.864,99.87,76.365,125.789,60.71,109.508,155.643,70.36,34.40,35.31,35.37
2026-05-16T20:39:40+00:00,1778963980.865,99.87,76.377,125.789,60.72,109.518,155.643,70.36,34.21,35.25,35.35
2026-05-16T20:39:45+00:00,1778963985.866,99.86,76.377,125.789,60.72,109.527,155.643,70.37,34.11,35.22,35.34
2026-05-16T20:39:50+00:00,1778963990.868,99.87,76.381,125.789,60.72,109.536,155.643,70.38,35.22,35.43,35.41
2026-05-16T20:39:55+00:00,1778963995.869,99.87,76.389,125.789,60.73,109.544,155.643,70.38,35.93,35.57,35.45
2026-05-16T20:40:00+00:00,1778964000.870,99.87,76.399,125.789,60.74,109.551,155.643,70.39,36.65,35.73,35.51
2026-05-16T20:40:05+00:00,1778964005.872,99.88,76.407,125.789,60.74,109.558,155.643,70.39,36.28,35.67,35.49
2026-05-16T20:40:10+00:00,1778964010.873,99.87,76.411,125.789,60.75,109.565,155.643,70.40,36.02,35.62,35.47
2026-05-16T20:40:15+00:00,1778964015.874,99.87,76.417,125.789,60.75,109.572,155.643,70.40,36.02,35.63,35.48
2026-05-16T20:40:20+00:00,1778964020.876,99.87,76.429,125.789,60.76,109.579,155.643,70.40,35.69,35.57,35.46
2026-05-16T20:40:25+00:00,1778964025.877,99.86,76.443,125.789,60.77,109.587,155.643,70.41,36.04,35.64,35.48
2026-05-16T20:40:30+00:00,1778964030.878,99.87,76.420,125.789,60.75,109.594,155.643,70.41,35.72,35.58,35.46
2026-05-16T20:40:35+00:00,1778964035.879,99.86,76.454,125.789,60.78,109.603,155.643,70.42,35.42,35.52,35.44
2026-05-16T20:40:40+00:00,1778964040.881,99.87,76.468,125.789,60.79,109.616,155.643,70.43,35.22,35.48,35.43
2026-05-16T20:40:45+00:00,1778964045.882,99.86,76.484,125.789,60.80,109.632,155.643,70.44,35.37,35.50,35.44
2026-05-16T20:40:50+00:00,1778964050.884,99.86,76.508,125.789,60.82,109.649,155.643,70.45,35.42,35.51,35.44
2026-05-16T20:40:55+00:00,1778964055.885,99.87,76.496,125.789,60.81,109.660,155.643,70.46,35.38,35.50,35.44
2026-05-16T20:41:00+00:00,1778964060.886,99.86,76.499,125.789,60.82,109.670,155.643,70.46,35.91,35.61,35.47
2026-05-16T20:41:05+00:00,1778964065.888,99.87,76.498,125.789,60.81,109.680,155.643,70.47,35.68,35.57,35.46
2026-05-16T20:41:10+00:00,1778964070.889,99.86,76.499,125.789,60.82,109.689,155.643,70.47,35.55,35.54,35.45
2026-05-16T20:41:15+00:00,1778964075.890,99.88,76.511,125.789,60.82,109.698,155.643,70.48,35.50,35.53,35.45
2026-05-16T20:41:20+00:00,1778964080.892,99.86,76.519,125.789,60.83,109.707,155.643,70.49,35.22,35.47,35.43
2026-05-16T20:41:25+00:00,1778964085.893,99.88,76.530,125.789,60.84,109.714,155.643,70.49,34.96,35.42,35.41
2026-05-16T20:41:30+00:00,1778964090.894,99.87,76.541,125.789,60.85,109.721,155.643,70.50,35.05,35.43,35.42
2026-05-16T20:41:35+00:00,1778964095.896,99.86,76.546,125.789,60.85,109.727,155.643,70.50,34.88,35.38,35.40
2026-05-16T20:41:40+00:00,1778964100.897,99.86,76.556,125.789,60.86,109.734,155.643,70.50,34.65,35.33,35.39
2026-05-16T20:41:45+00:00,1778964105.898,99.87,76.564,125.789,60.87,109.742,155.643,70.51,34.44,35.27,35.37
2026-05-16T20:41:50+00:00,1778964110.900,99.86,76.574,125.789,60.88,109.749,155.643,70.51,34.64,35.30,35.38
2026-05-16T20:41:55+00:00,1778964115.901,99.86,76.583,125.789,60.88,109.756,155.643,70.52,34.75,35.31,35.38
2026-05-16T20:42:00+00:00,1778964120.902,99.87,76.590,125.789,60.89,109.765,155.643,70.52,35.09,35.37,35.40
2026-05-16T20:42:05+00:00,1778964125.903,99.88,76.611,125.789,60.90,109.771,155.643,70.53,34.85,35.32,35.38
2026-05-16T20:42:10+00:00,1778964130.905,99.89,76.646,125.789,60.93,109.780,155.643,70.53,34.94,35.33,35.38
2026-05-16T20:42:15+00:00,1778964135.906,99.86,76.700,125.789,60.98,109.792,155.643,70.54,34.94,35.32,35.38
2026-05-16T20:42:20+00:00,1778964140.907,99.85,76.713,125.789,60.99,109.810,155.643,70.55,34.71,35.27,35.36
2026-05-16T20:42:25+00:00,1778964145.909,99.86,76.714,125.789,60.99,109.829,155.643,70.57,35.13,35.35,35.39
2026-05-16T20:42:30+00:00,1778964150.910,99.86,76.698,125.789,60.97,109.843,155.643,70.57,35.44,35.41,35.41
2026-05-16T20:42:35+00:00,1778964155.911,99.86,76.685,125.789,60.96,109.853,155.643,70.58,35.49,35.42,35.41
2026-05-16T20:42:40+00:00,1778964160.913,99.86,76.686,125.789,60.96,109.863,155.643,70.59,35.29,35.38,35.40
2026-05-16T20:42:45+00:00,1778964165.914,99.86,76.687,125.789,60.97,109.872,155.643,70.59,35.02,35.32,35.38
2026-05-16T20:42:50+00:00,1778964170.916,99.89,76.689,125.789,60.97,109.880,155.643,70.60,34.78,35.27,35.36
2026-05-16T20:42:55+00:00,1778964175.917,99.87,76.689,125.789,60.97,109.889,155.643,70.60,34.88,35.28,35.36
2026-05-16T20:43:00+00:00,1778964180.918,99.87,76.696,125.789,60.97,109.896,155.643,70.61,35.05,35.31,35.37
2026-05-16T20:43:05+00:00,1778964185.919,99.87,76.699,125.789,60.97,109.905,155.643,70.61,35.21,35.34,35.38
2026-05-16T20:43:10+00:00,1778964190.921,99.87,76.704,125.789,60.98,109.914,155.643,70.62,35.03,35.30,35.37
2026-05-16T20:43:15+00:00,1778964195.922,99.87,76.710,125.789,60.98,109.920,155.643,70.62,34.79,35.24,35.35
2026-05-16T20:43:20+00:00,1778964200.924,99.86,76.713,125.789,60.99,109.928,155.643,70.63,35.20,35.32,35.38
2026-05-16T20:43:25+00:00,1778964205.925,99.87,76.720,125.789,60.99,109.934,155.643,70.63,35.59,35.40,35.40
2026-05-16T20:43:30+00:00,1778964210.926,99.87,76.725,125.789,60.99,109.941,155.643,70.64,35.30,35.34,35.38
2026-05-16T20:43:35+00:00,1778964215.928,99.87,76.737,125.789,61.00,109.948,155.643,70.64,35.04,35.29,35.36
2026-05-16T20:43:40+00:00,1778964220.929,99.87,76.804,125.789,61.06,109.956,155.643,70.65,34.71,35.22,35.34
2026-05-16T20:43:45+00:00,1778964225.931,99.86,76.809,125.789,61.06,109.963,155.643,70.65,34.58,35.18,35.33
2026-05-16T20:43:50+00:00,1778964230.932,99.87,76.821,125.789,61.07,109.976,155.643,70.66,34.13,35.08,35.29
2026-05-16T20:43:55+00:00,1778964235.933,99.87,76.808,125.789,61.06,109.994,155.643,70.67,34.28,35.09,35.30
2026-05-16T20:44:00+00:00,1778964240.935,99.85,76.808,125.789,61.06,110.011,155.643,70.68,34.34,35.09,35.29
2026-05-16T20:44:05+00:00,1778964245.936,99.86,76.788,125.789,61.04,110.023,155.643,70.69,34.87,35.19,35.33
2026-05-16T20:44:10+00:00,1778964250.938,99.86,76.782,125.789,61.04,110.032,155.643,70.70,34.80,35.17,35.32
2026-05-16T20:44:15+00:00,1778964255.939,99.87,76.790,125.789,61.05,110.041,155.643,70.70,34.58,35.11,35.30
2026-05-16T20:44:20+00:00,1778964260.940,99.87,76.788,125.789,61.04,110.050,155.643,70.71,34.13,35.01,35.27
2026-05-16T20:44:25+00:00,1778964265.942,99.87,76.788,125.789,61.05,110.060,155.643,70.71,34.68,35.11,35.30
2026-05-16T20:44:30+00:00,1778964270.943,99.87,76.796,125.789,61.05,110.067,155.643,70.72,34.54,35.08,35.28
2026-05-16T20:44:35+00:00,1778964275.945,99.88,76.795,125.789,61.05,110.074,155.643,70.72,34.98,35.16,35.31
2026-05-16T20:44:40+00:00,1778964280.946,99.86,76.804,125.789,61.06,110.081,155.643,70.73,34.98,35.16,35.31
2026-05-16T20:44:45+00:00,1778964285.947,99.86,76.811,125.789,61.06,110.088,155.643,70.73,34.82,35.12,35.30
2026-05-16T20:44:50+00:00,1778964290.949,99.86,76.819,125.789,61.07,110.095,155.643,70.74,34.68,35.08,35.28
2026-05-16T20:44:55+00:00,1778964295.950,99.85,76.828,125.789,61.08,110.102,155.643,70.74,34.62,35.07,35.28
2026-05-16T20:45:00+00:00,1778964300.952,99.87,76.835,125.789,61.08,110.109,155.643,70.74,35.05,35.15,35.30
2026-05-16T20:45:05+00:00,1778964305.953,99.87,76.849,125.789,61.09,110.116,155.643,70.75,34.89,35.11,35.29
2026-05-16T20:45:10+00:00,1778964310.954,99.87,76.862,125.789,61.10,110.123,155.643,70.75,35.38,35.21,35.32
2026-05-16T20:45:15+00:00,1778964315.956,99.87,76.872,125.789,61.11,110.130,155.643,70.76,35.83,35.31,35.35
2026-05-16T20:45:20+00:00,1778964320.957,99.87,76.931,125.789,61.16,110.138,155.643,70.76,35.84,35.32,35.35
2026-05-16T20:45:25+00:00,1778964325.959,99.85,76.959,125.789,61.18,110.149,155.643,70.77,35.70,35.30,35.35
2026-05-16T20:45:30+00:00,1778964330.960,99.84,76.983,125.789,61.20,110.162,155.643,70.78,35.72,35.31,35.35
2026-05-16T20:45:35+00:00,1778964335.961,99.86,76.988,125.789,61.20,110.181,155.643,70.79,35.42,35.25,35.33
2026-05-16T20:45:40+00:00,1778964340.963,99.84,76.990,125.789,61.21,110.199,155.643,70.80,35.31,35.23,35.32
2026-05-16T20:45:45+00:00,1778964345.964,99.85,76.975,125.789,61.19,110.211,155.643,70.81,35.60,35.29,35.34
2026-05-16T20:45:50+00:00,1778964350.965,99.87,76.973,125.789,61.19,110.220,155.643,70.82,35.31,35.24,35.33
2026-05-16T20:45:55+00:00,1778964355.967,99.86,76.964,125.789,61.19,110.230,155.643,70.82,35.13,35.20,35.31
2026-05-16T20:46:00+00:00,1778964360.968,99.87,76.959,125.789,61.18,110.239,155.643,70.83,34.72,35.12,35.29
2026-05-16T20:46:05+00:00,1778964365.970,99.88,76.968,125.789,61.19,110.248,155.643,70.83,34.66,35.10,35.28
2026-05-16T20:46:10+00:00,1778964370.971,99.89,76.972,125.789,61.19,110.255,155.643,70.84,34.85,35.13,35.29
2026-05-16T20:46:15+00:00,1778964375.973,99.87,76.976,125.789,61.19,110.263,155.643,70.84,34.94,35.14,35.29
2026-05-16T20:46:20+00:00,1778964380.974,99.89,76.986,125.789,61.20,110.270,155.643,70.85,35.02,35.16,35.29
2026-05-16T20:46:25+00:00,1778964385.975,99.85,76.998,125.789,61.21,110.278,155.643,70.85,34.78,35.11,35.28
2026-05-16T20:46:30+00:00,1778964390.977,99.87,77.008,125.789,61.22,110.286,155.643,70.86,34.56,35.05,35.26
2026-05-16T20:46:35+00:00,1778964395.978,99.87,77.014,125.789,61.22,110.293,155.643,70.86,34.75,35.09,35.27
2026-05-16T20:46:40+00:00,1778964400.979,99.86,77.022,125.789,61.23,110.299,155.643,70.87,34.45,35.02,35.25
2026-05-16T20:46:45+00:00,1778964405.981,99.86,77.031,125.789,61.24,110.304,155.643,70.87,34.42,35.00,35.24
2026-05-16T20:46:50+00:00,1778964410.982,99.87,77.036,125.789,61.24,110.311,155.643,70.87,34.78,35.07,35.26
2026-05-16T20:46:55+00:00,1778964415.983,99.86,77.045,125.789,61.25,110.318,155.643,70.88,34.64,35.03,35.25
2026-05-16T20:47:00+00:00,1778964420.985,99.84,77.070,125.789,61.27,110.325,155.643,70.88,34.51,35.00,35.23
2026-05-16T20:47:05+00:00,1778964425.986,99.87,77.075,125.789,61.27,110.336,155.643,70.89,34.55,35.00,35.23
2026-05-16T20:47:10+00:00,1778964430.988,99.88,77.101,125.789,61.29,110.352,155.643,70.90,35.07,35.10,35.26
2026-05-16T20:47:15+00:00,1778964435.989,99.87,77.114,125.789,61.30,110.370,155.643,70.91,35.06,35.10,35.26
2026-05-16T20:47:20+00:00,1778964440.990,99.84,77.123,125.789,61.31,110.384,155.643,70.92,34.82,35.05,35.25
2026-05-16T20:47:25+00:00,1778964445.992,99.89,77.118,125.789,61.31,110.393,155.643,70.93,34.59,35.00,35.23
2026-05-16T20:47:30+00:00,1778964450.993,99.86,77.129,125.789,61.32,110.403,155.643,70.93,34.38,34.95,35.21
2026-05-16T20:47:35+00:00,1778964455.994,99.87,77.128,125.789,61.32,110.411,155.643,70.94,34.35,34.93,35.20
2026-05-16T20:47:40+00:00,1778964460.996,99.86,77.141,125.789,61.33,110.420,155.643,70.94,34.24,34.90,35.19
2026-05-16T20:47:45+00:00,1778964465.997,99.87,77.144,125.789,61.33,110.428,155.643,70.95,34.22,34.88,35.18
2026-05-16T20:47:50+00:00,1778964470.998,99.85,77.154,125.789,61.34,110.435,155.643,70.95,34.05,34.83,35.17
2026-05-16T20:47:55+00:00,1778964476.000,99.87,77.166,125.789,61.35,110.443,155.643,70.96,33.96,34.80,35.16
2026-05-16T20:48:01+00:00,1778964481.001,99.88,77.171,125.789,61.35,110.449,155.643,70.96,33.80,34.76,35.14
2026-05-16T20:48:06+00:00,1778964486.003,99.88,77.180,125.789,61.36,110.456,155.643,70.97,33.66,34.71,35.12
2026-05-16T20:48:11+00:00,1778964491.004,99.88,77.197,125.789,61.37,110.462,155.643,70.97,33.93,34.75,35.13
2026-05-16T20:48:16+00:00,1778964496.005,99.86,77.206,125.789,61.38,110.470,155.643,70.98,34.81,34.92,35.18
2026-05-16T20:48:21+00:00,1778964501.007,99.86,77.212,125.789,61.38,110.477,155.643,70.98,34.67,34.89,35.17
2026-05-16T20:48:26+00:00,1778964506.008,99.88,77.222,125.789,61.39,110.483,155.643,70.99,35.10,34.97,35.20
2026-05-16T20:48:31+00:00,1778964511.010,99.87,77.227,125.789,61.39,110.492,155.643,70.99,35.33,35.02,35.21
2026-05-16T20:48:36+00:00,1778964516.011,99.86,77.215,125.789,61.38,110.499,155.643,71.00,35.70,35.10,35.24
2026-05-16T20:48:41+00:00,1778964521.013,99.85,77.246,125.789,61.41,110.509,155.643,71.00,35.73,35.12,35.24
2026-05-16T20:48:46+00:00,1778964526.014,99.86,77.287,125.789,61.44,110.521,155.643,71.01,36.15,35.22,35.28
2026-05-16T20:48:51+00:00,1778964531.015,99.87,77.298,125.789,61.45,110.539,155.643,71.02,35.98,35.20,35.27
2026-05-16T20:48:56+00:00,1778964536.017,99.86,77.308,125.789,61.46,110.559,155.643,71.03,35.74,35.16,35.26
2026-05-16T20:49:01+00:00,1778964541.018,99.87,77.292,125.789,61.45,110.570,155.643,71.04,35.76,35.17,35.26
2026-05-16T20:49:06+00:00,1778964546.019,99.87,77.297,125.789,61.45,110.581,155.643,71.05,35.46,35.12,35.24
2026-05-16T20:49:11+00:00,1778964551.021,99.86,77.296,125.789,61.45,110.591,155.643,71.05,35.10,35.05,35.22
2026-05-16T20:49:16+00:00,1778964556.022,99.86,77.302,125.789,61.45,110.600,155.643,71.06,34.85,35.00,35.20
2026-05-16T20:49:21+00:00,1778964561.023,99.86,77.309,125.789,61.46,110.608,155.643,71.07,34.62,34.95,35.18
2026-05-16T20:49:26+00:00,1778964566.025,99.87,77.320,125.789,61.47,110.616,155.643,71.07,35.37,35.10,35.23
2026-05-16T20:49:31+00:00,1778964571.026,99.87,77.332,125.789,61.48,110.624,155.643,71.08,35.66,35.17,35.25
2026-05-16T20:49:36+00:00,1778964576.028,99.88,77.334,125.789,61.48,110.632,155.643,71.08,35.37,35.11,35.23
2026-05-16T20:49:41+00:00,1778964581.029,99.86,77.340,125.789,61.48,110.641,155.643,71.09,35.18,35.08,35.22
2026-05-16T20:49:46+00:00,1778964586.030,99.86,77.352,125.789,61.49,110.648,155.643,71.09,34.93,35.03,35.20
2026-05-16T20:49:51+00:00,1778964591.032,99.87,77.357,125.789,61.50,110.655,155.643,71.10,35.81,35.21,35.26
2026-05-16T20:49:56+00:00,1778964596.033,99.86,77.368,125.789,61.51,110.662,155.643,71.10,35.83,35.22,35.27
2026-05-16T20:50:01+00:00,1778964601.034,99.86,77.381,125.789,61.52,110.667,155.643,71.10,35.52,35.17,35.25
2026-05-16T20:50:06+00:00,1778964606.036,99.87,77.386,125.789,61.52,110.674,155.643,71.11,35.32,35.13,35.24
2026-05-16T20:50:11+00:00,1778964611.037,99.86,77.390,125.789,61.52,110.682,155.643,71.11,35.21,35.12,35.23
2026-05-16T20:50:16+00:00,1778964616.038,99.85,77.445,125.789,61.57,110.689,155.643,71.12,34.96,35.06,35.21
2026-05-16T20:50:21+00:00,1778964621.040,99.87,77.474,125.789,61.59,110.699,155.643,71.12,34.72,35.01,35.20
2026-05-16T20:50:26+00:00,1778964626.041,99.87,77.502,125.789,61.61,110.713,155.643,71.13,34.98,35.06,35.21
2026-05-16T20:50:31+00:00,1778964631.042,99.89,77.521,125.789,61.63,110.732,155.643,71.15,34.98,35.06,35.21
2026-05-16T20:50:36+00:00,1778964636.044,99.87,77.533,125.789,61.64,110.747,155.643,71.15,35.23,35.11,35.22
2026-05-16T20:50:41+00:00,1778964641.045,99.87,77.516,125.789,61.62,110.759,155.643,71.16,35.05,35.07,35.21
2026-05-16T20:50:46+00:00,1778964646.046,99.87,77.528,125.789,61.63,110.768,155.643,71.17,34.80,35.02,35.19
2026-05-16T20:50:51+00:00,1778964651.048,99.87,77.528,125.789,61.63,110.777,155.643,71.17,34.58,34.97,35.18
2026-05-16T20:50:56+00:00,1778964656.049,99.87,77.538,125.789,61.64,110.786,155.643,71.18,34.45,34.94,35.17
2026-05-16T20:51:01+00:00,1778964661.050,99.87,77.539,125.789,61.64,110.793,155.643,71.18,34.34,34.91,35.15
2026-05-16T20:51:06+00:00,1778964666.052,99.88,77.546,125.789,61.65,110.800,155.643,71.19,34.23,34.88,35.14
2026-05-16T20:51:11+00:00,1778964671.053,99.87,77.550,125.789,61.65,110.808,155.643,71.19,34.13,34.84,35.13
2026-05-16T20:51:16+00:00,1778964676.054,99.89,77.559,125.789,61.66,110.815,155.643,71.20,34.04,34.81,35.12
2026-05-16T20:51:21+00:00,1778964681.056,99.87,77.564,125.789,61.66,110.823,155.643,71.20,33.95,34.78,35.11
2026-05-16T20:51:26+00:00,1778964686.057,99.87,77.572,125.789,61.67,110.830,155.643,71.21,33.88,34.75,35.10
2026-05-16T20:51:31+00:00,1778964691.058,99.86,77.582,125.789,61.68,110.838,155.643,71.21,33.73,34.71,35.08
2026-05-16T20:51:36+00:00,1778964696.060,99.87,77.589,125.789,61.68,110.846,155.643,71.22,33.59,34.66,35.06
2026-05-16T20:51:41+00:00,1778964701.061,99.87,77.602,125.789,61.69,110.853,155.643,71.22,33.86,34.70,35.07
2026-05-16T20:51:46+00:00,1778964706.062,99.86,77.612,125.789,61.70,110.861,155.643,71.23,33.87,34.69,35.07
2026-05-16T20:51:51+00:00,1778964711.064,99.86,77.696,125.789,61.77,110.869,155.643,71.23,33.80,34.66,35.06
2026-05-16T20:51:56+00:00,1778964716.065,99.86,77.778,125.789,61.83,110.881,155.643,71.24,33.74,34.63,35.04
2026-05-16T20:52:01+00:00,1778964721.067,99.84,77.829,125.789,61.87,110.895,155.643,71.25,34.16,34.71,35.07
2026-05-16T20:52:06+00:00,1778964726.068,99.85,77.835,125.789,61.88,110.914,155.643,71.26,34.15,34.69,35.06
2026-05-16T20:52:11+00:00,1778964731.069,99.87,77.827,125.789,61.87,110.931,155.643,71.27,34.05,34.67,35.05
2026-05-16T20:52:16+00:00,1778964736.071,99.87,77.811,125.789,61.86,110.943,155.643,71.28,33.97,34.64,35.04
2026-05-16T20:52:21+00:00,1778964741.072,99.86,77.819,125.789,61.87,110.953,155.643,71.29,34.29,34.69,35.05
2026-05-16T20:52:26+00:00,1778964746.073,99.87,77.818,125.789,61.86,110.963,155.643,71.29,34.27,34.68,35.05
2026-05-16T20:52:31+00:00,1778964751.075,99.86,77.820,125.789,61.87,110.972,155.643,71.30,35.05,34.84,35.10
2026-05-16T20:52:36+00:00,1778964756.076,99.86,77.824,125.789,61.87,110.982,155.643,71.31,35.61,34.96,35.13
2026-05-16T20:52:41+00:00,1778964761.077,99.84,77.834,125.789,61.88,110.990,155.643,71.31,35.32,34.91,35.12
2026-05-16T20:52:46+00:00,1778964766.079,99.87,77.840,125.789,61.88,110.997,155.643,71.32,35.13,34.87,35.10
2026-05-16T20:52:51+00:00,1778964771.080,99.87,77.847,125.789,61.89,111.006,155.643,71.32,34.88,34.83,35.09
2026-05-16T20:52:56+00:00,1778964776.081,99.86,77.852,125.789,61.89,111.014,155.643,71.33,35.29,34.91,35.11
2026-05-16T20:53:01+00:00,1778964781.083,99.85,77.857,125.789,61.89,111.021,155.643,71.33,35.51,34.96,35.13
2026-05-16T20:53:06+00:00,1778964786.084,99.87,77.869,125.789,61.90,111.028,155.643,71.34,35.31,34.93,35.12
2026-05-16T20:53:11+00:00,1778964791.085,99.86,77.878,125.789,61.91,111.035,155.643,71.34,35.76,35.03,35.15
2026-05-16T20:53:16+00:00,1778964796.087,99.87,77.886,125.789,61.92,111.043,155.643,71.34,35.62,35.02,35.14
2026-05-16T20:53:21+00:00,1778964801.088,99.86,77.729,125.789,61.79,111.050,155.643,71.35,35.41,34.98,35.13
2026-05-16T20:53:26+00:00,1778964806.090,99.87,77.843,125.789,61.88,111.058,155.643,71.35,35.30,34.96,35.12
2026-05-16T20:53:31+00:00,1778964811.091,99.84,77.824,125.789,61.87,111.069,155.643,71.36,35.67,35.05,35.15
2026-05-16T20:53:36+00:00,1778964816.092,99.86,77.828,125.789,61.87,111.084,155.643,71.37,35.62,35.05,35.15
2026-05-16T20:53:41+00:00,1778964821.094,99.86,77.821,125.789,61.87,111.103,155.643,71.38,35.89,35.11,35.17
2026-05-16T20:53:46+00:00,1778964826.095,99.87,77.794,125.789,61.84,111.117,155.643,71.39,35.58,35.06,35.15
2026-05-16T20:53:51+00:00,1778964831.096,99.87,77.773,125.789,61.83,111.128,155.643,71.40,35.29,35.01,35.14
2026-05-16T20:53:56+00:00,1778964836.098,99.86,77.772,125.789,61.83,111.137,155.643,71.41,35.03,34.96,35.12
2026-05-16T20:54:01+00:00,1778964841.099,99.86,77.769,125.789,61.83,111.146,155.643,71.41,35.03,34.96,35.12
2026-05-16T20:54:06+00:00,1778964846.100,99.86,77.772,125.789,61.83,111.155,155.643,71.42,34.78,34.91,35.10
2026-05-16T20:54:11+00:00,1778964851.101,99.87,77.778,125.789,61.83,111.163,155.643,71.42,34.64,34.88,35.09
2026-05-16T20:54:16+00:00,1778964856.103,99.86,77.783,125.789,61.84,111.172,155.643,71.43,34.59,34.87,35.08
2026-05-16T20:54:21+00:00,1778964861.104,99.85,77.795,125.789,61.85,111.179,155.643,71.43,34.46,34.83,35.07
2026-05-16T20:54:26+00:00,1778964866.105,99.88,77.797,125.789,61.85,111.186,155.643,71.44,34.26,34.79,35.06
2026-05-16T20:54:31+00:00,1778964871.107,99.86,77.808,125.789,61.86,111.193,155.643,71.44,34.08,34.74,35.04
2026-05-16T20:54:36+00:00,1778964876.108,99.86,77.822,125.789,61.87,111.201,155.643,71.45,33.84,34.68,35.02
2026-05-16T20:54:41+00:00,1778964881.110,99.87,77.829,125.789,61.87,111.208,155.643,71.45,33.69,34.63,35.00
2026-05-16T20:54:46+00:00,1778964886.111,99.87,77.834,125.789,61.88,111.215,155.643,71.46,33.71,34.62,35.00
2026-05-16T20:54:51+00:00,1778964891.112,99.87,77.841,125.789,61.88,111.221,155.643,71.46,33.66,34.59,34.98
2026-05-16T20:54:56+00:00,1778964896.114,99.86,77.849,125.789,61.89,111.230,155.643,71.46,33.76,34.60,34.99
2026-05-16T20:55:01+00:00,1778964901.115,99.87,77.921,125.789,61.95,111.238,155.643,71.47,33.62,34.56,34.97
2026-05-16T20:55:06+00:00,1778964906.116,99.85,77.936,125.789,61.96,111.250,155.643,71.48,33.49,34.52,34.95
2026-05-16T20:55:11+00:00,1778964911.118,99.82,77.924,125.789,61.95,111.265,155.643,71.49,33.45,34.49,34.94
2026-05-16T20:55:16+00:00,1778964916.119,99.85,77.945,125.789,61.97,111.284,155.643,71.50,33.42,34.47,34.93
2026-05-16T20:55:21+00:00,1778964921.120,99.88,77.968,125.789,61.98,111.300,155.643,71.51,33.54,34.47,34.93
2026-05-16T20:55:26+00:00,1778964926.122,99.87,77.943,125.789,61.96,111.312,155.643,71.52,33.42,34.43,34.92
2026-05-16T20:55:31+00:00,1778964931.123,99.86,77.940,125.789,61.96,111.323,155.643,71.52,33.39,34.41,34.91
2026-05-16T20:55:36+00:00,1778964936.124,99.85,77.936,125.789,61.96,111.333,155.643,71.53,33.27,34.37,34.89
2026-05-16T20:55:41+00:00,1778964941.126,99.86,77.946,125.789,61.97,111.342,155.643,71.54,33.33,34.36,34.88
2026-05-16T20:55:46+00:00,1778964946.127,99.87,77.944,125.789,61.96,111.350,155.643,71.54,33.39,34.36,34.88
2026-05-16T20:55:51+00:00,1778964951.128,99.86,77.951,125.789,61.97,111.357,155.643,71.55,33.27,34.32,34.86
2026-05-16T20:55:56+00:00,1778964956.130,99.86,77.959,125.789,61.98,111.365,155.643,71.55,33.17,34.28,34.85
2026-05-16T20:56:01+00:00,1778964961.131,99.86,77.972,125.789,61.99,111.373,155.643,71.56,33.64,34.36,34.87
2026-05-16T20:56:06+00:00,1778964966.132,99.87,77.983,125.789,62.00,111.381,155.643,71.56,33.67,34.35,34.87
2026-05-16T20:56:11+00:00,1778964971.134,99.88,77.987,125.789,62.00,111.390,155.643,71.57,33.70,34.34,34.86
2026-05-16T20:56:16+00:00,1778964976.135,99.87,77.994,125.789,62.00,111.398,155.643,71.57,34.76,34.56,34.93
2026-05-16T20:56:21+00:00,1778964981.136,99.84,78.006,125.789,62.01,111.405,155.643,71.58,34.62,34.53,34.92
2026-05-16T20:56:26+00:00,1778964986.137,99.86,78.015,125.789,62.02,111.413,155.643,71.58,34.49,34.50,34.91
2026-05-16T20:56:31+00:00,1778964991.139,99.86,78.024,125.789,62.03,111.420,155.643,71.59,34.29,34.46,34.89
2026-05-16T20:56:36+00:00,1778964996.140,99.84,78.026,125.789,62.03,111.429,155.643,71.59,34.51,34.50,34.90
2026-05-16T20:56:41+00:00,1778965001.142,99.87,78.051,125.789,62.05,111.440,155.643,71.60,34.79,34.56,34.92
2026-05-16T20:56:46+00:00,1778965006.143,99.85,78.074,125.789,62.07,111.458,155.643,71.61,34.64,34.54,34.91
2026-05-16T20:56:51+00:00,1778965011.145,99.86,78.098,125.789,62.09,111.477,155.643,71.62,34.51,34.51,34.90
2026-05-16T20:56:56+00:00,1778965016.146,99.86,78.089,125.789,62.08,111.489,155.643,71.63,34.39,34.48,34.89
2026-05-16T20:57:01+00:00,1778965021.147,99.86,78.087,125.789,62.08,111.499,155.643,71.64,34.60,34.53,34.90
2026-05-16T20:57:06+00:00,1778965026.149,99.87,78.073,125.789,62.07,111.508,155.643,71.64,34.47,34.50,34.89
2026-05-16T20:57:11+00:00,1778965031.150,99.86,78.074,125.789,62.07,111.518,155.643,71.65,34.75,34.56,34.91
2026-05-16T20:57:16+00:00,1778965036.151,99.86,78.080,125.789,62.07,111.526,155.643,71.66,34.53,34.52,34.89
2026-05-16T20:57:21+00:00,1778965041.153,99.87,78.081,125.789,62.07,111.534,155.643,71.66,34.65,34.54,34.90
2026-05-16T20:57:26+00:00,1778965046.154,99.86,78.091,125.789,62.08,111.543,155.643,71.67,34.52,34.52,34.89
2026-05-16T20:57:31+00:00,1778965051.155,99.87,78.097,125.789,62.09,111.551,155.643,71.67,34.48,34.51,34.88
2026-05-16T20:57:36+00:00,1778965056.157,99.86,78.108,125.789,62.09,111.557,155.643,71.68,35.16,34.65,34.93
2026-05-16T20:57:41+00:00,1778965061.158,99.87,78.116,125.789,62.10,111.565,155.643,71.68,34.91,34.60,34.91
2026-05-16T20:57:46+00:00,1778965066.160,99.88,78.120,125.789,62.10,111.571,155.643,71.68,34.83,34.59,34.90
2026-05-16T20:57:51+00:00,1778965071.161,99.87,78.125,125.789,62.11,111.578,155.643,71.69,35.09,34.65,34.92
2026-05-16T20:57:56+00:00,1778965076.163,99.85,78.137,125.789,62.12,111.584,155.643,71.69,34.84,34.61,34.90
2026-05-16T20:58:01+00:00,1778965081.164,99.87,78.144,125.789,62.12,111.591,155.643,71.70,34.69,34.58,34.89
2026-05-16T20:58:06+00:00,1778965086.165,99.87,78.154,125.789,62.13,111.598,155.643,71.70,35.36,34.72,34.94
2026-05-16T20:58:11+00:00,1778965091.167,99.84,78.163,125.789,62.14,111.605,155.643,71.71,35.17,34.69,34.93
2026-05-16T20:58:16+00:00,1778965096.168,99.88,78.200,125.789,62.17,111.615,155.643,71.71,35.24,34.71,34.93
2026-05-16T20:58:21+00:00,1778965101.169,99.84,78.251,125.789,62.21,111.627,155.643,71.72,35.70,34.82,34.97
2026-05-16T20:58:26+00:00,1778965106.171,99.86,78.259,125.789,62.21,111.645,155.643,71.73,35.40,34.77,34.95
2026-05-16T20:58:31+00:00,1778965111.172,99.89,78.268,125.789,62.22,111.664,155.643,71.74,35.77,34.86,34.98
2026-05-16T20:58:36+00:00,1778965116.173,99.87,78.217,125.789,62.18,111.676,155.643,71.75,35.95,34.91,34.99
2026-05-16T20:58:41+00:00,1778965121.175,99.87,78.212,125.789,62.18,111.686,155.643,71.76,35.71,34.88,34.98
2026-05-16T20:58:46+00:00,1778965126.176,99.86,78.209,125.789,62.18,111.696,155.643,71.76,36.06,34.96,35.01
2026-05-16T20:58:51+00:00,1778965131.177,99.87,78.208,125.789,62.17,111.705,155.643,71.77,35.73,34.91,34.99
2026-05-16T20:58:56+00:00,1778965136.179,99.86,78.209,125.789,62.18,111.713,155.643,71.78,35.51,34.88,34.98
2026-05-16T20:59:01+00:00,1778965141.180,99.86,78.214,125.789,62.18,111.722,155.643,71.78,35.23,34.83,34.97
2026-05-16T20:59:06+00:00,1778965146.182,99.87,78.219,125.789,62.18,111.729,155.643,71.79,35.05,34.80,34.96
2026-05-16T20:59:11+00:00,1778965151.183,99.86,78.226,125.789,62.19,111.737,155.643,71.79,34.89,34.77,34.95
2026-05-16T20:59:16+00:00,1778965156.184,99.86,78.228,125.789,62.19,111.746,155.643,71.80,34.82,34.76,34.94
2026-05-16T20:59:21+00:00,1778965161.186,99.87,78.237,125.789,62.20,111.752,155.643,71.80,34.75,34.75,34.93
2026-05-16T20:59:26+00:00,1778965166.187,99.86,78.243,125.789,62.20,111.760,155.643,71.81,34.85,34.77,34.94
2026-05-16T20:59:31+00:00,1778965171.188,99.87,78.245,125.789,62.20,111.766,155.643,71.81,34.70,34.74,34.93
2026-05-16T20:59:36+00:00,1778965176.190,99.86,78.253,125.789,62.21,111.772,155.643,71.81,35.05,34.81,34.95
2026-05-16T20:59:41+00:00,1778965181.191,99.86,78.257,125.789,62.21,111.779,155.643,71.82,34.88,34.78,34.94
2026-05-16T20:59:46+00:00,1778965186.192,99.87,78.264,125.789,62.22,111.786,155.643,71.82,34.73,34.75,34.93
2026-05-16T20:59:51+00:00,1778965191.194,99.85,78.317,125.789,62.26,111.793,155.643,71.83,34.51,34.70,34.91
2026-05-16T20:59:56+00:00,1778965196.195,99.87,78.328,125.789,62.27,111.802,155.643,71.83,34.31,34.66,34.90
2026-05-16T21:00:01+00:00,1778965201.196,99.87,78.333,125.789,62.27,111.815,155.643,71.84,34.45,34.68,34.90
2026-05-16T21:00:06+00:00,1778965206.198,99.89,78.330,125.789,62.27,111.829,155.643,71.85,34.33,34.65,34.89
2026-05-16T21:00:11+00:00,1778965211.199,99.86,78.331,125.789,62.27,111.844,155.643,71.86,34.22,34.62,34.88
2026-05-16T21:00:16+00:00,1778965216.200,99.86,78.320,125.789,62.26,111.855,155.643,71.87,34.04,34.58,34.87
2026-05-16T21:00:21+00:00,1778965221.202,99.86,78.316,125.789,62.26,111.864,155.643,71.87,33.88,34.54,34.85
2026-05-16T21:00:26+00:00,1778965226.203,99.85,78.319,125.789,62.26,111.872,155.643,71.88,33.73,34.49,34.84
2026-05-16T21:00:31+00:00,1778965231.204,99.86,78.318,125.789,62.26,111.882,155.643,71.88,33.59,34.45,34.82
2026-05-16T21:00:36+00:00,1778965236.206,99.87,78.322,125.789,62.27,111.891,155.643,71.89,33.46,34.41,34.81
2026-05-16T21:00:41+00:00,1778965241.207,99.86,78.326,125.789,62.27,111.898,155.643,71.89,33.35,34.37,34.79
2026-05-16T21:00:46+00:00,1778965246.209,99.89,78.358,125.789,62.29,111.905,155.643,71.90,34.28,34.55,34.85
2026-05-16T21:00:51+00:00,1778965251.210,99.85,78.364,125.789,62.30,111.912,155.643,71.90,34.10,34.51,34.83
2026-05-16T21:00:56+00:00,1778965256.211,99.86,78.368,125.789,62.30,111.919,155.643,71.91,34.01,34.48,34.82
2026-05-16T21:01:01+00:00,1778965261.213,99.86,78.377,125.789,62.31,111.926,155.643,71.91,33.85,34.44,34.80
2026-05-16T21:01:06+00:00,1778965266.214,99.87,78.381,125.789,62.31,111.933,155.643,71.92,33.78,34.41,34.79
2026-05-16T21:01:11+00:00,1778965271.215,99.86,78.391,125.789,62.32,111.940,155.643,71.92,33.88,34.42,34.80
2026-05-16T21:01:16+00:00,1778965276.217,99.86,78.407,125.789,62.33,111.947,155.643,71.93,33.89,34.42,34.79
2026-05-16T21:01:21+00:00,1778965281.218,99.86,78.411,125.789,62.34,111.955,155.643,71.93,33.74,34.38,34.78
2026-05-16T21:01:26+00:00,1778965286.219,99.86,78.420,125.789,62.34,111.962,155.643,71.94,33.60,34.34,34.76
2026-05-16T21:01:31+00:00,1778965291.221,99.86,78.478,125.789,62.39,111.970,155.643,71.94,33.55,34.31,34.75
2026-05-16T21:01:36+00:00,1778965296.222,99.86,78.494,125.789,62.40,111.982,155.643,71.95,33.42,34.28,34.74
2026-05-16T21:01:41+00:00,1778965301.224,99.84,78.531,125.789,62.43,111.996,155.643,71.96,33.55,34.29,34.74
2026-05-16T21:01:46+00:00,1778965306.225,99.87,78.531,125.789,62.43,112.014,155.643,71.97,33.43,34.25,34.72
2026-05-16T21:01:51+00:00,1778965311.226,99.87,78.516,125.789,62.42,112.031,155.643,71.98,33.71,34.30,34.74
2026-05-16T21:01:56+00:00,1778965316.227,99.86,78.488,125.789,62.40,112.043,155.643,71.99,34.46,34.44,34.78
2026-05-16T21:02:01+00:00,1778965321.229,99.87,78.484,125.789,62.39,112.052,155.643,71.99,34.50,34.45,34.78
2026-05-16T21:02:06+00:00,1778965326.230,99.84,78.484,125.789,62.39,112.062,155.643,72.00,34.30,34.41,34.77
2026-05-16T21:02:11+00:00,1778965331.232,99.86,78.490,125.789,62.40,112.072,155.643,72.01,34.20,34.39,34.76
2026-05-16T21:02:16+00:00,1778965336.233,99.87,78.496,125.789,62.40,112.080,155.643,72.01,34.50,34.45,34.77
2026-05-16T21:02:21+00:00,1778965341.234,99.87,78.496,125.789,62.40,112.088,155.643,72.02,34.30,34.41,34.76
2026-05-16T21:02:26+00:00,1778965346.236,99.87,78.502,125.789,62.41,112.096,155.643,72.02,34.28,34.40,34.75
2026-05-16T21:02:31+00:00,1778965351.237,99.88,78.509,125.789,62.41,112.105,155.643,72.03,35.13,34.57,34.81
2026-05-16T21:02:36+00:00,1778965356.238,99.86,78.519,125.789,62.42,112.113,155.643,72.03,34.88,34.53,34.79
2026-05-16T21:02:41+00:00,1778965361.240,99.86,78.527,125.789,62.43,112.121,155.643,72.04,34.65,34.49,34.78
2026-05-16T21:02:46+00:00,1778965366.241,99.87,78.531,125.789,62.43,112.129,155.643,72.04,35.64,34.70,34.85
2026-05-16T21:02:51+00:00,1778965371.242,99.87,78.534,125.789,62.43,112.136,155.643,72.05,35.35,34.65,34.83
2026-05-16T21:02:56+00:00,1778965376.244,99.88,78.540,125.789,62.44,112.144,155.643,72.05,36.12,34.82,34.88
2026-05-16T21:03:01+00:00,1778965381.245,99.86,78.550,125.789,62.45,112.152,155.643,72.06,36.99,35.03,34.95
2026-05-16T21:03:06+00:00,1778965386.247,99.86,78.571,125.789,62.46,112.159,155.643,72.06,36.75,35.01,34.94
2026-05-16T21:03:11+00:00,1778965391.248,99.80,78.598,125.789,62.48,112.167,155.643,72.07,37.17,35.13,34.98
2026-05-16T21:03:16+00:00,1778965396.249,99.88,78.620,125.789,62.50,112.180,155.643,72.08,37.32,35.19,35.00
2026-05-16T21:03:21+00:00,1778965401.251,99.87,78.634,125.789,62.51,112.197,155.643,72.09,37.37,35.24,35.02
2026-05-16T21:03:26+00:00,1778965406.252,99.88,78.645,125.789,62.52,112.214,155.643,72.10,36.94,35.18,35.00
2026-05-16T21:03:31+00:00,1778965411.254,99.87,78.631,125.789,62.51,112.226,155.643,72.11,36.63,35.15,34.99
2026-05-16T21:03:36+00:00,1778965416.255,99.87,78.637,125.789,62.51,112.236,155.643,72.11,36.34,35.11,34.98
2026-05-16T21:03:41+00:00,1778965421.256,99.86,78.633,125.789,62.51,112.246,155.643,72.12,37.19,35.31,35.05
2026-05-16T21:03:46+00:00,1778965426.258,99.86,78.633,125.789,62.51,112.255,155.643,72.12,36.94,35.29,35.04
2026-05-16T21:03:51+00:00,1778965431.259,99.88,78.639,125.789,62.52,112.264,155.643,72.13,37.26,35.38,35.07
2026-05-16T21:03:56+00:00,1778965436.260,99.85,78.645,125.789,62.52,112.272,155.643,72.13,36.92,35.34,35.06
2026-05-16T21:04:01+00:00,1778965441.262,99.87,78.660,125.789,62.53,112.281,155.643,72.14,36.53,35.29,35.05
2026-05-16T21:04:06+00:00,1778965446.263,99.88,78.665,125.789,62.54,112.287,155.643,72.14,36.08,35.21,35.02
2026-05-16T21:04:11+00:00,1778965451.264,99.87,78.673,125.789,62.54,112.294,155.643,72.15,35.84,35.18,35.01
2026-05-16T21:04:16+00:00,1778965456.266,99.87,78.682,125.789,62.55,112.300,155.643,72.15,35.61,35.14,35.00
2026-05-16T21:04:21+00:00,1778965461.267,99.87,78.687,125.789,62.55,112.307,155.643,72.16,35.40,35.11,34.99
2026-05-16T21:04:26+00:00,1778965466.268,99.86,78.693,125.789,62.56,112.313,155.643,72.16,35.21,35.07,34.98
2026-05-16T21:04:31+00:00,1778965471.270,99.88,78.701,125.789,62.57,112.320,155.643,72.17,35.19,35.07,34.98
2026-05-16T21:04:36+00:00,1778965476.271,99.88,78.693,125.789,62.56,112.327,155.643,72.17,34.93,35.02,34.96
2026-05-16T21:04:41+00:00,1778965481.272,99.87,78.700,125.789,62.57,112.335,155.643,72.18,34.62,34.95,34.94
2026-05-16T21:04:46+00:00,1778965486.274,99.86,78.782,125.789,62.63,112.345,155.643,72.18,35.29,35.08,34.99
2026-05-16T21:04:51+00:00,1778965491.275,99.86,78.781,125.789,62.63,112.356,155.643,72.19,35.03,35.03,34.97
2026-05-16T21:04:56+00:00,1778965496.277,99.84,78.786,125.789,62.63,112.371,155.643,72.20,35.27,35.08,34.99
2026-05-16T21:05:01+00:00,1778965501.278,99.86,78.785,125.789,62.63,112.391,155.643,72.21,35.88,35.21,35.03
2026-05-16T21:05:06+00:00,1778965506.279,99.87,78.771,125.789,62.62,112.406,155.643,72.22,35.65,35.18,35.02
2026-05-16T21:05:11+00:00,1778965511.281,99.86,78.757,125.789,62.61,112.416,155.643,72.23,35.36,35.12,35.00
2026-05-16T21:05:16+00:00,1778965516.282,99.87,78.769,125.789,62.62,112.426,155.643,72.23,35.17,35.09,34.99
2026-05-16T21:05:21+00:00,1778965521.283,99.87,78.762,125.789,62.61,112.436,155.643,72.24,35.40,35.14,35.01
2026-05-16T21:05:26+00:00,1778965526.285,99.87,78.744,125.789,62.60,112.444,155.643,72.25,35.20,35.10,35.00
2026-05-16T21:05:31+00:00,1778965531.286,99.87,78.762,125.789,62.61,112.453,155.643,72.25,35.27,35.12,35.00
2026-05-16T21:05:36+00:00,1778965536.287,99.88,78.768,125.789,62.62,112.461,155.643,72.26,35.01,35.06,34.99
2026-05-16T21:05:41+00:00,1778965541.289,99.86,78.774,125.789,62.62,112.468,155.643,72.26,34.77,35.01,34.97
2026-05-16T21:05:46+00:00,1778965546.290,99.86,78.780,125.789,62.63,112.477,155.643,72.27,34.62,34.98,34.96
2026-05-16T21:05:51+00:00,1778965551.291,99.88,78.786,125.789,62.63,112.485,155.643,72.27,35.29,35.11,35.00
2026-05-16T21:05:56+00:00,1778965556.293,99.86,78.794,125.789,62.64,112.492,155.643,72.28,35.03,35.06,34.99
2026-05-16T21:06:01+00:00,1778965561.294,99.87,78.797,125.789,62.64,112.498,155.643,72.28,34.79,35.01,34.97
2026-05-16T21:06:06+00:00,1778965566.295,99.87,78.804,125.789,62.65,112.503,155.643,72.28,34.56,34.96,34.95
2026-05-16T21:06:11+00:00,1778965571.297,99.87,78.813,125.789,62.66,112.511,155.643,72.29,35.16,35.08,34.99
2026-05-16T21:06:16+00:00,1778965576.298,99.87,78.825,125.789,62.66,112.518,155.643,72.29,35.71,35.19,35.03
2026-05-16T21:06:21+00:00,1778965581.299,99.87,78.900,125.789,62.72,112.526,155.643,72.30,36.45,35.35,35.08
2026-05-16T21:06:26+00:00,1778965586.301,99.88,78.904,125.789,62.73,112.536,155.643,72.30,36.09,35.30,35.07
2026-05-16T21:06:31+00:00,1778965591.302,99.89,78.909,125.789,62.73,112.549,155.643,72.31,35.85,35.26,35.06
2026-05-16T21:06:36+00:00,1778965596.303,99.87,78.912,125.789,62.73,112.566,155.643,72.32,35.54,35.21,35.04
2026-05-16T21:06:41+00:00,1778965601.304,99.87,78.906,125.789,62.73,112.581,155.643,72.33,36.22,35.35,35.09
2026-05-16T21:06:46+00:00,1778965606.306,99.87,78.879,125.789,62.71,112.592,155.643,72.34,36.04,35.33,35.08
2026-05-16T21:06:51+00:00,1778965611.307,99.89,78.885,125.789,62.71,112.601,155.643,72.35,36.84,35.51,35.14
2026-05-16T21:06:56+00:00,1778965616.308,99.87,78.877,125.789,62.71,112.610,155.643,72.35,36.45,35.45,35.12
2026-05-16T21:07:01+00:00,1778965621.310,99.87,78.891,125.789,62.72,112.618,155.643,72.36,36.97,35.57,35.17
2026-05-16T21:07:06+00:00,1778965626.311,99.89,78.894,125.789,62.72,112.626,155.643,72.36,36.58,35.51,35.15
2026-05-16T21:07:11+00:00,1778965631.313,99.87,78.906,125.789,62.73,112.633,155.643,72.37,36.29,35.47,35.14
2026-05-16T21:07:16+00:00,1778965636.314,99.89,78.916,125.789,62.74,112.642,155.643,72.37,37.15,35.66,35.20
2026-05-16T21:07:21+00:00,1778965641.315,99.86,78.921,125.789,62.74,112.649,155.643,72.38,36.81,35.62,35.19
2026-05-16T21:07:26+00:00,1778965646.317,99.87,78.926,125.789,62.74,112.656,155.643,72.38,36.43,35.56,35.17
2026-05-16T21:07:31+00:00,1778965651.318,99.86,78.937,125.789,62.75,112.663,155.643,72.39,36.23,35.53,35.16
2026-05-16T21:07:36+00:00,1778965656.319,99.88,78.940,125.789,62.76,112.670,155.643,72.39,35.89,35.47,35.15
2026-05-16T21:07:41+00:00,1778965661.321,99.85,78.950,125.789,62.76,112.678,155.643,72.40,35.66,35.43,35.14
2026-05-16T21:07:46+00:00,1778965666.322,99.87,78.961,125.789,62.77,112.685,155.643,72.40,36.09,35.52,35.17
2026-05-16T21:07:51+00:00,1778965671.323,99.86,78.968,125.789,62.78,112.693,155.643,72.41,35.84,35.48,35.16
2026-05-16T21:07:56+00:00,1778965676.325,99.87,79.033,125.789,62.83,112.702,155.643,72.41,35.61,35.44,35.14
2026-05-16T21:08:01+00:00,1778965681.326,99.86,79.044,125.789,62.84,112.712,155.643,72.42,35.32,35.38,35.13
2026-05-16T21:08:06+00:00,1778965686.328,99.86,79.068,125.789,62.86,112.724,155.643,72.43,35.06,35.33,35.11
2026-05-16T21:08:11+00:00,1778965691.329,99.84,79.063,125.789,62.85,112.742,155.643,72.44,34.81,35.27,35.09
2026-05-16T21:08:16+00:00,1778965696.330,99.87,79.065,125.789,62.86,112.760,155.643,72.45,35.23,35.35,35.12
2026-05-16T21:08:21+00:00,1778965701.331,99.87,79.044,125.789,62.84,112.773,155.643,72.46,34.97,35.29,35.10
2026-05-16T21:08:26+00:00,1778965706.333,99.86,79.042,125.789,62.84,112.783,155.643,72.46,34.73,35.24,35.08
2026-05-16T21:08:31+00:00,1778965711.334,99.84,79.040,125.789,62.84,112.794,155.643,72.47,34.75,35.23,35.08
2026-05-16T21:08:36+00:00,1778965716.335,99.86,79.049,125.789,62.84,112.804,155.643,72.48,35.49,35.38,35.13
2026-05-16T21:08:41+00:00,1778965721.337,99.85,79.056,125.789,62.85,112.814,155.643,72.48,35.21,35.32,35.12
2026-05-16T21:08:46+00:00,1778965726.338,99.86,79.062,125.789,62.85,112.822,155.643,72.49,35.04,35.29,35.10
2026-05-16T21:08:51+00:00,1778965731.339,99.87,79.069,125.789,62.86,112.830,155.643,72.49,36.15,35.51,35.18
2026-05-16T21:08:56+00:00,1778965736.341,99.86,79.074,125.789,62.86,112.839,155.643,72.50,35.90,35.47,35.17
2026-05-16T21:09:01+00:00,1778965741.342,99.86,79.087,125.789,62.87,112.847,155.643,72.50,35.75,35.45,35.16
2026-05-16T21:09:06+00:00,1778965746.343,99.87,79.091,125.789,62.88,112.854,155.643,72.51,35.45,35.39,35.14
2026-05-16T21:09:11+00:00,1778965751.345,99.87,79.097,125.789,62.88,112.862,155.643,72.51,35.17,35.33,35.13
2026-05-16T21:09:16+00:00,1778965756.346,99.86,79.112,125.789,62.89,112.868,155.643,72.52,34.92,35.28,35.11
2026-05-16T21:09:21+00:00,1778965761.347,99.86,79.122,125.789,62.90,112.875,155.643,72.52,34.76,35.24,35.10
2026-05-16T21:09:26+00:00,1778965766.349,99.87,79.139,125.789,62.91,112.882,155.643,72.53,34.54,35.18,35.08
2026-05-16T21:09:31+00:00,1778965771.350,99.87,79.158,125.789,62.93,112.890,155.643,72.53,35.54,35.38,35.14
2026-05-16T21:09:36+00:00,1778965776.351,99.86,79.182,125.789,62.95,112.899,155.643,72.54,36.30,35.54,35.20
2026-05-16T21:09:41+00:00,1778965781.353,99.87,79.216,125.789,62.98,112.911,155.643,72.55,36.35,35.57,35.21
2026-05-16T21:09:46+00:00,1778965786.354,99.87,79.238,125.789,62.99,112.929,155.643,72.56,36.41,35.59,35.22
2026-05-16T21:09:51+00:00,1778965791.355,99.86,79.250,125.789,63.00,112.948,155.643,72.57,36.05,35.53,35.20
2026-05-16T21:09:56+00:00,1778965796.357,99.88,79.241,125.789,63.00,112.959,155.643,72.58,36.13,35.55,35.21
2026-05-16T21:10:01+00:00,1778965801.358,99.86,79.256,125.789,63.01,112.968,155.643,72.58,35.88,35.51,35.20
2026-05-16T21:10:06+00:00,1778965806.359,99.86,79.257,125.789,63.01,112.977,155.643,72.59,36.29,35.60,35.23
2026-05-16T21:10:11+00:00,1778965811.361,99.88,79.252,125.789,63.00,112.986,155.643,72.59,36.19,35.59,35.23
2026-05-16T21:10:16+00:00,1778965816.362,99.86,79.264,125.789,63.01,112.994,155.643,72.60,36.25,35.62,35.24
2026-05-16T21:10:21+00:00,1778965821.363,99.86,79.279,125.789,63.03,113.001,155.643,72.60,35.91,35.56,35.22
2026-05-16T21:10:26+00:00,1778965826.365,99.86,79.283,125.789,63.03,113.008,155.643,72.61,36.00,35.58,35.23
2026-05-16T21:10:31+00:00,1778965831.366,99.87,79.292,125.789,63.04,113.015,155.643,72.61,35.68,35.52,35.21
2026-05-16T21:10:36+00:00,1778965836.367,99.86,79.299,125.789,63.04,113.022,155.643,72.62,35.78,35.55,35.22
2026-05-16T21:10:41+00:00,1778965841.369,99.86,79.310,125.789,63.05,113.029,155.643,72.62,35.72,35.54,35.22
2026-05-16T21:10:46+00:00,1778965846.370,99.86,79.315,125.789,63.05,113.037,155.643,72.63,35.82,35.56,35.23
2026-05-16T21:10:51+00:00,1778965851.371,99.85,79.319,125.789,63.06,113.044,155.643,72.63,35.52,35.50,35.21
2026-05-16T21:10:56+00:00,1778965856.373,99.84,79.330,125.789,63.07,113.051,155.643,72.63,35.80,35.56,35.23
2026-05-16T21:11:01+00:00,1778965861.374,99.88,79.334,125.789,63.07,113.057,155.643,72.64,36.53,35.72,35.29
2026-05-16T21:11:06+00:00,1778965866.375,99.87,79.344,125.789,63.08,113.065,155.643,72.64,36.17,35.65,35.27
2026-05-16T21:11:11+00:00,1778965871.377,99.86,79.385,125.789,63.11,113.074,155.643,72.65,36.16,35.66,35.27
2026-05-16T21:11:16+00:00,1778965876.378,99.87,79.390,125.789,63.11,113.085,155.643,72.66,35.82,35.60,35.25
2026-05-16T21:11:21+00:00,1778965881.380,99.85,79.421,125.789,63.14,113.099,155.643,72.67,35.60,35.56,35.24
2026-05-16T21:11:26+00:00,1778965886.381,99.86,79.425,125.789,63.14,113.117,155.643,72.68,35.39,35.51,35.23
2026-05-16T21:11:31+00:00,1778965891.382,99.86,79.422,125.789,63.14,113.135,155.643,72.69,35.28,35.49,35.22
2026-05-16T21:11:36+00:00,1778965896.384,99.87,79.407,125.789,63.13,113.146,155.643,72.70,35.01,35.43,35.21
2026-05-16T21:11:41+00:00,1778965901.385,99.86,79.411,125.789,63.13,113.156,155.643,72.70,34.77,35.37,35.19
2026-05-16T21:11:46+00:00,1778965906.387,99.87,79.396,125.789,63.12,113.166,155.643,72.71,34.55,35.32,35.17
2026-05-16T21:11:51+00:00,1778965911.388,99.86,79.397,125.789,63.12,113.175,155.643,72.71,34.51,35.29,35.16
2026-05-16T21:11:56+00:00,1778965916.389,99.85,79.399,125.789,63.12,113.184,155.643,72.72,34.31,35.24,35.15
2026-05-16T21:12:01+00:00,1778965921.390,99.86,79.400,125.789,63.12,113.192,155.643,72.73,34.44,35.25,35.15
2026-05-16T21:12:06+00:00,1778965926.392,99.87,79.406,125.789,63.13,113.199,155.643,72.73,34.25,35.20,35.13
2026-05-16T21:12:11+00:00,1778965931.393,99.87,79.409,125.789,63.13,113.207,155.643,72.74,34.22,35.18,35.13
2026-05-16T21:12:16+00:00,1778965936.394,99.87,79.416,125.789,63.13,113.216,155.643,72.74,34.45,35.21,35.14
2026-05-16T21:12:21+00:00,1778965941.396,99.87,79.426,125.789,63.14,113.224,155.643,72.75,34.33,35.17,35.13
2026-05-16T21:12:26+00:00,1778965946.397,99.88,79.434,125.789,63.15,113.231,155.643,72.75,34.14,35.12,35.11
2026-05-16T21:12:31+00:00,1778965951.398,99.86,79.439,125.789,63.15,113.237,155.643,72.75,35.01,35.28,35.16
2026-05-16T21:12:36+00:00,1778965956.399,99.86,79.447,125.789,63.16,113.245,155.643,72.76,35.01,35.28,35.16
2026-05-16T21:12:41+00:00,1778965961.401,99.87,79.460,125.789,63.17,113.252,155.643,72.76,34.77,35.22,35.14
2026-05-16T21:12:46+00:00,1778965966.402,99.84,79.485,125.789,63.19,113.259,155.643,72.77,34.71,35.20,35.14
2026-05-16T21:12:51+00:00,1778965971.403,99.84,79.506,125.789,63.21,113.269,155.643,72.78,34.65,35.18,35.13
2026-05-16T21:12:56+00:00,1778965976.405,99.88,79.532,125.789,63.23,113.283,155.643,72.78,34.44,35.13,35.12
2026-05-16T21:13:01+00:00,1778965981.406,99.88,79.542,125.789,63.23,113.300,155.643,72.80,34.24,35.08,35.10
2026-05-16T21:13:06+00:00,1778965986.408,99.87,79.555,125.789,63.25,113.315,155.643,72.80,34.30,35.08,35.10
2026-05-16T21:13:11+00:00,1778965991.409,99.87,79.547,125.789,63.24,113.327,155.643,72.81,34.20,35.04,35.09
2026-05-16T21:13:16+00:00,1778965996.410,99.85,79.556,125.789,63.25,113.336,155.643,72.82,34.58,35.11,35.11
2026-05-16T21:13:21+00:00,1778966001.412,99.87,79.549,125.789,63.24,113.346,155.643,72.82,34.38,35.05,35.09
2026-05-16T21:13:26+00:00,1778966006.413,99.84,79.553,125.789,63.24,113.355,155.643,72.83,34.91,35.15,35.12
2026-05-16T21:13:31+00:00,1778966011.414,99.87,79.562,125.789,63.25,113.362,155.643,72.84,34.68,35.10,35.10
2026-05-16T21:13:36+00:00,1778966016.416,99.87,79.567,125.789,63.25,113.371,155.643,72.84,34.54,35.07,35.09
2026-05-16T21:13:41+00:00,1778966021.417,99.87,79.572,125.789,63.26,113.378,155.643,72.85,34.50,35.05,35.09
2026-05-16T21:13:46+00:00,1778966026.418,99.87,79.585,125.789,63.27,113.385,155.643,72.85,34.54,35.05,35.09
2026-05-16T21:13:51+00:00,1778966031.420,99.87,79.587,125.789,63.27,113.392,155.643,72.85,34.41,35.01,35.08
2026-05-16T21:13:56+00:00,1778966036.421,99.86,79.595,125.789,63.28,113.400,155.643,72.86,34.30,34.98,35.06
2026-05-16T21:14:01+00:00,1778966041.422,99.87,79.604,125.789,63.28,113.406,155.643,72.86,34.20,34.95,35.05
2026-05-16T21:14:06+00:00,1778966046.424,99.85,79.613,125.789,63.29,113.411,155.643,72.87,34.74,35.05,35.08
2026-05-16T21:14:11+00:00,1778966051.425,99.84,79.625,125.789,63.30,113.417,155.643,72.87,34.60,35.01,35.07
2026-05-16T21:14:16+00:00,1778966056.427,99.86,79.630,125.789,63.30,113.425,155.643,72.88,34.39,34.96,35.06
2026-05-16T21:14:21+00:00,1778966061.428,99.87,79.707,125.789,63.37,113.433,155.643,72.88,34.52,34.98,35.06
2026-05-16T21:14:26+00:00,1778966066.429,99.87,79.719,125.789,63.38,113.443,155.643,72.89,34.32,34.93,35.05
2026-05-16T21:14:31+00:00,1778966071.431,99.84,79.718,125.789,63.37,113.456,155.643,72.89,35.10,35.08,35.09
2026-05-16T21:14:36+00:00,1778966076.432,99.87,79.718,125.789,63.37,113.474,155.643,72.91,35.17,35.10,35.10
2026-05-16T21:14:41+00:00,1778966081.433,99.86,79.708,125.789,63.37,113.491,155.643,72.92,34.99,35.06,35.09
2026-05-16T21:14:46+00:00,1778966086.435,99.86,79.697,125.789,63.36,113.503,155.643,72.93,34.83,35.03,35.08
2026-05-16T21:14:51+00:00,1778966091.436,99.87,79.691,125.789,63.35,113.513,155.643,72.93,34.61,34.98,35.06
2026-05-16T21:14:56+00:00,1778966096.437,99.86,79.684,125.789,63.35,113.523,155.643,72.94,34.72,34.99,35.06
2026-05-16T21:15:01+00:00,1778966101.439,99.86,79.690,125.789,63.35,113.533,155.643,72.94,34.50,34.94,35.05
2026-05-16T21:15:06+00:00,1778966106.440,99.86,79.696,125.789,63.36,113.541,155.643,72.95,34.54,34.94,35.05
2026-05-16T21:15:11+00:00,1778966111.441,99.86,79.701,125.789,63.36,113.549,155.643,72.95,34.34,34.89,35.03
2026-05-16T21:15:16+00:00,1778966116.443,99.87,79.708,125.789,63.37,113.556,155.643,72.96,34.23,34.86,35.02
2026-05-16T21:15:21+00:00,1778966121.444,99.87,79.715,125.789,63.37,113.563,155.643,72.96,34.13,34.83,35.01
2026-05-16T21:15:26+00:00,1778966126.445,99.86,79.730,125.789,63.38,113.571,155.643,72.97,34.76,34.95,35.05
2026-05-16T21:15:31+00:00,1778966131.447,99.87,79.740,125.789,63.39,113.578,155.643,72.97,35.02,35.00,35.06
2026-05-16T21:15:36+00:00,1778966136.448,99.87,79.741,125.789,63.39,113.585,155.643,72.98,35.50,35.10,35.09
2026-05-16T21:15:41+00:00,1778966141.449,99.87,79.742,125.789,63.39,113.592,155.643,72.98,35.30,35.07,35.08
2026-05-16T21:15:46+00:00,1778966146.451,99.86,79.748,125.789,63.40,113.598,155.643,72.99,35.52,35.12,35.10
2026-05-16T21:15:51+00:00,1778966151.452,99.86,79.756,125.789,63.41,113.606,155.643,72.99,35.39,35.10,35.09
2026-05-16T21:15:56+00:00,1778966156.453,99.86,79.765,125.789,63.41,113.613,155.643,73.00,35.12,35.04,35.08
2026-05-16T21:16:01+00:00,1778966161.455,99.86,79.828,125.789,63.46,113.621,155.643,73.00,34.87,34.99,35.06
2026-05-16T21:16:06+00:00,1778966166.456,99.84,79.833,125.789,63.47,113.632,155.643,73.01,34.72,34.96,35.05
2026-05-16T21:16:11+00:00,1778966171.457,99.87,79.843,125.789,63.47,113.647,155.643,73.02,34.50,34.91,35.03
2026-05-16T21:16:16+00:00,1778966176.459,99.86,79.842,125.789,63.47,113.666,155.643,73.03,34.30,34.86,35.01
2026-05-16T21:16:21+00:00,1778966181.460,99.86,79.836,125.789,63.47,113.681,155.643,73.04,34.36,34.87,35.01
2026-05-16T21:16:26+00:00,1778966186.461,99.84,79.829,125.789,63.46,113.691,155.643,73.05,35.29,35.05,35.07
2026-05-16T21:16:31+00:00,1778966191.463,99.89,79.835,125.789,63.47,113.699,155.643,73.05,35.03,35.00,35.06
2026-05-16T21:16:36+00:00,1778966196.464,99.88,79.831,125.789,63.46,113.708,155.643,73.06,35.11,35.02,35.06
2026-05-16T21:16:41+00:00,1778966201.465,99.87,79.831,125.789,63.46,113.717,155.643,73.06,35.10,35.02,35.06
2026-05-16T21:16:46+00:00,1778966206.467,99.81,79.822,125.789,63.46,113.724,155.643,73.07,34.85,34.97,35.04
2026-05-16T21:16:51+00:00,1778966211.468,99.86,79.829,125.789,63.46,113.731,155.643,73.07,34.70,34.93,35.03
2026-05-16T21:16:56+00:00,1778966216.469,99.87,79.831,125.789,63.46,113.740,155.643,73.08,34.56,34.90,35.02
2026-05-16T21:17:01+00:00,1778966221.471,99.86,79.838,125.789,63.47,113.746,155.643,73.08,35.48,35.09,35.08
2026-05-16T21:17:06+00:00,1778966226.472,99.86,79.849,125.789,63.48,113.752,155.643,73.09,35.52,35.10,35.09
2026-05-16T21:17:11+00:00,1778966231.473,99.87,79.861,125.789,63.49,113.760,155.643,73.09,35.40,35.08,35.08
2026-05-16T21:17:16+00:00,1778966236.475,99.87,79.869,125.789,63.49,113.766,155.643,73.09,35.21,35.05,35.07
2026-05-16T21:17:21+00:00,1778966241.476,99.88,79.878,125.789,63.50,113.773,155.643,73.10,35.11,35.03,35.06
2026-05-16T21:17:26+00:00,1778966246.477,99.87,79.885,125.789,63.51,113.780,155.643,73.10,35.18,35.05,35.07
2026-05-16T21:17:31+00:00,1778966251.479,99.86,79.889,125.789,63.51,113.788,155.643,73.11,35.01,35.01,35.06
2026-05-16T21:17:36+00:00,1778966256.480,99.87,79.964,125.789,63.57,113.795,155.643,73.11,34.77,34.96,35.04
2026-05-16T21:17:41+00:00,1778966261.481,99.87,79.964,125.789,63.57,113.804,155.643,73.12,35.19,35.05,35.07
2026-05-16T21:17:46+00:00,1778966266.483,99.86,80.000,125.789,63.60,113.816,155.643,73.13,35.01,35.01,35.06
2026-05-16T21:17:51+00:00,1778966271.484,99.84,79.999,125.789,63.60,113.833,155.643,73.14,34.77,34.96,35.04
2026-05-16T21:17:56+00:00,1778966276.485,99.86,79.997,125.789,63.60,113.852,155.643,73.15,34.55,34.91,35.02
2026-05-16T21:18:01+00:00,1778966281.487,99.88,79.988,125.789,63.59,113.867,155.643,73.16,34.42,34.88,35.01
2026-05-16T21:18:06+00:00,1778966286.488,99.87,79.968,125.789,63.57,113.876,155.643,73.17,34.23,34.83,35.00
2026-05-16T21:18:11+00:00,1778966291.489,99.87,79.975,125.789,63.58,113.886,155.643,73.17,34.29,34.83,35.00
2026-05-16T21:18:16+00:00,1778966296.491,99.86,79.966,125.789,63.57,113.895,155.643,73.18,34.27,34.82,34.99
2026-05-16T21:18:21+00:00,1778966301.492,99.86,79.972,125.789,63.58,113.904,155.643,73.18,34.17,34.79,34.98
2026-05-16T21:18:26+00:00,1778966306.493,99.87,79.975,125.789,63.58,113.912,155.643,73.19,33.99,34.74,34.96
2026-05-16T21:18:31+00:00,1778966311.495,99.86,79.980,125.789,63.58,113.920,155.643,73.19,33.83,34.70,34.95
2026-05-16T21:18:36+00:00,1778966316.496,99.86,79.984,125.789,63.59,113.927,155.643,73.20,33.85,34.69,34.94
2026-05-16T21:18:41+00:00,1778966321.497,99.87,79.987,125.789,63.59,113.936,155.643,73.20,34.74,34.86,35.00
2026-05-16T21:18:46+00:00,1778966326.499,99.86,79.994,125.789,63.59,113.943,155.643,73.21,35.00,34.91,35.01
2026-05-16T21:18:51+00:00,1778966331.500,99.87,80.001,125.789,63.60,113.951,155.643,73.21,35.56,35.03,35.05
2026-05-16T21:18:56+00:00,1778966336.501,99.86,80.010,125.789,63.61,113.958,155.643,73.22,35.28,34.98,35.03
2026-05-16T21:19:01+00:00,1778966341.502,99.86,80.016,125.789,63.61,113.965,155.643,73.22,35.09,34.94,35.02
2026-05-16T21:19:06+00:00,1778966346.504,99.87,80.025,125.789,63.62,113.973,155.643,73.23,34.84,34.90,35.01
2026-05-16T21:19:11+00:00,1778966351.505,99.88,80.028,125.789,63.62,113.979,155.643,73.23,35.58,35.05,35.06
2026-05-16T21:19:16+00:00,1778966356.506,99.82,80.105,125.789,63.68,113.987,155.643,73.24,35.29,35.00,35.04
2026-05-16T21:19:21+00:00,1778966361.508,99.89,80.104,125.789,63.68,113.999,155.643,73.24,35.11,34.96,35.03
2026-05-16T21:19:26+00:00,1778966366.509,99.89,80.105,125.789,63.68,114.012,155.643,73.25,34.86,34.91,35.01
2026-05-16T21:19:31+00:00,1778966371.511,99.86,80.114,125.789,63.69,114.030,155.643,73.26,34.71,34.88,35.00
2026-05-16T21:19:36+00:00,1778966376.512,99.87,80.107,125.789,63.68,114.045,155.643,73.27,34.49,34.83,34.98
2026-05-16T21:19:41+00:00,1778966381.513,99.87,80.089,125.789,63.67,114.055,155.643,73.28,35.09,34.95,35.02
2026-05-16T21:19:46+00:00,1778966386.515,99.87,80.093,125.789,63.67,114.064,155.643,73.29,34.85,34.90,35.00
2026-05-16T21:19:51+00:00,1778966391.516,99.85,80.090,125.789,63.67,114.073,155.643,73.29,35.50,35.04,35.05
2026-05-16T21:19:56+00:00,1778966396.518,99.86,80.100,125.789,63.68,114.082,155.643,73.30,35.30,35.00,35.04
2026-05-16T21:20:01+00:00,1778966401.519,99.86,80.114,125.789,63.69,114.089,155.643,73.30,35.03,34.95,35.02
2026-05-16T21:20:06+00:00,1778966406.520,99.86,80.124,125.789,63.70,114.096,155.643,73.31,35.83,35.12,35.07
2026-05-16T21:20:11+00:00,1778966411.522,99.86,80.133,125.789,63.70,114.103,155.643,73.31,35.93,35.15,35.08
2026-05-16T21:20:16+00:00,1778966416.523,99.87,80.134,125.789,63.71,114.108,155.643,73.31,36.01,35.18,35.10
2026-05-16T21:20:21+00:00,1778966421.524,99.86,80.140,125.789,63.71,114.115,155.643,73.32,35.69,35.13,35.08
2026-05-16T21:20:26+00:00,1778966426.526,99.87,80.145,125.789,63.71,114.121,155.643,73.32,35.40,35.08,35.06
2026-05-16T21:20:31+00:00,1778966431.527,99.86,80.151,125.789,63.72,114.127,155.643,73.33,35.20,35.04,35.05
2026-05-16T21:20:36+00:00,1778966436.528,99.87,80.159,125.789,63.72,114.133,155.643,73.33,35.59,35.12,35.08
2026-05-16T21:20:41+00:00,1778966441.530,99.86,80.170,125.789,63.73,114.141,155.643,73.34,36.02,35.22,35.11
2026-05-16T21:20:46+00:00,1778966446.531,99.86,80.186,125.789,63.75,114.149,155.643,73.34,36.02,35.24,35.11
2026-05-16T21:20:51+00:00,1778966451.532,99.83,80.261,125.789,63.81,114.157,155.643,73.35,35.78,35.20,35.10
2026-05-16T21:20:56+00:00,1778966456.534,99.84,80.243,125.789,63.79,114.167,155.643,73.35,36.60,35.38,35.16
2026-05-16T21:21:01+00:00,1778966461.535,99.82,80.314,125.789,63.85,114.180,155.643,73.36,37.11,35.50,35.20
2026-05-16T21:21:06+00:00,1778966466.537,99.79,80.320,125.789,63.85,114.199,155.643,73.37,36.78,35.46,35.19
2026-05-16T21:21:11+00:00,1778966471.538,99.87,80.329,125.789,63.86,114.216,155.643,73.38,36.64,35.45,35.19
2026-05-16T21:21:16+00:00,1778966476.539,99.88,80.317,125.789,63.85,114.227,155.643,73.39,36.35,35.41,35.18
2026-05-16T21:21:21+00:00,1778966481.541,99.89,80.301,125.789,63.84,114.237,155.643,73.40,36.24,35.41,35.18
2026-05-16T21:21:26+00:00,1778966486.542,99.86,80.298,125.789,63.84,114.247,155.643,73.40,35.90,35.35,35.16
2026-05-16T21:21:31+00:00,1778966491.543,99.87,80.292,125.789,63.83,114.256,155.643,73.41,36.23,35.43,35.19
2026-05-16T21:21:36+00:00,1778966496.545,99.87,80.294,125.789,63.83,114.266,155.643,73.42,36.05,35.40,35.18
2026-05-16T21:21:41+00:00,1778966501.546,99.87,80.297,125.789,63.83,114.274,155.643,73.42,36.04,35.41,35.18
2026-05-16T21:21:46+00:00,1778966506.547,99.88,80.300,125.789,63.84,114.280,155.643,73.42,35.80,35.37,35.17
2026-05-16T21:21:51+00:00,1778966511.549,99.87,80.304,125.789,63.84,114.288,155.643,73.43,35.58,35.33,35.16
2026-05-16T21:21:56+00:00,1778966516.550,99.87,80.315,125.789,63.85,114.295,155.643,73.43,35.45,35.31,35.15
2026-05-16T21:22:01+00:00,1778966521.551,99.86,80.320,125.789,63.85,114.302,155.643,73.44,35.25,35.27,35.14
2026-05-16T21:22:06+00:00,1778966526.553,99.86,80.328,125.789,63.86,114.309,155.643,73.44,35.47,35.32,35.16
2026-05-16T21:22:11+00:00,1778966531.554,99.86,80.331,125.789,63.86,114.315,155.643,73.45,35.19,35.26,35.14
2026-05-16T21:22:16+00:00,1778966536.556,99.87,80.333,125.789,63.86,114.322,155.643,73.45,34.94,35.21,35.12
2026-05-16T21:22:21+00:00,1778966541.557,99.87,80.348,125.789,63.88,114.329,155.643,73.46,34.70,35.16,35.11
2026-05-16T21:22:26+00:00,1778966546.558,99.86,80.359,125.789,63.88,114.335,155.643,73.46,34.49,35.10,35.09
2026-05-16T21:22:31+00:00,1778966551.560,99.86,80.352,125.789,63.88,114.341,155.643,73.46,35.09,35.22,35.13
2026-05-16T21:22:36+00:00,1778966556.561,99.89,80.371,125.789,63.89,114.353,155.643,73.47,34.84,35.16,35.11
2026-05-16T21:22:41+00:00,1778966561.562,99.89,80.390,125.789,63.91,114.369,155.643,73.48,34.69,35.13,35.10
2026-05-16T21:22:46+00:00,1778966566.564,99.88,80.406,125.789,63.92,114.388,155.643,73.49,34.48,35.08,35.08
2026-05-16T21:22:51+00:00,1778966571.565,99.88,80.395,125.789,63.91,114.401,155.643,73.50,34.36,35.04,35.07
2026-05-16T21:22:56+00:00,1778966576.567,99.87,80.404,125.789,63.92,114.412,155.643,73.51,34.49,35.06,35.08
2026-05-16T21:23:01+00:00,1778966581.568,99.87,80.410,125.789,63.92,114.421,155.643,73.52,35.09,35.17,35.11
2026-05-16T21:23:06+00:00,1778966586.569,99.87,80.396,125.789,63.91,114.431,155.643,73.52,34.84,35.12,35.10
2026-05-16T21:23:11+00:00,1778966591.571,99.88,80.404,125.789,63.92,114.439,155.643,73.53,34.94,35.13,35.10
2026-05-16T21:23:16+00:00,1778966596.572,99.87,80.408,125.789,63.92,114.445,155.643,73.53,34.70,35.08,35.08
2026-05-16T21:23:21+00:00,1778966601.573,99.86,80.421,125.789,63.93,114.452,155.643,73.54,35.05,35.15,35.10
2026-05-16T21:23:26+00:00,1778966606.575,99.86,80.425,125.789,63.94,114.460,155.643,73.54,35.84,35.31,35.16
2026-05-16T21:23:31+00:00,1778966611.576,99.87,80.430,125.789,63.94,114.467,155.643,73.54,36.34,35.42,35.20
2026-05-16T21:23:36+00:00,1778966616.577,99.86,80.438,125.789,63.95,114.475,155.643,73.55,35.99,35.37,35.18
2026-05-16T21:23:41+00:00,1778966621.579,99.86,80.445,125.789,63.95,114.482,155.643,73.55,35.83,35.34,35.17
2026-05-16T21:23:46+00:00,1778966626.580,99.87,80.448,125.789,63.96,114.490,155.643,73.56,35.52,35.29,35.15
2026-05-16T21:23:51+00:00,1778966631.581,99.86,80.459,125.789,63.96,114.498,155.643,73.56,35.96,35.38,35.19
2026-05-16T21:23:56+00:00,1778966636.583,99.69,80.470,125.789,63.97,114.506,155.643,73.57,36.04,35.41,35.20
2026-05-16T21:24:01+00:00,1778966641.584,99.89,80.472,125.789,63.97,114.515,155.643,73.58,35.72,35.35,35.18
2026-05-16T21:24:06+00:00,1778966646.585,99.85,80.497,125.789,63.99,114.523,155.643,73.58,36.22,35.46,35.22
2026-05-16T21:24:11+00:00,1778966651.587,99.87,80.541,125.789,64.03,114.535,155.643,73.59,37.09,35.66,35.28
2026-05-16T21:24:16+00:00,1778966656.588,99.86,80.586,125.789,64.06,114.551,155.643,73.60,36.76,35.61,35.27
2026-05-16T21:24:21+00:00,1778966661.589,99.86,80.599,125.789,64.08,114.570,155.643,73.61,36.38,35.55,35.25
2026-05-16T21:24:26+00:00,1778966666.591,99.87,80.597,125.789,64.07,114.586,155.643,73.62,36.27,35.54,35.25
2026-05-16T21:24:31+00:00,1778966671.592,99.87,80.581,125.789,64.06,114.597,155.643,73.63,35.85,35.47,35.22
2026-05-16T21:24:36+00:00,1778966676.593,99.88,80.579,125.789,64.06,114.607,155.643,73.63,35.62,35.42,35.21
2026-05-16T21:24:41+00:00,1778966681.595,99.86,80.573,125.789,64.05,114.617,155.643,73.64,35.49,35.40,35.20
2026-05-16T21:24:46+00:00,1778966686.596,99.86,80.577,125.789,64.06,114.626,155.643,73.65,35.53,35.41,35.21
2026-05-16T21:24:51+00:00,1778966691.597,99.86,80.578,125.789,64.06,114.634,155.643,73.65,35.49,35.40,35.21
2026-05-16T21:24:56+00:00,1778966696.599,99.87,80.587,125.789,64.07,114.642,155.643,73.66,35.21,35.35,35.19
2026-05-16T21:25:01+00:00,1778966701.600,99.86,80.596,125.789,64.07,114.650,155.643,73.66,35.11,35.33,35.18
2026-05-16T21:25:06+00:00,1778966706.601,99.87,80.600,125.789,64.08,114.659,155.643,73.67,34.94,35.29,35.17
2026-05-16T21:25:11+00:00,1778966711.603,99.87,80.606,125.789,64.08,114.667,155.643,73.67,35.43,35.38,35.20
2026-05-16T21:25:16+00:00,1778966716.604,99.87,80.615,125.789,64.09,114.676,155.643,73.68,35.23,35.34,35.19
2026-05-16T21:25:21+00:00,1778966721.605,99.86,80.662,125.789,64.13,114.681,155.643,73.68,35.85,35.47,35.23
2026-05-16T21:25:26+00:00,1778966726.607,99.87,80.663,125.789,64.13,114.686,155.643,73.69,35.54,35.41,35.22
2026-05-16T21:25:31+00:00,1778966731.608,99.86,80.664,125.789,64.13,114.694,155.643,73.69,36.38,35.59,35.27
2026-05-16T21:25:36+00:00,1778966736.609,99.87,80.663,125.789,64.13,114.701,155.643,73.70,36.19,35.56,35.27
2026-05-16T21:25:41+00:00,1778966741.611,99.83,80.656,125.789,64.12,114.709,155.643,73.70,35.86,35.50,35.25
2026-05-16T21:25:46+00:00,1778966746.612,99.87,80.662,125.789,64.12,114.719,155.643,73.71,35.63,35.46,35.24
2026-05-16T21:25:51+00:00,1778966751.613,99.87,80.681,125.789,64.14,114.732,155.643,73.71,35.90,35.52,35.26
2026-05-16T21:25:56+00:00,1778966756.615,99.87,80.695,125.789,64.15,114.749,155.643,73.73,35.66,35.48,35.24
2026-05-16T21:26:01+00:00,1778966761.616,99.86,80.700,125.789,64.16,114.765,155.643,73.74,35.37,35.42,35.23
2026-05-16T21:26:06+00:00,1778966766.618,99.87,80.683,125.789,64.14,114.776,155.643,73.74,35.82,35.51,35.26
2026-05-16T21:26:11+00:00,1778966771.619,99.86,80.689,125.789,64.15,114.785,155.643,73.75,35.60,35.47,35.25
2026-05-16T21:26:16+00:00,1778966776.620,99.87,80.687,125.789,64.14,114.795,155.643,73.76,35.47,35.45,35.24
2026-05-16T21:26:21+00:00,1778966781.622,99.86,80.691,125.789,64.15,114.804,155.643,73.76,35.43,35.44,35.24
2026-05-16T21:26:26+00:00,1778966786.623,99.86,80.703,125.789,64.16,114.810,155.643,73.77,35.24,35.40,35.23
2026-05-16T21:26:31+00:00,1778966791.624,99.88,80.709,125.789,64.16,114.816,155.643,73.77,35.14,35.37,35.22
2026-05-16T21:26:36+00:00,1778966796.626,99.86,80.715,125.789,64.17,114.824,155.643,73.77,34.89,35.32,35.20
2026-05-16T21:26:41+00:00,1778966801.627,99.86,80.721,125.789,64.17,114.831,155.643,73.78,35.54,35.45,35.24
2026-05-16T21:26:46+00:00,1778966806.628,99.86,80.727,125.789,64.18,114.838,155.643,73.78,35.97,35.54,35.27
2026-05-16T21:26:51+00:00,1778966811.630,99.86,80.738,125.789,64.19,114.846,155.643,73.79,36.06,35.56,35.28
2026-05-16T21:26:56+00:00,1778966816.631,99.87,80.745,125.789,64.19,114.853,155.643,73.79,35.81,35.52,35.27
2026-05-16T21:27:01+00:00,1778966821.632,99.88,80.751,125.789,64.20,114.860,155.643,73.80,35.59,35.48,35.26
2026-05-16T21:27:06+00:00,1778966826.634,99.86,80.760,125.789,64.20,114.867,155.643,73.80,36.50,35.67,35.32
2026-05-16T21:27:11+00:00,1778966831.635,99.84,80.769,125.789,64.21,114.875,155.643,73.81,36.78,35.74,35.35
2026-05-16T21:27:16+00:00,1778966836.637,99.86,80.840,125.789,64.27,114.883,155.643,73.81,36.48,35.69,35.33
2026-05-16T21:27:21+00:00,1778966841.638,99.86,80.851,125.789,64.28,114.895,155.643,73.82,37.08,35.83,35.38
2026-05-16T21:27:26+00:00,1778966846.639,99.82,80.896,125.789,64.31,114.907,155.643,73.83,36.67,35.77,35.36
2026-05-16T21:27:31+00:00,1778966851.641,99.84,80.895,125.789,64.31,114.926,155.643,73.84,36.78,35.81,35.38
2026-05-16T21:27:36+00:00,1778966856.642,99.86,80.886,125.789,64.30,114.944,155.643,73.85,36.64,35.79,35.38
2026-05-16T21:27:41+00:00,1778966861.643,99.87,80.872,125.789,64.29,114.956,155.643,73.86,36.67,35.81,35.38
2026-05-16T21:27:46+00:00,1778966866.645,99.87,80.867,125.789,64.29,114.967,155.643,73.87,37.33,35.97,35.44
2026-05-16T21:27:51+00:00,1778966871.646,99.87,80.864,125.789,64.29,114.977,155.643,73.87,37.55,36.03,35.46
2026-05-16T21:27:56+00:00,1778966876.647,99.85,80.864,125.789,64.29,114.987,155.643,73.88,37.98,36.15,35.50
2026-05-16T21:28:01+00:00,1778966881.649,99.87,80.869,125.789,64.29,114.996,155.643,73.88,37.99,36.18,35.52
2026-05-16T21:28:06+00:00,1778966886.650,99.86,80.869,125.789,64.29,115.004,155.643,73.89,37.75,36.16,35.51
2026-05-16T21:28:11+00:00,1778966891.651,99.85,80.872,125.789,64.29,115.011,155.643,73.89,37.37,36.11,35.50
2026-05-16T21:28:16+00:00,1778966896.653,99.86,80.875,125.789,64.29,115.019,155.643,73.90,37.74,36.20,35.53
2026-05-16T21:28:21+00:00,1778966901.654,99.87,80.893,125.789,64.31,115.027,155.643,73.90,37.28,36.14,35.51
2026-05-16T21:28:26+00:00,1778966906.655,99.86,80.894,125.789,64.31,115.035,155.643,73.91,36.85,36.07,35.50
2026-05-16T21:28:31+00:00,1778966911.657,99.86,80.898,125.789,64.31,115.043,155.643,73.92,37.43,36.20,35.54
2026-05-16T21:28:36+00:00,1778966916.658,99.86,80.904,125.789,64.32,115.049,155.643,73.92,37.39,36.21,35.55
2026-05-16T21:28:41+00:00,1778966921.659,99.86,80.909,125.789,64.32,115.056,155.643,73.92,37.28,36.21,35.55
2026-05-16T21:28:46+00:00,1778966926.661,99.86,80.912,125.789,64.32,115.063,155.643,73.93,36.86,36.14,35.53
2026-05-16T21:28:51+00:00,1778966931.662,99.86,80.930,125.789,64.34,115.071,155.643,73.93,37.67,36.32,35.59
2026-05-16T21:28:56+00:00,1778966936.663,99.84,80.960,125.789,64.36,115.082,155.643,73.94,37.86,36.38,35.62
2026-05-16T21:29:01+00:00,1778966941.665,99.85,80.993,125.789,64.39,115.095,155.643,73.95,37.39,36.31,35.60
2026-05-16T21:29:06+00:00,1778966946.666,99.86,81.013,125.789,64.40,115.115,155.643,73.96,36.96,36.24,35.58
2026-05-16T21:29:11+00:00,1778966951.667,99.87,81.020,125.789,64.41,115.131,155.643,73.97,36.56,36.16,35.56
2026-05-16T21:29:16+00:00,1778966956.669,99.87,81.003,125.789,64.40,115.142,155.643,73.98,36.35,36.13,35.55
2026-05-16T21:29:21+00:00,1778966961.670,99.87,81.022,125.789,64.41,115.151,155.643,73.98,36.16,36.09,35.54
2026-05-16T21:29:26+00:00,1778966966.671,99.87,81.007,125.789,64.40,115.160,155.643,73.99,35.99,36.06,35.53
2026-05-16T21:29:31+00:00,1778966971.673,99.86,81.013,125.789,64.40,115.169,155.643,74.00,35.83,36.02,35.53
2026-05-16T21:29:36+00:00,1778966976.674,99.86,81.016,125.789,64.41,115.177,155.643,74.00,35.52,35.96,35.51
2026-05-16T21:29:41+00:00,1778966981.676,99.88,81.020,125.789,64.41,115.185,155.643,74.01,35.24,35.89,35.49
2026-05-16T21:29:46+00:00,1778966986.677,99.87,81.029,125.789,64.42,115.192,155.643,74.01,35.70,35.98,35.52
2026-05-16T21:29:51+00:00,1778966991.678,99.86,81.042,125.789,64.43,115.199,155.643,74.01,35.65,35.96,35.51
2026-05-16T21:29:56+00:00,1778966996.680,99.86,81.052,125.789,64.44,115.205,155.643,74.02,36.32,36.09,35.56
2026-05-16T21:30:01+00:00,1778967001.681,99.87,81.062,125.789,64.44,115.212,155.643,74.02,36.85,36.21,35.60
2026-05-16T21:30:06+00:00,1778967006.682,99.87,81.065,125.789,64.45,115.219,155.643,74.03,36.94,36.24,35.61
2026-05-16T21:30:11+00:00,1778967011.684,99.86,81.069,125.789,64.45,115.226,155.643,74.03,36.79,36.22,35.61
2026-05-16T21:30:16+00:00,1778967016.685,99.87,81.078,125.789,64.46,115.233,155.643,74.04,36.40,36.15,35.59
2026-05-16T21:30:21+00:00,1778967021.687,99.87,81.087,125.789,64.46,115.241,155.643,74.04,36.53,36.18,35.60
2026-05-16T21:30:26+00:00,1778967026.688,99.87,81.154,125.789,64.52,115.249,155.643,74.05,36.17,36.11,35.58
2026-05-16T21:30:31+00:00,1778967031.689,99.87,81.182,125.789,64.54,115.259,155.643,74.05,35.91,36.06,35.57
2026-05-16T21:30:36+00:00,1778967036.691,99.78,81.190,125.789,64.55,115.272,155.643,74.06,35.68,36.00,35.56
2026-05-16T21:30:41+00:00,1778967041.692,99.84,81.199,125.789,64.55,115.289,155.643,74.07,35.39,35.94,35.54
2026-05-16T21:30:46+00:00,1778967046.693,99.87,81.200,125.789,64.55,115.310,155.643,74.09,35.35,35.92,35.53
2026-05-16T21:30:51+00:00,1778967051.694,99.87,81.170,125.789,64.53,115.322,155.643,74.09,35.09,35.86,35.51
2026-05-16T21:30:56+00:00,1778967056.696,99.87,81.164,125.789,64.52,115.332,155.643,74.10,35.32,35.89,35.53
2026-05-16T21:31:01+00:00,1778967061.697,99.87,81.152,125.789,64.51,115.343,155.643,74.11,35.93,36.01,35.57
2026-05-16T21:31:06+00:00,1778967066.698,99.88,81.157,125.789,64.52,115.352,155.643,74.11,35.62,35.94,35.55
2026-05-16T21:31:11+00:00,1778967071.700,99.87,81.156,125.789,64.52,115.360,155.643,74.12,35.41,35.89,35.54
2026-05-16T21:31:16+00:00,1778967076.701,99.86,81.157,125.789,64.52,115.368,155.643,74.12,35.14,35.83,35.52
2026-05-16T21:31:21+00:00,1778967081.702,99.86,81.165,125.789,64.52,115.376,155.643,74.13,34.88,35.77,35.50
2026-05-16T21:31:26+00:00,1778967086.704,99.87,81.170,125.789,64.53,115.383,155.643,74.13,35.77,35.94,35.55
2026-05-16T21:31:31+00:00,1778967091.705,99.87,81.182,125.789,64.54,115.391,155.643,74.14,36.19,36.02,35.58
2026-05-16T21:31:36+00:00,1778967096.706,99.88,81.188,125.789,64.54,115.398,155.643,74.14,36.90,36.17,35.63
2026-05-16T21:31:41+00:00,1778967101.708,99.87,81.195,125.789,64.55,115.405,155.643,74.15,36.51,36.10,35.61
2026-05-16T21:31:46+00:00,1778967106.709,99.86,81.212,125.789,64.56,115.411,155.643,74.15,36.31,36.06,35.61
2026-05-16T21:31:51+00:00,1778967111.710,99.87,81.214,125.789,64.56,115.417,155.643,74.16,36.04,36.01,35.59
2026-05-16T21:31:56+00:00,1778967116.712,99.88,81.225,125.789,64.57,115.424,155.643,74.16,36.12,36.03,35.60
2026-05-16T21:32:01+00:00,1778967121.713,99.87,81.244,125.789,64.59,115.431,155.643,74.16,36.03,36.01,35.60
2026-05-16T21:32:06+00:00,1778967126.714,99.84,81.274,125.789,64.61,115.439,155.643,74.17,35.86,35.98,35.59
2026-05-16T21:32:11+00:00,1778967131.716,99.87,81.299,125.789,64.63,115.452,155.643,74.18,35.88,35.98,35.59
2026-05-16T21:32:16+00:00,1778967136.717,99.86,81.311,125.789,64.64,115.468,155.643,74.19,35.57,35.91,35.57
2026-05-16T21:32:21+00:00,1778967141.719,99.87,81.318,125.789,64.65,115.486,155.643,74.20,35.68,35.93,35.58
2026-05-16T21:32:26+00:00,1778967146.720,99.87,81.314,125.789,64.64,115.497,155.643,74.21,36.27,36.05,35.62
2026-05-16T21:32:31+00:00,1778967151.721,99.88,81.315,125.789,64.64,115.505,155.643,74.21,36.57,36.11,35.64
2026-05-16T21:32:36+00:00,1778967156.722,99.87,81.311,125.789,64.64,115.514,155.643,74.22,36.20,36.05,35.62
2026-05-16T21:32:41+00:00,1778967161.724,99.86,81.316,125.789,64.64,115.523,155.643,74.22,36.27,36.06,35.63
2026-05-16T21:32:46+00:00,1778967166.725,99.88,81.321,125.789,64.65,115.532,155.643,74.23,36.08,36.03,35.62
2026-05-16T21:32:51+00:00,1778967171.726,99.87,81.327,125.789,64.65,115.538,155.643,74.23,35.84,35.98,35.61
2026-05-16T21:32:56+00:00,1778967176.728,99.86,81.334,125.789,64.66,115.545,155.643,74.24,35.61,35.93,35.59
2026-05-16T21:33:01+00:00,1778967181.729,99.87,81.339,125.789,64.66,115.551,155.643,74.24,35.32,35.86,35.57
2026-05-16T21:33:06+00:00,1778967186.731,99.88,81.347,125.789,64.67,115.555,155.643,74.24,35.05,35.80,35.55
2026-05-16T21:33:11+00:00,1778967191.732,99.86,81.353,125.789,64.67,115.562,155.643,74.25,35.05,35.78,35.55
2026-05-16T21:33:16+00:00,1778967196.733,99.86,81.363,125.789,64.68,115.568,155.643,74.25,35.53,35.87,35.58
2026-05-16T21:33:21+00:00,1778967201.735,99.87,81.369,125.789,64.69,115.576,155.643,74.26,35.96,35.96,35.61
2026-05-16T21:33:26+00:00,1778967206.736,99.87,81.377,125.789,64.69,115.583,155.643,74.26,35.97,35.96,35.61
2026-05-16T21:33:31+00:00,1778967211.738,99.88,81.391,125.789,64.70,115.591,155.643,74.27,35.73,35.91,35.60
2026-05-16T21:33:36+00:00,1778967216.739,99.87,81.394,125.789,64.71,115.599,155.643,74.27,35.75,35.91,35.60
2026-05-16T21:33:41+00:00,1778967221.740,99.88,81.478,125.789,64.77,115.607,155.643,74.28,35.61,35.88,35.59
2026-05-16T21:33:46+00:00,1778967226.742,99.87,81.499,125.789,64.79,115.618,155.643,74.28,35.48,35.85,35.58
2026-05-16T21:33:51+00:00,1778967231.743,99.82,81.480,125.789,64.78,115.633,155.643,74.29,35.60,35.87,35.59
2026-05-16T21:33:56+00:00,1778967236.744,99.87,81.482,125.789,64.78,115.651,155.643,74.31,35.80,35.90,35.60
2026-05-16T21:34:01+00:00,1778967241.746,99.87,81.481,125.789,64.78,115.667,155.643,74.32,35.49,35.84,35.58
2026-05-16T21:34:06+00:00,1778967246.747,99.87,81.454,125.789,64.75,115.679,155.643,74.32,36.33,36.01,35.64
2026-05-16T21:34:11+00:00,1778967251.748,99.88,81.450,125.789,64.75,115.688,155.643,74.33,36.87,36.12,35.68
2026-05-16T21:34:16+00:00,1778967256.750,99.88,81.436,125.789,64.74,115.698,155.643,74.34,36.72,36.10,35.67
2026-05-16T21:34:21+00:00,1778967261.751,99.88,81.443,125.789,64.75,115.707,155.643,74.34,36.34,36.04,35.65
2026-05-16T21:34:26+00:00,1778967266.753,99.88,81.448,125.789,64.75,115.716,155.643,74.35,36.39,36.05,35.66
2026-05-16T21:34:31+00:00,1778967271.754,99.88,81.451,125.789,64.75,115.725,155.643,74.35,36.12,36.00,35.65
2026-05-16T21:34:36+00:00,1778967276.756,99.88,81.454,125.789,64.75,115.732,155.643,74.36,35.87,35.95,35.63
2026-05-16T21:34:41+00:00,1778967281.757,99.89,81.457,125.789,64.76,115.741,155.643,74.36,35.56,35.88,35.61
2026-05-16T21:34:46+00:00,1778967286.759,99.90,81.460,125.789,64.76,115.749,155.643,74.37,35.36,35.84,35.60
2026-05-16T21:34:51+00:00,1778967291.760,99.88,81.468,125.789,64.77,115.757,155.643,74.37,35.81,35.92,35.63
2026-05-16T21:34:56+00:00,1778967296.761,99.88,81.478,125.789,64.77,115.764,155.643,74.38,36.70,36.11,35.69
2026-05-16T21:35:01+00:00,1778967301.763,99.87,81.490,125.789,64.78,115.770,155.643,74.38,36.57,36.09,35.69
2026-05-16T21:35:06+00:00,1778967306.764,99.87,81.497,125.789,64.79,115.775,155.643,74.39,37.32,36.25,35.74
2026-05-16T21:35:11+00:00,1778967311.765,99.86,81.503,125.789,64.79,115.783,155.643,74.39,37.38,36.28,35.75
2026-05-16T21:35:16+00:00,1778967316.767,99.86,81.613,125.789,64.88,115.790,155.643,74.39,37.03,36.23,35.74
2026-05-16T21:35:21+00:00,1778967321.768,99.84,81.604,125.789,64.87,115.798,155.643,74.40,37.27,36.29,35.76
2026-05-16T21:35:26+00:00,1778967326.769,99.88,81.612,125.789,64.88,115.811,155.643,74.41,36.84,36.22,35.74
2026-05-16T21:35:31+00:00,1778967331.771,99.86,81.604,125.789,64.87,115.827,155.643,74.42,36.45,36.15,35.72
2026-05-16T21:35:36+00:00,1778967336.772,99.86,81.599,125.789,64.87,115.845,155.643,74.43,36.18,36.10,35.71
2026-05-16T21:35:41+00:00,1778967341.773,99.87,81.580,125.789,64.85,115.858,155.643,74.44,36.24,36.11,35.71
2026-05-16T21:35:46+00:00,1778967346.775,99.82,81.575,125.789,64.85,115.868,155.643,74.44,35.90,36.04,35.69
2026-05-16T21:35:51+00:00,1778967351.776,99.86,81.573,125.789,64.85,115.877,155.643,74.45,36.07,36.08,35.71
2026-05-16T21:35:56+00:00,1778967356.778,99.86,81.574,125.789,64.85,115.886,155.643,74.46,35.75,36.01,35.69
2026-05-16T21:36:01+00:00,1778967361.779,99.88,81.583,125.789,64.86,115.895,155.643,74.46,35.53,35.96,35.67
2026-05-16T21:36:06+00:00,1778967366.780,99.87,81.594,125.789,64.87,115.903,155.643,74.47,35.40,35.92,35.66
2026-05-16T21:36:11+00:00,1778967371.782,99.87,81.599,125.789,64.87,115.909,155.643,74.47,35.13,35.86,35.64
2026-05-16T21:36:16+00:00,1778967376.783,99.86,81.604,125.789,64.87,115.918,155.643,74.48,34.96,35.81,35.63
2026-05-16T21:36:21+00:00,1778967381.784,99.88,81.609,125.789,64.88,115.923,155.643,74.48,34.72,35.75,35.61
2026-05-16T21:36:26+00:00,1778967386.786,99.87,81.624,125.789,64.89,115.929,155.643,74.48,35.46,35.88,35.65
2026-05-16T21:36:31+00:00,1778967391.787,99.87,81.636,125.789,64.90,115.937,155.643,74.49,35.59,35.90,35.66
2026-05-16T21:36:36+00:00,1778967396.788,99.88,81.643,125.789,64.90,115.943,155.643,74.49,35.94,35.97,35.68
2026-05-16T21:36:41+00:00,1778967401.790,99.86,81.655,125.789,64.91,115.950,155.643,74.50,35.63,35.91,35.66
2026-05-16T21:36:46+00:00,1778967406.791,99.87,81.670,125.789,64.93,115.957,155.643,74.50,35.33,35.84,35.64
2026-05-16T21:36:51+00:00,1778967411.793,99.87,81.683,125.789,64.94,115.965,155.643,74.51,35.07,35.78,35.62
2026-05-16T21:36:56+00:00,1778967416.794,99.82,81.689,125.789,64.94,115.972,155.643,74.51,35.38,35.83,35.64
2026-05-16T21:37:01+00:00,1778967421.795,99.86,81.734,125.789,64.98,115.983,155.643,74.52,35.11,35.77,35.62
2026-05-16T21:37:06+00:00,1778967426.797,99.87,81.786,125.789,65.02,115.996,155.643,74.53,34.94,35.72,35.61
2026-05-16T21:37:11+00:00,1778967431.798,99.88,81.788,125.789,65.02,116.013,155.643,74.54,34.71,35.66,35.59
2026-05-16T21:37:16+00:00,1778967436.800,99.88,81.794,125.789,65.03,116.034,155.643,74.55,34.73,35.65,35.59
2026-05-16T21:37:21+00:00,1778967441.801,99.89,81.780,125.789,65.01,116.045,155.643,74.56,34.59,35.60,35.57
2026-05-16T21:37:26+00:00,1778967446.802,99.85,81.781,125.789,65.02,116.054,155.643,74.56,34.62,35.59,35.57
2026-05-16T21:37:31+00:00,1778967451.804,99.87,81.773,125.789,65.01,116.065,155.643,74.57,34.41,35.53,35.55
2026-05-16T21:37:36+00:00,1778967456.805,99.86,81.772,125.789,65.01,116.074,155.643,74.58,35.02,35.64,35.58
2026-05-16T21:37:41+00:00,1778967461.806,99.88,81.773,125.789,65.01,116.082,155.643,74.58,34.78,35.58,35.56
2026-05-16T21:37:46+00:00,1778967466.808,99.84,81.780,125.789,65.01,116.091,155.643,74.59,35.04,35.62,35.58
2026-05-16T21:37:51+00:00,1778967471.809,99.87,81.792,125.789,65.02,116.098,155.643,74.59,35.60,35.73,35.61
2026-05-16T21:37:56+00:00,1778967476.810,99.88,81.800,125.789,65.03,116.106,155.643,74.60,35.31,35.66,35.59
2026-05-16T21:38:01+00:00,1778967481.812,99.86,81.809,125.789,65.04,116.115,155.643,74.60,36.00,35.80,35.64
2026-05-16T21:38:06+00:00,1778967486.813,99.87,81.816,125.789,65.04,116.123,155.643,74.61,36.24,35.86,35.66
2026-05-16T21:38:11+00:00,1778967491.814,99.88,81.823,125.789,65.05,116.130,155.643,74.61,36.70,35.96,35.69
2026-05-16T21:38:16+00:00,1778967496.815,99.87,81.838,125.789,65.06,116.135,155.643,74.62,36.41,35.91,35.67
2026-05-16T21:38:21+00:00,1778967501.817,99.86,81.853,125.789,65.07,116.141,155.643,74.62,36.06,35.84,35.65
2026-05-16T21:38:26+00:00,1778967506.818,99.87,81.863,125.789,65.08,116.149,155.643,74.63,36.29,35.90,35.67
2026-05-16T21:38:31+00:00,1778967511.820,99.81,81.890,125.789,65.10,116.156,155.643,74.63,36.11,35.86,35.66
2026-05-16T21:38:36+00:00,1778967516.821,99.87,81.915,125.789,65.12,116.165,155.643,74.64,36.74,36.00,35.71
2026-05-16T21:38:41+00:00,1778967521.822,99.87,81.940,125.789,65.14,116.178,155.643,74.64,36.44,35.95,35.69
2026-05-16T21:38:46+00:00,1778967526.824,99.87,81.954,125.789,65.15,116.194,155.643,74.65,36.89,36.05,35.73
2026-05-16T21:38:51+00:00,1778967531.825,99.87,81.970,125.789,65.17,116.212,155.643,74.67,36.57,36.00,35.71
2026-05-16T21:38:56+00:00,1778967536.826,99.86,81.966,125.789,65.16,116.223,155.643,74.67,37.25,36.15,35.76
2026-05-16T21:39:01+00:00,1778967541.828,99.86,81.965,125.789,65.16,116.232,155.643,74.68,36.91,36.10,35.75
2026-05-16T21:39:06+00:00,1778967546.829,99.87,81.963,125.789,65.16,116.241,155.643,74.68,36.68,36.06,35.74
2026-05-16T21:39:11+00:00,1778967551.831,99.86,81.964,125.789,65.16,116.251,155.643,74.69,36.30,35.99,35.72
2026-05-16T21:39:16+00:00,1778967556.832,99.89,81.963,125.789,65.16,116.258,155.643,74.70,35.96,35.93,35.70
2026-05-16T21:39:21+00:00,1778967561.834,99.87,81.969,125.789,65.16,116.264,155.643,74.70,35.64,35.86,35.68
2026-05-16T21:39:26+00:00,1778967566.835,99.86,81.977,125.789,65.17,116.271,155.643,74.70,35.43,35.81,35.66
2026-05-16T21:39:31+00:00,1778967571.836,99.87,81.987,125.789,65.18,116.278,155.643,74.71,36.35,36.00,35.72
2026-05-16T21:39:36+00:00,1778967576.838,99.86,81.995,125.789,65.18,116.285,155.643,74.71,36.17,35.97,35.71
2026-05-16T21:39:41+00:00,1778967581.839,99.87,81.996,125.789,65.19,116.292,155.643,74.72,35.99,35.93,35.71
2026-05-16T21:39:46+00:00,1778967586.841,99.86,81.998,125.789,65.19,116.299,155.643,74.72,35.99,35.94,35.71
2026-05-16T21:39:51+00:00,1778967591.842,99.86,82.007,125.789,65.19,116.307,155.643,74.73,35.91,35.92,35.70
2026-05-16T21:39:56+00:00,1778967596.843,99.86,82.012,125.789,65.20,116.312,155.643,74.73,35.68,35.87,35.69
2026-05-16T21:40:01+00:00,1778967601.845,99.86,82.022,125.789,65.21,116.319,155.643,74.73,35.38,35.81,35.67
2026-05-16T21:40:06+00:00,1778967606.846,99.87,82.029,125.789,65.21,116.327,155.643,74.74,35.67,35.86,35.69
2026-05-16T21:40:11+00:00,1778967611.848,99.88,82.120,125.789,65.28,116.335,155.643,74.74,35.38,35.80,35.67
2026-05-16T21:40:16+00:00,1778967616.849,99.87,82.122,125.789,65.29,116.345,155.643,74.75,35.27,35.77,35.66
2026-05-16T21:40:21+00:00,1778967621.850,99.81,82.106,125.789,65.27,116.357,155.643,74.76,35.17,35.74,35.65
2026-05-16T21:40:26+00:00,1778967626.852,99.84,82.107,125.789,65.27,116.374,155.643,74.77,35.07,35.71,35.64
2026-05-16T21:40:31+00:00,1778967631.853,99.86,82.107,125.789,65.27,116.392,155.643,74.78,35.07,35.69,35.64
2026-05-16T21:40:36+00:00,1778967636.854,99.89,82.086,125.789,65.26,116.404,155.643,74.79,35.62,35.80,35.67
2026-05-16T21:40:41+00:00,1778967641.856,99.87,82.073,125.789,65.25,116.414,155.643,74.80,35.57,35.79,35.67
2026-05-16T21:40:46+00:00,1778967646.857,99.86,82.068,125.789,65.24,116.425,155.643,74.80,35.21,35.71,35.64
2026-05-16T21:40:51+00:00,1778967651.858,99.86,82.070,125.789,65.24,116.434,155.643,74.81,35.03,35.66,35.63
2026-05-16T21:40:56+00:00,1778967656.860,99.89,82.073,125.789,65.25,116.444,155.643,74.81,34.87,35.62,35.61
2026-05-16T21:41:01+00:00,1778967661.861,99.87,82.078,125.789,65.25,116.452,155.643,74.82,35.44,35.72,35.65
2026-05-16T21:41:06+00:00,1778967666.862,99.87,82.088,125.789,65.26,116.459,155.643,74.82,35.16,35.66,35.63
2026-05-16T21:41:11+00:00,1778967671.863,99.84,82.089,125.789,65.26,116.467,155.643,74.83,35.79,35.78,35.67
2026-05-16T21:41:16+00:00,1778967676.865,99.87,82.099,125.789,65.27,116.475,155.643,74.84,35.49,35.72,35.65
2026-05-16T21:41:21+00:00,1778967681.866,99.85,82.106,125.789,65.27,116.483,155.643,74.84,35.37,35.69,35.64
2026-05-16T21:41:26+00:00,1778967686.868,99.86,82.110,125.789,65.28,116.492,155.643,74.85,35.58,35.73,35.65
2026-05-16T21:41:31+00:00,1778967691.869,99.87,82.120,125.789,65.28,116.498,155.643,74.85,35.37,35.68,35.64
2026-05-16T21:41:36+00:00,1778967696.870,99.86,82.132,125.789,65.29,116.503,155.643,74.85,35.10,35.62,35.62
2026-05-16T21:41:41+00:00,1778967701.872,99.86,82.140,125.789,65.30,116.510,155.643,74.86,34.85,35.56,35.60
2026-05-16T21:41:46+00:00,1778967706.873,99.87,82.149,125.789,65.31,116.518,155.643,74.86,35.59,35.70,35.64
2026-05-16T21:41:51+00:00,1778967711.875,99.81,82.248,125.789,65.39,116.526,155.643,74.87,36.18,35.82,35.68
2026-05-16T21:41:56+00:00,1778967716.876,99.87,82.241,125.789,65.38,116.538,155.643,74.88,35.92,35.78,35.67
2026-05-16T21:42:01+00:00,1778967721.877,99.83,82.248,125.789,65.39,116.553,155.643,74.89,35.69,35.73,35.65
2026-05-16T21:42:06+00:00,1778967726.879,99.86,82.250,125.789,65.39,116.573,155.643,74.90,36.36,35.87,35.70
2026-05-16T21:42:11+00:00,1778967731.880,99.87,82.235,125.789,65.38,116.587,155.643,74.91,36.09,35.82,35.68
2026-05-16T21:42:16+00:00,1778967736.881,99.85,82.226,125.789,65.37,116.598,155.643,74.91,36.48,35.91,35.71
2026-05-16T21:42:21+00:00,1778967741.883,99.87,82.232,125.789,65.37,116.608,155.643,74.92,36.44,35.91,35.71
2026-05-16T21:42:26+00:00,1778967746.884,99.86,82.220,125.789,65.36,116.618,155.643,74.93,36.09,35.84,35.69
2026-05-16T21:42:31+00:00,1778967751.885,99.86,82.228,125.789,65.37,116.626,155.643,74.93,36.56,35.95,35.73
2026-05-16T21:42:36+00:00,1778967756.887,99.87,82.238,125.789,65.38,116.634,155.643,74.94,36.35,35.91,35.72
2026-05-16T21:42:41+00:00,1778967761.888,99.86,82.244,125.789,65.38,116.641,155.643,74.94,36.25,35.90,35.71
2026-05-16T21:42:46+00:00,1778967766.889,99.86,82.250,125.789,65.39,116.648,155.643,74.95,35.99,35.85,35.70
2026-05-16T21:42:51+00:00,1778967771.891,99.87,82.255,125.789,65.39,116.654,155.643,74.95,35.91,35.83,35.70
2026-05-16T21:42:56+00:00,1778967776.892,99.87,82.262,125.789,65.40,116.661,155.643,74.95,35.59,35.77,35.68
2026-05-16T21:43:01+00:00,1778967781.894,99.87,82.274,125.789,65.41,116.669,155.643,74.96,35.39,35.72,35.66
2026-05-16T21:43:06+00:00,1778967786.895,99.86,82.281,125.789,65.41,116.676,155.643,74.96,35.27,35.70,35.65
2026-05-16T21:43:11+00:00,1778967791.896,99.87,82.292,125.789,65.42,116.683,155.643,74.97,35.01,35.63,35.63
2026-05-16T21:43:16+00:00,1778967796.898,99.86,82.298,125.789,65.43,116.690,155.643,74.97,36.05,35.84,35.70
2026-05-16T21:43:21+00:00,1778967801.899,99.87,82.310,125.789,65.43,116.698,155.643,74.98,35.81,35.79,35.68
2026-05-16T21:43:26+00:00,1778967806.900,99.86,82.396,125.789,65.50,116.708,155.643,74.98,35.50,35.73,35.66
2026-05-16T21:43:31+00:00,1778967811.902,99.84,82.421,125.789,65.52,116.720,155.643,74.99,35.22,35.67,35.64
2026-05-16T21:43:36+00:00,1778967816.903,99.85,82.429,125.789,65.53,116.736,155.643,75.00,35.04,35.62,35.63
2026-05-16T21:43:41+00:00,1778967821.905,99.85,82.421,125.789,65.52,116.756,155.643,75.02,35.12,35.63,35.63
2026-05-16T21:43:46+00:00,1778967826.906,99.87,82.408,125.789,65.51,116.770,155.643,75.02,34.87,35.57,35.61
2026-05-16T21:43:51+00:00,1778967831.908,99.86,82.406,125.789,65.51,116.780,155.643,75.03,34.96,35.58,35.61
2026-05-16T21:43:56+00:00,1778967836.909,99.87,82.408,125.789,65.51,116.790,155.643,75.04,35.60,35.70,35.65
2026-05-16T21:44:01+00:00,1778967841.910,99.87,82.400,125.789,65.51,116.800,155.643,75.04,35.32,35.64,35.63
2026-05-16T21:44:06+00:00,1778967846.912,99.87,82.400,125.789,65.51,116.810,155.643,75.05,35.05,35.58,35.61
2026-05-16T21:44:11+00:00,1778967851.913,99.87,82.405,125.789,65.51,116.819,155.643,75.06,35.29,35.62,35.63
2026-05-16T21:44:16+00:00,1778967856.914,99.87,82.412,125.789,65.52,116.827,155.643,75.06,35.02,35.56,35.61
2026-05-16T21:44:21+00:00,1778967861.916,99.87,82.429,125.789,65.53,116.835,155.643,75.07,34.78,35.50,35.59
2026-05-16T21:44:26+00:00,1778967866.917,99.86,82.441,125.789,65.54,116.843,155.643,75.07,34.88,35.51,35.59
2026-05-16T21:44:31+00:00,1778967871.918,99.87,82.446,125.789,65.54,116.851,155.643,75.08,35.45,35.62,35.63
2026-05-16T21:44:36+00:00,1778967876.920,99.87,82.451,125.789,65.55,116.861,155.643,75.08,35.17,35.56,35.61
2026-05-16T21:44:41+00:00,1778967881.921,99.87,82.457,125.789,65.55,116.867,155.643,75.09,35.00,35.51,35.59
2026-05-16T21:44:46+00:00,1778967886.923,99.85,82.473,125.789,65.56,116.872,155.643,75.09,35.00,35.50,35.59
2026-05-16T21:44:51+00:00,1778967891.924,99.86,82.477,125.789,65.57,116.879,155.643,75.09,34.76,35.45,35.57
2026-05-16T21:44:56+00:00,1778967896.925,99.87,82.487,125.789,65.58,116.886,155.643,75.10,34.54,35.39,35.55
2026-05-16T21:45:01+00:00,1778967901.927,99.87,82.558,125.789,65.63,116.893,155.643,75.10,34.33,35.33,35.53
2026-05-16T21:45:06+00:00,1778967906.928,99.87,82.571,125.789,65.64,116.906,155.643,75.11,34.23,35.29,35.52
2026-05-16T21:45:11+00:00,1778967911.929,99.87,82.584,125.789,65.65,116.921,155.643,75.12,34.53,35.34,35.53
2026-05-16T21:45:16+00:00,1778967916.931,99.87,82.603,125.789,65.67,116.940,155.643,75.13,34.41,35.30,35.52
2026-05-16T21:45:21+00:00,1778967921.932,99.87,82.597,125.789,65.66,116.953,155.643,75.14,34.37,35.28,35.51
2026-05-16T21:45:26+00:00,1778967926.934,99.85,82.596,125.789,65.66,116.963,155.643,75.15,34.42,35.27,35.51
2026-05-16T21:45:31+00:00,1778967931.935,99.86,82.599,125.789,65.66,116.972,155.643,75.15,34.87,35.35,35.53
2026-05-16T21:45:36+00:00,1778967936.936,99.87,82.600,125.789,65.67,116.982,155.643,75.16,34.72,35.31,35.52
2026-05-16T21:45:41+00:00,1778967941.938,99.86,82.607,125.789,65.67,116.991,155.643,75.17,35.14,35.39,35.54
2026-05-16T21:45:46+00:00,1778967946.939,99.87,82.613,125.789,65.68,116.997,155.643,75.17,34.97,35.35,35.53
2026-05-16T21:45:51+00:00,1778967951.940,99.87,82.622,125.789,65.68,117.005,155.643,75.18,34.73,35.29,35.51
2026-05-16T21:45:56+00:00,1778967956.942,99.87,82.628,125.789,65.69,117.012,155.643,75.18,34.51,35.24,35.49
2026-05-16T21:46:01+00:00,1778967961.943,99.88,82.637,125.789,65.69,117.018,155.643,75.18,35.43,35.42,35.55
2026-05-16T21:46:06+00:00,1778967966.944,99.86,82.645,125.789,65.70,117.026,155.643,75.19,35.16,35.36,35.53
2026-05-16T21:46:11+00:00,1778967971.945,99.81,82.657,125.789,65.71,117.034,155.643,75.19,35.79,35.49,35.57
2026-05-16T21:46:16+00:00,1778967976.947,99.86,82.661,125.789,65.71,117.042,155.643,75.20,36.68,35.68,35.63
2026-05-16T21:46:21+00:00,1778967981.948,99.86,82.671,125.789,65.72,117.049,155.643,75.20,36.87,35.73,35.65
2026-05-16T21:46:26+00:00,1778967986.950,99.86,82.681,125.789,65.73,117.057,155.643,75.21,36.48,35.67,35.63
2026-05-16T21:46:31+00:00,1778967991.951,99.85,82.639,125.789,65.70,117.064,155.643,75.21,36.20,35.63,35.61
2026-05-16T21:46:36+00:00,1778967996.952,99.87,82.672,125.789,65.72,117.073,155.643,75.22,35.94,35.58,35.60
2026-05-16T21:46:41+00:00,1778968001.954,99.84,82.728,125.789,65.77,117.085,155.643,75.23,35.39,35.47,35.56
2026-05-16T21:46:46+00:00,1778968006.955,99.86,82.750,125.789,65.79,117.102,155.643,75.24,35.28,35.45,35.55
2026-05-16T21:46:51+00:00,1778968011.956,99.86,82.751,125.789,65.79,117.120,155.643,75.25,35.01,35.39,35.53
2026-05-16T21:46:56+00:00,1778968016.958,99.87,82.741,125.789,65.78,117.134,155.643,75.26,34.93,35.37,35.53
2026-05-16T21:47:01+00:00,1778968021.959,99.87,82.737,125.789,65.77,117.144,155.643,75.26,34.78,35.33,35.51
2026-05-16T21:47:06+00:00,1778968026.960,99.89,82.736,125.789,65.77,117.153,155.643,75.27,34.72,35.31,35.50
2026-05-16T21:47:11+00:00,1778968031.962,99.88,82.729,125.789,65.77,117.163,155.643,75.28,34.66,35.28,35.50
2026-05-16T21:47:16+00:00,1778968036.963,99.87,82.732,125.789,65.77,117.171,155.643,75.28,34.52,35.25,35.48
2026-05-16T21:47:21+00:00,1778968041.964,99.86,82.733,125.789,65.77,117.180,155.643,75.29,34.32,35.19,35.46
2026-05-16T21:47:26+00:00,1778968046.966,99.86,82.740,125.789,65.78,117.188,155.643,75.29,34.22,35.16,35.45
2026-05-16T21:47:31+00:00,1778968051.967,99.87,82.746,125.789,65.78,117.195,155.643,75.30,34.04,35.10,35.43
2026-05-16T21:47:36+00:00,1778968056.968,99.87,82.763,125.789,65.80,117.204,155.643,75.30,34.12,35.10,35.43
2026-05-16T21:47:41+00:00,1778968061.970,99.89,82.770,125.789,65.80,117.211,155.643,75.31,34.51,35.17,35.45
2026-05-16T21:47:46+00:00,1778968066.971,99.89,82.774,125.789,65.80,117.218,155.643,75.31,34.07,35.06,35.41
2026-05-16T21:47:51+00:00,1778968071.972,99.89,82.780,125.789,65.81,117.224,155.643,75.32,34.86,35.21,35.46
2026-05-16T21:47:56+00:00,1778968076.974,99.87,82.784,125.789,65.81,117.229,155.643,75.32,34.79,35.19,35.45
2026-05-16T21:48:01+00:00,1778968081.975,99.88,82.789,125.789,65.82,117.233,155.643,75.32,34.65,35.15,35.44
2026-05-16T21:48:06+00:00,1778968086.977,99.89,82.797,125.789,65.82,117.240,155.643,75.33,34.44,35.10,35.42
2026-05-16T21:48:11+00:00,1778968091.978,99.87,82.881,125.789,65.89,117.247,155.643,75.33,34.24,35.05,35.40
2026-05-16T21:48:16+00:00,1778968096.979,99.85,82.881,125.789,65.89,117.253,155.643,75.34,34.06,35.00,35.38
2026-05-16T21:48:21+00:00,1778968101.981,99.86,82.893,125.789,65.90,117.266,155.643,75.34,34.14,35.00,35.38
2026-05-16T21:48:26+00:00,1778968106.982,99.82,82.866,125.789,65.88,117.281,155.643,75.35,35.01,35.17,35.43
2026-05-16T21:48:31+00:00,1778968111.983,99.88,82.872,125.789,65.88,117.300,155.643,75.36,35.65,35.30,35.47
2026-05-16T21:48:36+00:00,1778968116.984,99.86,82.852,125.789,65.87,117.312,155.643,75.37,35.51,35.27,35.46
2026-05-16T21:48:41+00:00,1778968121.986,99.86,82.857,125.789,65.87,117.322,155.643,75.38,35.63,35.30,35.47
2026-05-16T21:48:46+00:00,1778968126.987,99.86,82.866,125.789,65.88,117.332,155.643,75.39,36.54,35.50,35.54
2026-05-16T21:48:51+00:00,1778968131.988,99.87,82.855,125.789,65.87,117.341,155.643,75.39,36.18,35.44,35.52
2026-05-16T21:48:56+00:00,1778968136.990,99.86,82.857,125.789,65.87,117.350,155.643,75.40,35.85,35.38,35.50
2026-05-16T21:49:01+00:00,1778968141.991,99.87,82.864,125.789,65.88,117.357,155.643,75.40,36.34,35.49,35.53
2026-05-16T21:49:06+00:00,1778968146.992,99.87,82.867,125.789,65.88,117.363,155.643,75.41,36.07,35.45,35.52
2026-05-16T21:49:11+00:00,1778968151.994,99.87,82.876,125.789,65.89,117.371,155.643,75.41,35.58,35.36,35.49
2026-05-16T21:49:16+00:00,1778968156.995,99.86,82.889,125.789,65.90,117.378,155.643,75.42,35.30,35.30,35.47
2026-05-16T21:49:21+00:00,1778968161.997,99.84,82.897,125.789,65.90,117.386,155.643,75.42,35.11,35.27,35.46
2026-05-16T21:49:26+00:00,1778968166.998,99.87,82.904,125.789,65.91,117.393,155.643,75.42,35.10,35.26,35.45
2026-05-16T21:49:31+00:00,1778968172.000,99.87,82.909,125.789,65.91,117.400,155.643,75.43,35.02,35.24,35.45
2026-05-16T21:49:37+00:00,1778968177.001,99.87,82.913,125.789,65.91,117.407,155.643,75.43,35.09,35.25,35.45
2026-05-16T21:49:42+00:00,1778968182.002,99.87,82.919,125.789,65.92,117.413,155.643,75.44,35.17,35.27,35.45
2026-05-16T21:49:47+00:00,1778968187.004,99.87,82.925,125.789,65.92,117.419,155.643,75.44,34.83,35.19,35.43
2026-05-16T21:49:52+00:00,1778968192.005,99.87,82.937,125.789,65.93,117.427,155.643,75.45,34.77,35.17,35.42
2026-05-16T21:49:57+00:00,1778968197.006,99.86,82.967,125.789,65.96,117.432,155.643,75.45,34.62,35.14,35.41
2026-05-16T21:50:02+00:00,1778968202.008,99.87,83.003,125.789,65.99,117.441,155.643,75.46,34.41,35.09,35.39
2026-05-16T21:50:07+00:00,1778968207.009,99.86,83.071,125.789,66.04,117.453,155.643,75.46,34.22,35.03,35.37
2026-05-16T21:50:12+00:00,1778968212.011,99.85,83.081,125.789,66.05,117.470,155.643,75.47,34.76,35.13,35.40
2026-05-16T21:50:17+00:00,1778968217.012,99.86,83.100,125.789,66.06,117.489,155.643,75.49,34.54,35.08,35.38
2026-05-16T21:50:22+00:00,1778968222.013,99.87,83.077,125.789,66.04,117.500,155.643,75.49,35.30,35.23,35.43
2026-05-16T21:50:27+00:00,1778968227.015,99.87,83.074,125.789,66.04,117.509,155.643,75.50,35.20,35.21,35.42
2026-05-16T21:50:32+00:00,1778968232.016,99.86,83.068,125.789,66.04,117.518,155.643,75.50,35.02,35.17,35.41
2026-05-16T21:50:37+00:00,1778968237.017,99.87,83.063,125.789,66.03,117.526,155.643,75.51,35.42,35.25,35.43
2026-05-16T21:50:42+00:00,1778968242.019,99.86,83.070,125.789,66.04,117.535,155.643,75.52,36.19,35.41,35.48
2026-05-16T21:50:47+00:00,1778968247.020,99.87,83.069,125.789,66.04,117.542,155.643,75.52,36.73,35.54,35.52
2026-05-16T21:50:52+00:00,1778968252.021,99.86,83.080,125.789,66.05,117.550,155.643,75.53,36.35,35.48,35.51
2026-05-16T21:50:57+00:00,1778968257.023,99.85,83.082,125.789,66.05,117.558,155.643,75.53,36.00,35.42,35.49
2026-05-16T21:51:02+00:00,1778968262.024,99.86,83.091,125.789,66.06,117.566,155.643,75.54,35.68,35.37,35.47
2026-05-16T21:51:07+00:00,1778968267.025,99.87,83.094,125.789,66.06,117.574,155.643,75.54,35.71,35.38,35.47
2026-05-16T21:51:12+00:00,1778968272.027,99.87,83.098,125.789,66.06,117.582,155.643,75.55,35.49,35.34,35.46
2026-05-16T21:51:17+00:00,1778968277.028,99.87,83.101,125.789,66.06,117.589,155.643,75.55,35.21,35.28,35.44
2026-05-16T21:51:22+00:00,1778968282.029,99.88,83.107,125.789,66.07,117.595,155.643,75.55,35.84,35.41,35.48
2026-05-16T21:51:27+00:00,1778968287.031,99.87,83.115,125.789,66.08,117.602,155.643,75.56,35.61,35.37,35.46
2026-05-16T21:51:32+00:00,1778968292.032,99.85,83.126,125.789,66.08,117.609,155.643,75.56,35.40,35.33,35.45
2026-05-16T21:51:37+00:00,1778968297.033,99.86,83.196,125.789,66.14,117.617,155.643,75.57,35.21,35.29,35.44
2026-05-16T21:51:42+00:00,1778968302.035,99.84,83.202,125.789,66.14,117.627,155.643,75.57,35.51,35.35,35.46
2026-05-16T21:51:47+00:00,1778968307.036,99.88,83.205,125.789,66.15,117.640,155.643,75.58,35.71,35.40,35.47
2026-05-16T21:51:52+00:00,1778968312.038,99.86,83.176,125.789,66.12,117.656,155.643,75.59,35.81,35.42,35.48
2026-05-16T21:51:57+00:00,1778968317.039,99.86,83.167,125.789,66.12,117.672,155.643,75.60,35.83,35.43,35.48
2026-05-16T21:52:02+00:00,1778968322.040,99.86,83.151,125.789,66.10,117.682,155.643,75.61,35.84,35.44,35.49
2026-05-16T21:52:07+00:00,1778968327.042,99.85,83.150,125.789,66.10,117.691,155.643,75.62,35.62,35.40,35.47
2026-05-16T21:52:12+00:00,1778968332.043,99.86,83.152,125.789,66.10,117.700,155.643,75.62,35.65,35.41,35.47
2026-05-16T21:52:17+00:00,1778968337.044,99.87,83.155,125.789,66.11,117.709,155.643,75.63,35.27,35.34,35.45
2026-05-16T21:52:22+00:00,1778968342.046,99.88,83.168,125.789,66.12,117.717,155.643,75.63,35.65,35.42,35.47
2026-05-16T21:52:27+00:00,1778968347.047,99.86,83.182,125.789,66.13,117.723,155.643,75.64,36.32,35.56,35.52
2026-05-16T21:52:32+00:00,1778968352.048,99.86,83.185,125.789,66.13,117.729,155.643,75.64,36.22,35.55,35.52
2026-05-16T21:52:37+00:00,1778968357.050,99.85,83.194,125.789,66.14,117.737,155.643,75.65,35.88,35.49,35.50
2026-05-16T21:52:42+00:00,1778968362.051,99.86,83.201,125.789,66.14,117.745,155.643,75.65,35.73,35.47,35.49
2026-05-16T21:52:47+00:00,1778968367.052,99.85,83.214,125.789,66.15,117.753,155.643,75.66,35.51,35.42,35.48
2026-05-16T21:52:52+00:00,1778968372.054,99.86,83.224,125.789,66.16,117.761,155.643,75.66,35.31,35.38,35.46
2026-05-16T21:52:57+00:00,1778968377.056,99.89,83.231,125.789,66.17,117.768,155.643,75.67,35.52,35.43,35.48
2026-05-16T21:53:02+00:00,1778968382.057,99.86,83.239,125.789,66.17,117.774,155.643,75.67,35.88,35.50,35.50
2026-05-16T21:53:07+00:00,1778968387.058,99.87,83.243,125.789,66.18,117.781,155.643,75.67,35.73,35.48,35.49
2026-05-16T21:53:12+00:00,1778968392.060,99.85,83.249,125.789,66.18,117.789,155.643,75.68,35.43,35.42,35.47
2026-05-16T21:53:17+00:00,1778968397.061,99.86,83.351,125.789,66.26,117.798,155.643,75.68,35.16,35.36,35.45
2026-05-16T21:53:22+00:00,1778968402.062,99.86,83.347,125.789,66.26,117.808,155.643,75.69,34.98,35.32,35.44
2026-05-16T21:53:27+00:00,1778968407.064,99.87,83.353,125.789,66.26,117.821,155.643,75.70,35.07,35.33,35.44
2026-05-16T21:53:32+00:00,1778968412.065,99.85,83.356,125.789,66.27,117.838,155.643,75.71,35.38,35.40,35.46
2026-05-16T21:53:37+00:00,1778968417.067,99.87,83.355,125.789,66.27,117.854,155.643,75.72,35.11,35.34,35.45
2026-05-16T21:53:42+00:00,1778968422.068,99.85,83.336,125.789,66.25,117.865,155.643,75.73,35.26,35.37,35.45
2026-05-16T21:53:47+00:00,1778968427.069,99.88,83.348,125.789,66.26,117.875,155.643,75.73,35.16,35.34,35.45
2026-05-16T21:53:52+00:00,1778968432.071,99.86,83.343,125.789,66.26,117.885,155.643,75.74,34.91,35.29,35.43
2026-05-16T21:53:57+00:00,1778968437.072,99.88,83.344,125.789,66.26,117.894,155.643,75.75,34.67,35.23,35.41
2026-05-16T21:54:02+00:00,1778968442.073,99.89,83.348,125.789,66.26,117.902,155.643,75.75,34.54,35.20,35.40
2026-05-16T21:54:07+00:00,1778968447.075,99.88,83.352,125.789,66.26,117.909,155.643,75.76,35.38,35.36,35.45
2026-05-16T21:54:12+00:00,1778968452.076,99.87,83.356,125.789,66.27,117.915,155.643,75.76,35.19,35.32,35.43
2026-05-16T21:54:17+00:00,1778968457.078,99.86,83.357,125.789,66.27,117.923,155.643,75.77,35.01,35.28,35.42
2026-05-16T21:54:22+00:00,1778968462.079,99.89,83.361,125.789,66.27,117.932,155.643,75.77,35.25,35.33,35.44
2026-05-16T21:54:27+00:00,1778968467.080,99.89,83.369,125.789,66.28,117.940,155.643,75.78,35.07,35.29,35.42
2026-05-16T21:54:32+00:00,1778968472.082,99.86,83.381,125.789,66.29,117.947,155.643,75.78,35.06,35.28,35.42
2026-05-16T21:54:37+00:00,1778968477.083,99.89,83.391,125.789,66.29,117.952,155.643,75.78,35.70,35.41,35.46
2026-05-16T21:54:42+00:00,1778968482.084,99.88,83.399,125.789,66.30,117.958,155.643,75.79,35.48,35.37,35.45
2026-05-16T21:54:47+00:00,1778968487.086,99.88,83.413,125.789,66.31,117.966,155.643,75.79,35.20,35.32,35.43
2026-05-16T21:54:52+00:00,1778968492.087,99.87,83.454,125.789,66.34,117.974,155.643,75.80,34.95,35.26,35.41
2026-05-16T21:54:57+00:00,1778968497.088,99.82,83.477,125.789,66.36,117.982,155.643,75.80,34.71,35.21,35.39
2026-05-16T21:55:02+00:00,1778968502.090,99.87,83.499,125.789,66.38,117.994,155.643,75.81,34.65,35.19,35.38
2026-05-16T21:55:07+00:00,1778968507.091,99.88,83.527,125.789,66.40,118.011,155.643,75.82,34.68,35.18,35.38
2026-05-16T21:55:12+00:00,1778968512.092,99.88,83.547,125.789,66.42,118.031,155.643,75.83,34.95,35.23,35.40
2026-05-16T21:55:17+00:00,1778968517.094,99.87,83.518,125.789,66.40,118.044,155.643,75.84,34.79,35.19,35.38
2026-05-16T21:55:22+00:00,1778968522.095,99.87,83.557,125.789,66.43,118.053,155.643,75.85,34.81,35.19,35.38
2026-05-16T21:55:27+00:00,1778968527.096,99.87,83.548,125.789,66.42,118.063,155.643,75.86,34.58,35.14,35.36
2026-05-16T21:55:32+00:00,1778968532.098,99.85,83.551,125.789,66.42,118.074,155.643,75.86,34.38,35.08,35.34
2026-05-16T21:55:37+00:00,1778968537.099,99.86,83.555,125.789,66.43,118.082,155.643,75.87,34.19,35.03,35.33
2026-05-16T21:55:42+00:00,1778968542.100,99.86,83.559,125.789,66.43,118.089,155.643,75.87,34.25,35.03,35.32
2026-05-16T21:55:47+00:00,1778968547.101,99.87,83.563,125.789,66.43,118.096,155.643,75.88,34.23,35.01,35.32
2026-05-16T21:55:52+00:00,1778968552.103,99.86,83.572,125.789,66.44,118.103,155.643,75.88,34.29,35.01,35.31
2026-05-16T21:55:57+00:00,1778968557.104,99.87,83.580,125.789,66.44,118.110,155.643,75.89,34.11,34.96,35.30
2026-05-16T21:56:02+00:00,1778968562.106,99.89,83.584,125.789,66.45,118.117,155.643,75.89,34.18,34.96,35.29
2026-05-16T21:56:07+00:00,1778968567.107,99.86,83.594,125.789,66.46,118.124,155.643,75.89,34.97,35.11,35.34
2026-05-16T21:56:12+00:00,1778968572.109,99.86,83.598,125.789,66.46,118.130,155.643,75.90,34.81,35.08,35.33
2026-05-16T21:56:17+00:00,1778968577.110,99.87,83.606,125.789,66.47,118.136,155.643,75.90,34.83,35.08,35.33
2026-05-16T21:56:22+00:00,1778968582.111,99.86,83.613,125.789,66.47,118.144,155.643,75.91,34.68,35.04,35.31
2026-05-16T21:56:27+00:00,1778968587.113,99.87,83.674,125.789,66.52,118.152,155.643,75.91,34.70,35.04,35.31
2026-05-16T21:56:32+00:00,1778968592.114,99.86,83.684,125.789,66.53,118.162,155.643,75.92,34.97,35.09,35.33
2026-05-16T21:56:37+00:00,1778968597.115,99.84,83.662,125.789,66.51,118.174,155.643,75.93,34.73,35.04,35.31
2026-05-16T21:56:42+00:00,1778968602.117,99.85,83.663,125.789,66.51,118.192,155.643,75.94,34.51,34.99,35.29
2026-05-16T21:56:47+00:00,1778968607.118,99.86,83.666,125.789,66.51,118.211,155.643,75.95,34.63,35.01,35.29
2026-05-16T21:56:52+00:00,1778968612.119,99.87,83.647,125.789,66.50,118.223,155.643,75.96,35.30,35.14,35.34
2026-05-16T21:56:57+00:00,1778968617.121,99.86,83.649,125.789,66.50,118.234,155.643,75.96,35.60,35.20,35.36
2026-05-16T21:57:02+00:00,1778968622.122,99.87,83.634,125.789,66.49,118.243,155.643,75.97,35.31,35.15,35.34
2026-05-16T21:57:07+00:00,1778968627.124,99.87,83.642,125.789,66.49,118.253,155.643,75.98,36.33,35.36,35.41
2026-05-16T21:57:12+00:00,1778968632.125,99.86,83.642,125.789,66.49,118.262,155.643,75.98,36.46,35.41,35.42
2026-05-16T21:57:17+00:00,1778968637.126,99.88,83.648,125.789,66.50,118.270,155.643,75.99,36.10,35.35,35.40
2026-05-16T21:57:22+00:00,1778968642.128,99.87,83.658,125.789,66.51,118.279,155.643,75.99,36.02,35.34,35.40
2026-05-16T21:57:27+00:00,1778968647.129,99.87,83.669,125.789,66.52,118.287,155.643,76.00,35.69,35.29,35.38
2026-05-16T21:57:32+00:00,1778968652.131,99.86,83.677,125.789,66.52,118.296,155.643,76.01,35.80,35.32,35.39
2026-05-16T21:57:37+00:00,1778968657.132,99.85,83.693,125.789,66.53,118.305,155.643,76.01,35.49,35.26,35.37
2026-05-16T21:57:42+00:00,1778968662.133,99.86,83.704,125.789,66.54,118.312,155.643,76.02,35.61,35.29,35.38
2026-05-16T21:57:47+00:00,1778968667.135,99.87,83.708,125.789,66.55,118.317,155.643,76.02,35.65,35.30,35.38
2026-05-16T21:57:52+00:00,1778968672.136,99.87,83.718,125.789,66.55,118.324,155.643,76.02,35.35,35.25,35.36
2026-05-16T21:57:57+00:00,1778968677.137,99.87,83.722,125.789,66.56,118.332,155.643,76.03,35.16,35.21,35.35
2026-05-16T21:58:02+00:00,1778968682.139,99.87,83.806,125.789,66.62,118.339,155.643,76.03,34.99,35.17,35.34
2026-05-16T21:58:07+00:00,1778968687.140,99.85,83.799,125.789,66.62,118.349,155.643,76.04,34.83,35.14,35.33
2026-05-16T21:58:12+00:00,1778968692.141,99.87,83.800,125.789,66.62,118.363,155.643,76.05,35.57,35.29,35.37
2026-05-16T21:58:17+00:00,1778968697.142,99.87,83.801,125.789,66.62,118.380,155.643,76.06,36.24,35.43,35.42
2026-05-16T21:58:22+00:00,1778968702.144,99.87,83.798,125.789,66.62,118.395,155.643,76.07,35.98,35.39,35.41
2026-05-16T21:58:27+00:00,1778968707.145,99.87,83.772,125.789,66.60,118.406,155.643,76.08,36.62,35.53,35.45
2026-05-16T21:58:32+00:00,1778968712.147,99.87,83.773,125.789,66.60,118.414,155.643,76.08,36.81,35.59,35.47
2026-05-16T21:58:37+00:00,1778968717.148,99.86,83.772,125.789,66.60,118.424,155.643,76.09,36.67,35.58,35.47
2026-05-16T21:58:42+00:00,1778968722.149,99.86,83.778,125.789,66.60,118.433,155.643,76.09,36.62,35.59,35.47
2026-05-16T21:58:47+00:00,1778968727.151,99.86,83.789,125.789,66.61,118.440,155.643,76.10,36.33,35.54,35.46
2026-05-16T21:58:52+00:00,1778968732.153,99.87,83.803,125.789,66.62,118.446,155.643,76.10,35.90,35.47,35.43
2026-05-16T21:58:57+00:00,1778968737.154,99.86,83.816,125.789,66.63,118.453,155.643,76.11,35.75,35.44,35.43
2026-05-16T21:59:02+00:00,1778968742.155,99.87,83.825,125.789,66.64,118.460,155.643,76.11,35.45,35.39,35.41
2026-05-16T21:59:07+00:00,1778968747.157,99.87,83.829,125.789,66.64,118.468,155.643,76.12,35.81,35.46,35.43
2026-05-16T21:59:12+00:00,1778968752.158,99.87,83.835,125.789,66.65,118.477,155.643,76.12,35.83,35.47,35.44
2026-05-16T21:59:17+00:00,1778968757.160,99.86,83.843,125.789,66.65,118.485,155.643,76.13,35.76,35.46,35.43
2026-05-16T21:59:22+00:00,1778968762.161,99.87,83.848,125.789,66.66,118.492,155.643,76.13,35.78,35.47,35.44
2026-05-16T21:59:27+00:00,1778968767.162,99.87,83.856,125.789,66.66,118.499,155.643,76.14,36.20,35.57,35.47
2026-05-16T21:59:32+00:00,1778968772.164,99.87,83.870,125.789,66.67,118.506,155.643,76.14,36.26,35.59,35.47
2026-05-16T21:59:37+00:00,1778968777.165,99.86,83.944,125.789,66.73,118.514,155.643,76.14,36.08,35.56,35.47
2026-05-16T21:59:42+00:00,1778968782.166,99.85,83.943,125.789,66.73,118.525,155.643,76.15,35.83,35.52,35.45
2026-05-16T21:59:47+00:00,1778968787.168,99.85,83.972,125.789,66.76,118.540,155.643,76.16,35.93,35.54,35.46
2026-05-16T21:59:52+00:00,1778968792.169,99.86,83.978,125.789,66.76,118.559,155.643,76.17,35.93,35.55,35.46
2026-05-16T21:59:57+00:00,1778968797.170,99.87,83.972,125.789,66.76,118.576,155.643,76.19,36.42,35.66,35.50
2026-05-16T22:00:02+00:00,1778968802.172,99.87,83.950,125.789,66.74,118.587,155.643,76.19,36.47,35.68,35.51
2026-05-16T22:00:07+00:00,1778968807.173,99.86,83.953,125.789,66.74,118.597,155.643,76.20,36.35,35.67,35.51
2026-05-16T22:00:12+00:00,1778968812.174,99.87,83.951,125.789,66.74,118.607,155.643,76.20,36.96,35.81,35.55
2026-05-16T22:00:17+00:00,1778968817.176,99.85,83.967,125.789,66.75,118.617,155.643,76.21,36.64,35.76,35.54
2026-05-16T22:00:22+00:00,1778968822.177,99.86,83.971,125.789,66.76,118.625,155.643,76.22,36.83,35.82,35.56
2026-05-16T22:00:27+00:00,1778968827.179,99.86,83.978,125.789,66.76,118.632,155.643,76.22,36.93,35.85,35.57
2026-05-16T22:00:32+00:00,1778968832.180,99.87,83.987,125.789,66.77,118.638,155.643,76.22,36.61,35.81,35.56
2026-05-16T22:00:37+00:00,1778968837.181,99.89,83.988,125.789,66.77,118.647,155.643,76.23,36.48,35.79,35.55
2026-05-16T22:00:42+00:00,1778968842.183,99.87,83.997,125.789,66.78,118.656,155.643,76.24,36.20,35.75,35.54
2026-05-16T22:00:47+00:00,1778968847.184,99.87,84.006,125.789,66.78,118.664,155.643,76.24,35.55,35.62,35.50
2026-05-16T22:00:52+00:00,1778968852.185,99.87,84.020,125.789,66.79,118.670,155.643,76.25,35.98,35.71,35.53
2026-05-16T22:00:57+00:00,1778968857.187,99.86,84.031,125.789,66.80,118.675,155.643,76.25,35.66,35.64,35.51
2026-05-16T22:01:02+00:00,1778968862.188,99.87,84.038,125.789,66.81,118.680,155.643,76.25,35.45,35.60,35.49
2026-05-16T22:01:07+00:00,1778968867.189,99.86,84.046,125.789,66.82,118.688,155.643,76.26,35.25,35.56,35.48
2026-05-16T22:01:12+00:00,1778968872.191,99.78,84.085,125.789,66.85,118.695,155.643,76.26,35.39,35.58,35.49
2026-05-16T22:01:17+00:00,1778968877.192,99.87,84.106,125.789,66.86,118.705,155.643,76.27,35.92,35.69,35.52
2026-05-16T22:01:22+00:00,1778968882.193,99.86,84.136,125.789,66.89,118.718,155.643,76.28,35.45,35.59,35.49
2026-05-16T22:01:27+00:00,1778968887.195,99.87,84.161,125.789,66.91,118.738,155.643,76.29,35.57,35.62,35.50
2026-05-16T22:01:32+00:00,1778968892.196,99.86,84.162,125.789,66.91,118.756,155.643,76.30,35.61,35.62,35.51
2026-05-16T22:01:37+00:00,1778968897.197,99.86,84.145,125.789,66.89,118.767,155.643,76.31,36.28,35.76,35.55
2026-05-16T22:01:42+00:00,1778968902.198,99.86,84.140,125.789,66.89,118.778,155.643,76.31,36.50,35.82,35.57
2026-05-16T22:01:47+00:00,1778968907.200,99.84,84.135,125.789,66.89,118.788,155.643,76.32,36.22,35.77,35.56
2026-05-16T22:01:52+00:00,1778968912.201,99.86,84.144,125.789,66.89,118.797,155.643,76.33,36.12,35.76,35.55
2026-05-16T22:01:57+00:00,1778968917.202,99.87,84.155,125.789,66.90,118.805,155.643,76.33,36.11,35.76,35.55
2026-05-16T22:02:02+00:00,1778968922.204,99.87,84.162,125.789,66.91,118.812,155.643,76.34,35.78,35.70,35.54
2026-05-16T22:02:07+00:00,1778968927.205,99.86,84.173,125.789,66.92,118.820,155.643,76.34,35.72,35.69,35.53
2026-05-16T22:02:12+00:00,1778968932.206,99.86,84.184,125.789,66.92,118.826,155.643,76.35,35.42,35.63,35.51
2026-05-16T22:02:17+00:00,1778968937.208,99.87,84.198,125.789,66.94,118.833,155.643,76.35,35.15,35.56,35.49
2026-05-16T22:02:22+00:00,1778968942.209,99.86,84.209,125.789,66.95,118.840,155.643,76.35,35.37,35.61,35.51
2026-05-16T22:02:27+00:00,1778968947.211,99.86,84.221,125.789,66.95,118.848,155.643,76.36,35.67,35.66,35.53
2026-05-16T22:02:32+00:00,1778968952.212,99.86,84.227,125.789,66.96,118.854,155.643,76.36,35.69,35.67,35.53
2026-05-16T22:02:37+00:00,1778968957.213,99.85,84.240,125.789,66.97,118.860,155.643,76.37,36.60,35.86,35.59
2026-05-16T22:02:42+00:00,1778968962.214,99.87,84.239,125.789,66.97,118.868,155.643,76.37,36.23,35.79,35.57
2026-05-16T22:02:47+00:00,1778968967.216,99.87,84.339,125.789,67.05,118.876,155.643,76.38,36.69,35.90,35.61
2026-05-16T22:02:52+00:00,1778968972.217,99.87,84.336,125.789,67.05,118.885,155.643,76.38,36.56,35.88,35.60
2026-05-16T22:02:57+00:00,1778968977.218,99.82,84.335,125.789,67.05,118.897,155.643,76.39,36.27,35.83,35.59
2026-05-16T22:03:02+00:00,1778968982.220,99.87,84.329,125.789,67.04,118.914,155.643,76.40,35.85,35.75,35.56
2026-05-16T22:03:07+00:00,1778968987.221,99.87,84.330,125.789,67.04,118.933,155.643,76.41,35.54,35.69,35.54
2026-05-16T22:03:12+00:00,1778968992.223,99.86,84.302,125.789,67.02,118.946,155.643,76.42,35.90,35.76,35.57
2026-05-16T22:03:17+00:00,1778968997.224,99.82,84.293,125.789,67.01,118.955,155.643,76.43,35.83,35.75,35.57
2026-05-16T22:03:22+00:00,1778969002.225,99.86,84.296,125.789,67.01,118.965,155.643,76.43,35.60,35.70,35.55
2026-05-16T22:03:27+00:00,1778969007.226,99.84,84.287,125.789,67.01,118.974,155.643,76.44,35.47,35.67,35.54
2026-05-16T22:03:32+00:00,1778969012.228,99.86,84.284,125.789,67.00,118.983,155.643,76.45,35.35,35.65,35.53
2026-05-16T22:03:37+00:00,1778969017.229,99.86,84.291,125.789,67.01,118.991,155.643,76.45,35.48,35.67,35.54
2026-05-16T22:03:42+00:00,1778969022.231,99.86,84.293,125.789,67.01,118.998,155.643,76.46,35.69,35.71,35.56
2026-05-16T22:03:47+00:00,1778969027.232,99.87,84.302,125.789,67.02,119.007,155.643,76.46,35.47,35.66,35.54
2026-05-16T22:03:52+00:00,1778969032.233,99.86,84.301,125.789,67.02,119.015,155.643,76.47,35.27,35.62,35.53
2026-05-16T22:03:57+00:00,1778969037.235,99.87,84.312,125.789,67.03,119.022,155.643,76.47,35.65,35.69,35.55
2026-05-16T22:04:02+00:00,1778969042.236,99.88,84.317,125.789,67.03,119.029,155.643,76.48,36.08,35.78,35.58
2026-05-16T22:04:07+00:00,1778969047.238,99.86,84.324,125.789,67.04,119.036,155.643,76.48,35.75,35.72,35.56
2026-05-16T22:04:12+00:00,1778969052.239,99.86,84.327,125.789,67.04,119.042,155.643,76.48,35.53,35.67,35.55
2026-05-16T22:04:17+00:00,1778969057.240,99.86,84.335,125.789,67.04,119.049,155.643,76.49,35.25,35.61,35.53
2026-05-16T22:04:22+00:00,1778969062.242,99.88,84.353,125.789,67.06,119.057,155.643,76.49,34.99,35.55,35.51
2026-05-16T22:04:27+00:00,1778969067.244,99.87,84.439,125.789,67.13,119.065,155.643,76.50,34.83,35.51,35.50
2026-05-16T22:04:32+00:00,1778969072.245,99.87,84.438,125.789,67.13,119.077,155.643,76.51,34.60,35.45,35.48
2026-05-16T22:04:37+00:00,1778969077.246,99.87,84.442,125.789,67.13,119.093,155.643,76.52,34.79,35.47,35.49
2026-05-16T22:04:42+00:00,1778969082.248,99.89,84.455,125.789,67.14,119.110,155.643,76.53,34.73,35.45,35.48
2026-05-16T22:04:47+00:00,1778969087.249,99.86,84.429,125.789,67.12,119.123,155.643,76.54,35.63,35.63,35.53
2026-05-16T22:04:52+00:00,1778969092.250,99.86,84.426,125.789,67.12,119.133,155.643,76.54,35.42,35.58,35.52
2026-05-16T22:04:57+00:00,1778969097.252,99.86,84.434,125.789,67.12,119.142,155.643,76.55,35.23,35.54,35.51
2026-05-16T22:05:02+00:00,1778969102.253,99.77,84.424,125.789,67.12,119.151,155.643,76.55,35.61,35.61,35.53
2026-05-16T22:05:07+00:00,1778969107.255,99.88,84.433,125.789,67.12,119.160,155.643,76.56,35.32,35.55,35.51
2026-05-16T22:05:12+00:00,1778969112.256,99.87,84.440,125.789,67.13,119.166,155.643,76.56,35.62,35.61,35.53
2026-05-16T22:05:17+00:00,1778969117.257,99.86,84.444,125.789,67.13,119.173,155.643,76.57,35.33,35.55,35.51
2026-05-16T22:05:22+00:00,1778969122.258,99.87,84.453,125.789,67.14,119.181,155.643,76.57,35.06,35.49,35.49
2026-05-16T22:05:27+00:00,1778969127.260,99.86,84.463,125.789,67.15,119.187,155.643,76.58,34.81,35.43,35.47
2026-05-16T22:05:32+00:00,1778969132.261,99.89,84.470,125.789,67.15,119.193,155.643,76.58,35.07,35.48,35.49
2026-05-16T22:05:37+00:00,1778969137.262,99.87,84.478,125.789,67.16,119.202,155.643,76.59,35.54,35.57,35.52
2026-05-16T22:05:42+00:00,1778969142.264,99.86,84.492,125.789,67.17,119.210,155.643,76.59,35.26,35.51,35.50
2026-05-16T22:05:47+00:00,1778969147.265,99.86,84.505,125.789,67.18,119.216,155.643,76.60,35.64,35.58,35.52
2026-05-16T22:05:52+00:00,1778969152.266,99.87,84.513,125.789,67.19,119.223,155.643,76.60,35.35,35.52,35.50
2026-05-16T22:05:57+00:00,1778969157.268,99.89,84.520,125.789,67.19,119.231,155.643,76.61,35.16,35.48,35.49
2026-05-16T22:06:02+00:00,1778969162.269,99.87,84.625,125.789,67.28,119.238,155.643,76.61,35.07,35.46,35.48
2026-05-16T22:06:07+00:00,1778969167.271,99.84,84.625,125.789,67.28,119.248,155.643,76.62,35.30,35.50,35.50
2026-05-16T22:06:12+00:00,1778969172.272,99.84,84.652,125.789,67.30,119.260,155.643,76.62,35.92,35.62,35.54
2026-05-16T22:06:17+00:00,1778969177.273,99.87,84.650,125.789,67.30,119.278,155.643,76.64,36.41,35.73,35.57
2026-05-16T22:06:22+00:00,1778969182.274,99.87,84.643,125.789,67.29,119.297,155.643,76.65,36.37,35.73,35.57
2026-05-16T22:06:27+00:00,1778969187.276,99.88,84.610,125.789,67.26,119.309,155.643,76.66,36.10,35.69,35.56
2026-05-16T22:06:32+00:00,1778969192.277,99.87,84.606,125.789,67.26,119.320,155.643,76.66,36.01,35.68,35.56
2026-05-16T22:06:37+00:00,1778969197.279,99.85,84.604,125.789,67.26,119.331,155.643,76.67,35.77,35.63,35.54
2026-05-16T22:06:42+00:00,1778969202.280,99.87,84.605,125.789,67.26,119.341,155.643,76.68,35.55,35.59,35.53
2026-05-16T22:06:47+00:00,1778969207.281,99.88,84.612,125.789,67.26,119.350,155.643,76.68,35.99,35.68,35.56
2026-05-16T22:06:52+00:00,1778969212.283,99.87,84.619,125.789,67.27,119.358,155.643,76.69,35.99,35.68,35.56
2026-05-16T22:06:57+00:00,1778969217.284,99.86,84.626,125.789,67.28,119.364,155.643,76.69,35.67,35.62,35.54
2026-05-16T22:07:02+00:00,1778969222.285,99.89,84.625,125.789,67.28,119.371,155.643,76.70,35.45,35.58,35.53
2026-05-16T22:07:07+00:00,1778969227.286,99.86,84.633,125.789,67.28,119.378,155.643,76.70,35.26,35.54,35.51
2026-05-16T22:07:12+00:00,1778969232.288,99.87,84.639,125.789,67.29,119.386,155.643,76.71,35.00,35.48,35.49
2026-05-16T22:07:17+00:00,1778969237.289,99.86,84.642,125.789,67.29,119.393,155.643,76.71,34.76,35.42,35.48
2026-05-16T22:07:22+00:00,1778969242.290,99.86,84.652,125.789,67.30,119.399,155.643,76.71,34.78,35.41,35.47
2026-05-16T22:07:27+00:00,1778969247.292,99.87,84.657,125.789,67.30,119.405,155.643,76.72,34.71,35.39,35.46
2026-05-16T22:07:32+00:00,1778969252.293,99.86,84.665,125.789,67.31,119.412,155.643,76.72,34.58,35.35,35.45
2026-05-16T22:07:37+00:00,1778969257.295,99.87,84.670,125.789,67.31,119.420,155.643,76.73,34.37,35.29,35.43
2026-05-16T22:07:42+00:00,1778969262.296,99.84,84.778,125.789,67.40,119.428,155.643,76.73,34.50,35.30,35.44
2026-05-16T22:07:47+00:00,1778969267.297,99.88,84.764,125.789,67.39,119.439,155.643,76.74,34.30,35.25,35.42
2026-05-16T22:07:52+00:00,1778969272.298,99.87,84.773,125.789,67.39,119.454,155.643,76.75,34.20,35.21,35.40
2026-05-16T22:07:57+00:00,1778969277.300,99.87,84.770,125.789,67.39,119.474,155.643,76.76,34.10,35.17,35.39
2026-05-16T22:08:02+00:00,1778969282.301,99.88,84.759,125.789,67.38,119.487,155.643,76.77,34.17,35.17,35.39
2026-05-16T22:08:07+00:00,1778969287.302,99.87,84.752,125.789,67.38,119.497,155.643,76.78,34.48,35.22,35.40
2026-05-16T22:08:12+00:00,1778969292.304,99.72,84.756,125.789,67.38,119.506,155.643,76.78,34.52,35.21,35.40
2026-05-16T22:08:17+00:00,1778969297.305,99.87,84.751,125.789,67.38,119.515,155.643,76.79,35.60,35.43,35.47
2026-05-16T22:08:22+00:00,1778969302.306,99.86,84.769,125.789,67.39,119.525,155.643,76.79,35.63,35.44,35.47
2026-05-16T22:08:27+00:00,1778969307.308,99.86,84.755,125.789,67.38,119.533,155.643,76.80,35.34,35.38,35.45
2026-05-16T22:08:32+00:00,1778969312.309,99.86,84.762,125.789,67.38,119.540,155.643,76.80,35.07,35.32,35.43
2026-05-16T22:08:37+00:00,1778969317.311,99.88,84.767,125.789,67.39,119.545,155.643,76.81,35.55,35.42,35.46
2026-05-16T22:08:42+00:00,1778969322.312,99.87,84.777,125.789,67.40,119.552,155.643,76.81,35.34,35.38,35.45
2026-05-16T22:08:47+00:00,1778969327.313,99.87,84.785,125.789,67.40,119.558,155.643,76.82,35.16,35.34,35.44
2026-05-16T22:08:52+00:00,1778969332.315,99.86,84.790,125.789,67.41,119.565,155.643,76.82,35.06,35.32,35.43
2026-05-16T22:08:57+00:00,1778969337.316,99.87,84.798,125.789,67.41,119.572,155.643,76.82,34.90,35.28,35.42
2026-05-16T22:09:02+00:00,1778969342.317,99.89,84.802,125.789,67.42,119.578,155.643,76.83,35.23,35.34,35.43
2026-05-16T22:09:07+00:00,1778969347.319,99.87,84.813,125.789,67.42,119.584,155.643,76.83,35.37,35.37,35.44
2026-05-16T22:09:12+00:00,1778969352.320,99.86,84.817,125.789,67.43,119.591,155.643,76.84,35.50,35.39,35.45
2026-05-16T22:09:17+00:00,1778969357.322,99.87,84.835,125.789,67.44,119.599,155.643,76.84,35.22,35.34,35.43
2026-05-16T22:09:22+00:00,1778969362.323,99.85,84.938,125.789,67.52,119.607,155.643,76.85,35.28,35.35,35.44
2026-05-16T22:09:27+00:00,1778969367.324,99.87,84.937,125.789,67.52,119.619,155.643,76.86,35.34,35.36,35.44
2026-05-16T22:09:32+00:00,1778969372.326,99.86,84.953,125.789,67.54,119.632,155.643,76.86,35.15,35.32,35.43
2026-05-16T22:09:37+00:00,1778969377.327,99.87,84.953,125.789,67.54,119.651,155.643,76.88,35.86,35.46,35.47
2026-05-16T22:09:42+00:00,1778969382.329,99.87,84.950,125.789,67.53,119.668,155.643,76.89,35.55,35.41,35.45
2026-05-16T22:09:47+00:00,1778969387.330,99.85,84.916,125.789,67.51,119.680,155.643,76.89,35.43,35.38,35.45
2026-05-16T22:09:52+00:00,1778969392.331,99.87,84.917,125.789,67.51,119.689,155.643,76.90,35.39,35.38,35.44
2026-05-16T22:09:57+00:00,1778969397.333,99.86,84.906,125.789,67.50,119.698,155.643,76.91,35.36,35.37,35.44
2026-05-16T22:10:02+00:00,1778969402.334,99.87,84.912,125.789,67.50,119.707,155.643,76.91,36.05,35.51,35.49
2026-05-16T22:10:07+00:00,1778969407.335,99.87,84.925,125.789,67.51,119.716,155.643,76.92,35.89,35.49,35.48
2026-05-16T22:10:12+00:00,1778969412.337,99.85,84.939,125.789,67.52,119.723,155.643,76.92,35.98,35.51,35.49
2026-05-16T22:10:17+00:00,1778969417.338,99.87,84.945,125.789,67.53,119.729,155.643,76.93,35.66,35.46,35.47
2026-05-16T22:10:22+00:00,1778969422.339,99.88,84.992,125.789,67.57,119.734,155.643,76.93,35.61,35.45,35.47
2026-05-16T22:10:27+00:00,1778969427.341,99.92,85.086,125.789,67.64,119.738,155.643,76.93,35.48,35.42,35.46
2026-05-16T22:10:32+00:00,1778969432.342,99.87,85.043,125.789,67.61,119.679,155.643,76.89,35.20,35.37,35.44
2026-05-16T22:10:37+00:00,1778969437.343,99.86,85.031,125.789,67.60,119.686,155.643,76.90,35.02,35.33,35.43
2026-05-16T22:10:42+00:00,1778969442.345,99.86,85.024,125.789,67.59,119.693,155.643,76.90,34.86,35.29,35.41
2026-05-16T22:10:47+00:00,1778969447.346,99.86,85.025,125.789,67.59,119.699,155.643,76.91,34.71,35.25,35.40
2026-05-16T22:10:52+00:00,1778969452.348,99.86,85.024,125.789,67.59,119.705,155.643,76.91,34.57,35.21,35.39
2026-05-16T22:10:57+00:00,1778969457.349,99.86,85.035,125.789,67.60,119.713,155.643,76.92,34.85,35.26,35.40
2026-05-16T22:11:02+00:00,1778969462.350,99.84,85.036,125.789,67.60,119.720,155.643,76.92,34.78,35.24,35.39
2026-05-16T22:11:07+00:00,1778969467.352,99.81,85.096,125.789,67.65,119.728,155.643,76.92,35.44,35.37,35.43
2026-05-16T22:11:12+00:00,1778969472.353,99.87,85.096,125.789,67.65,119.739,155.643,76.93,35.16,35.31,35.41
2026-05-16T22:11:17+00:00,1778969477.354,99.86,85.120,125.789,67.67,119.753,155.643,76.94,34.91,35.25,35.40
2026-05-16T22:11:22+00:00,1778969482.356,99.87,85.128,125.789,67.68,119.771,155.643,76.95,34.76,35.22,35.38
2026-05-16T22:11:27+00:00,1778969487.357,99.88,85.120,125.789,67.67,119.785,155.643,76.96,34.70,35.20,35.38
2026-05-16T22:11:32+00:00,1778969492.358,99.83,85.101,125.789,67.65,119.795,155.643,76.97,34.64,35.18,35.37
2026-05-16T22:11:37+00:00,1778969497.360,99.85,85.109,125.789,67.66,119.804,155.643,76.97,34.43,35.12,35.35
2026-05-16T22:11:42+00:00,1778969502.361,99.86,85.115,125.789,67.66,119.814,155.643,76.98,34.39,35.10,35.34
2026-05-16T22:11:47+00:00,1778969507.363,99.86,85.122,125.789,67.67,119.823,155.643,76.99,34.28,35.07,35.33
2026-05-16T22:11:52+00:00,1778969512.364,99.85,85.128,125.789,67.68,119.830,155.643,76.99,34.10,35.02,35.31
2026-05-16T22:11:57+00:00,1778969517.365,99.87,85.138,125.789,67.68,119.835,155.643,76.99,33.93,34.97,35.29
2026-05-16T22:12:02+00:00,1778969522.367,99.87,85.145,125.789,67.69,119.842,155.643,77.00,34.66,35.10,35.33
2026-05-16T22:12:07+00:00,1778969527.368,99.87,85.153,125.789,67.69,119.849,155.643,77.00,34.44,35.05,35.32
2026-05-16T22:12:12+00:00,1778969532.369,99.86,85.161,125.789,67.70,119.856,155.643,77.01,34.25,35.00,35.30
2026-05-16T22:12:17+00:00,1778969537.371,99.86,85.168,125.789,67.71,119.864,155.643,77.01,34.15,34.97,35.29
2026-05-16T22:12:22+00:00,1778969542.372,99.87,85.176,125.789,67.71,119.873,155.643,77.02,34.86,35.10,35.33
2026-05-16T22:12:27+00:00,1778969547.374,99.86,85.181,125.789,67.72,119.881,155.643,77.02,34.79,35.08,35.32
2026-05-16T22:12:32+00:00,1778969552.375,99.86,85.198,125.789,67.73,119.888,155.643,77.03,34.64,35.05,35.31
2026-05-16T22:12:37+00:00,1778969557.377,99.87,85.204,125.789,67.74,119.896,155.643,77.03,34.43,35.00,35.29
2026-05-16T22:12:42+00:00,1778969562.378,99.84,85.305,125.789,67.82,119.904,155.643,77.04,34.24,34.95,35.27
2026-05-16T22:12:47+00:00,1778969567.379,99.84,85.299,125.789,67.81,119.915,155.643,77.05,34.70,35.03,35.30
2026-05-16T22:12:52+00:00,1778969572.381,99.84,85.228,125.789,67.75,119.928,155.643,77.05,34.64,35.01,35.29
2026-05-16T22:12:57+00:00,1778969577.382,99.84,85.254,125.789,67.78,119.945,155.643,77.06,34.59,35.00,35.28
2026-05-16T22:13:02+00:00,1778969582.383,99.87,85.246,125.789,67.77,119.963,155.643,77.08,34.54,34.98,35.27
2026-05-16T22:13:07+00:00,1778969587.385,99.86,85.238,125.789,67.76,119.976,155.643,77.08,34.42,34.95,35.26
2026-05-16T22:13:12+00:00,1778969592.386,99.87,85.241,125.789,67.77,119.987,155.643,77.09,34.23,34.90,35.24
2026-05-16T22:13:17+00:00,1778969597.387,99.87,85.238,125.789,67.76,119.997,155.643,77.10,34.13,34.86,35.23
2026-05-16T22:13:22+00:00,1778969602.389,99.86,85.239,125.789,67.76,120.006,155.643,77.10,34.20,34.87,35.23
2026-05-16T22:13:27+00:00,1778969607.390,99.86,85.246,125.789,67.77,120.015,155.643,77.11,34.26,34.87,35.23
2026-05-16T22:13:32+00:00,1778969612.392,99.86,85.248,125.789,67.77,120.022,155.643,77.11,34.16,34.84,35.22
2026-05-16T22:13:37+00:00,1778969617.393,99.86,85.253,125.789,67.77,120.029,155.643,77.12,34.15,34.82,35.21
2026-05-16T22:13:42+00:00,1778969622.394,99.87,85.258,125.789,67.78,120.036,155.643,77.12,33.97,34.78,35.19
2026-05-16T22:13:47+00:00,1778969627.396,99.86,85.267,125.789,67.79,120.045,155.643,77.13,33.98,34.76,35.19
2026-05-16T22:13:52+00:00,1778969632.397,99.84,85.280,125.789,67.80,120.052,155.643,77.13,34.54,34.87,35.22
2026-05-16T22:13:57+00:00,1778969637.398,99.86,85.286,125.789,67.80,120.060,155.643,77.14,34.34,34.82,35.20
2026-05-16T22:14:02+00:00,1778969642.400,99.86,85.295,125.789,67.81,120.066,155.643,77.14,34.15,34.77,35.18
2026-05-16T22:14:07+00:00,1778969647.401,99.88,85.301,125.789,67.81,120.073,155.643,77.15,33.98,34.73,35.16
2026-05-16T22:14:12+00:00,1778969652.402,99.89,85.307,125.789,67.82,120.081,155.643,77.15,34.86,34.90,35.22
2026-05-16T22:14:17+00:00,1778969657.404,99.87,85.313,125.789,67.82,120.089,155.643,77.16,34.87,34.90,35.22
2026-05-16T22:14:22+00:00,1778969662.405,99.87,85.426,125.789,67.91,120.097,155.643,77.16,35.76,35.08,35.27
2026-05-16T22:14:27+00:00,1778969667.406,99.86,85.420,125.789,67.91,120.110,155.643,77.17,36.26,35.20,35.31
2026-05-16T22:14:32+00:00,1778969672.408,99.86,85.429,125.789,67.91,120.127,155.643,77.18,36.00,35.16,35.30
2026-05-16T22:14:37+00:00,1778969677.409,99.87,85.419,125.789,67.91,120.146,155.643,77.19,35.92,35.16,35.30
2026-05-16T22:14:42+00:00,1778969682.410,99.86,85.414,125.789,67.90,120.158,155.643,77.20,35.85,35.16,35.29
2026-05-16T22:14:47+00:00,1778969687.412,99.88,85.401,125.789,67.89,120.169,155.643,77.21,35.54,35.10,35.28
2026-05-16T22:14:52+00:00,1778969692.413,99.87,85.403,125.789,67.89,120.179,155.643,77.21,35.58,35.12,35.28
2026-05-16T22:14:57+00:00,1778969697.414,99.86,85.388,125.789,67.88,120.188,155.643,77.22,35.29,35.07,35.26
2026-05-16T22:15:02+00:00,1778969702.416,99.86,85.395,125.789,67.89,120.197,155.643,77.23,35.02,35.02,35.24
2026-05-16T22:15:07+00:00,1778969707.417,99.87,85.407,125.789,67.90,120.204,155.643,77.23,35.42,35.10,35.27
2026-05-16T22:15:12+00:00,1778969712.418,99.86,85.412,125.789,67.90,120.211,155.643,77.24,35.63,35.15,35.29
2026-05-16T22:15:17+00:00,1778969717.420,99.86,85.415,125.789,67.90,120.218,155.643,77.24,35.42,35.11,35.27
2026-05-16T22:15:22+00:00,1778969722.421,99.86,85.421,125.789,67.91,120.225,155.643,77.24,36.19,35.28,35.33
2026-05-16T22:15:27+00:00,1778969727.423,99.86,85.430,125.789,67.92,120.231,155.643,77.25,36.25,35.30,35.33
2026-05-16T22:15:32+00:00,1778969732.424,99.86,85.434,125.789,67.92,120.239,155.643,77.25,36.07,35.28,35.33
2026-05-16T22:15:37+00:00,1778969737.425,99.85,85.447,125.789,67.93,120.246,155.643,77.26,35.83,35.24,35.31
2026-05-16T22:15:42+00:00,1778969742.427,99.84,85.456,125.789,67.94,120.253,155.643,77.26,35.68,35.22,35.31
2026-05-16T22:15:47+00:00,1778969747.428,99.88,85.461,125.789,67.94,120.261,155.643,77.27,35.62,35.22,35.31
2026-05-16T22:15:52+00:00,1778969752.429,99.85,85.584,125.789,68.04,120.269,155.643,77.27,36.29,35.37,35.35
2026-05-16T22:15:57+00:00,1778969757.431,99.86,85.568,125.789,68.03,120.277,155.643,77.28,35.95,35.31,35.33
2026-05-16T22:16:02+00:00,1778969762.432,99.86,85.571,125.789,68.03,120.289,155.643,77.29,35.71,35.27,35.32
2026-05-16T22:16:07+00:00,1778969767.433,99.85,85.578,125.789,68.03,120.306,155.643,77.30,35.42,35.22,35.30
2026-05-16T22:16:12+00:00,1778969772.435,99.86,85.568,125.789,68.03,120.328,155.643,77.31,35.46,35.23,35.31
2026-05-16T22:16:17+00:00,1778969777.436,99.87,85.539,125.789,68.00,120.341,155.643,77.32,34.79,35.09,35.26
2026-05-16T22:16:22+00:00,1778969782.438,99.86,85.532,125.789,68.00,120.351,155.643,77.32,35.44,35.22,35.30
2026-05-16T22:16:27+00:00,1778969787.439,99.87,85.530,125.789,68.00,120.360,155.643,77.33,35.89,35.32,35.33
2026-05-16T22:16:32+00:00,1778969792.440,99.86,85.526,125.789,67.99,120.369,155.643,77.34,35.58,35.26,35.32
2026-05-16T22:16:37+00:00,1778969797.442,99.87,85.531,125.789,68.00,120.378,155.643,77.34,35.37,35.23,35.30
2026-05-16T22:16:42+00:00,1778969802.443,99.86,85.545,125.789,68.01,120.386,155.643,77.35,35.66,35.29,35.32
2026-05-16T22:16:47+00:00,1778969807.444,99.86,85.556,125.789,68.02,120.393,155.643,77.35,35.37,35.24,35.31
2026-05-16T22:16:52+00:00,1778969812.446,99.85,85.568,125.789,68.03,120.401,155.643,77.36,35.10,35.18,35.29
2026-05-16T22:16:57+00:00,1778969817.447,99.85,85.574,125.789,68.03,120.409,155.643,77.36,36.13,35.39,35.36
2026-05-16T22:17:02+00:00,1778969822.448,99.87,85.582,125.789,68.04,120.416,155.643,77.37,35.80,35.34,35.34
2026-05-16T22:17:07+00:00,1778969827.450,99.87,85.585,125.789,68.04,120.423,155.643,77.37,35.58,35.30,35.33
2026-05-16T22:17:12+00:00,1778969832.451,99.86,85.595,125.789,68.05,120.429,155.643,77.38,36.09,35.41,35.36
2026-05-16T22:17:17+00:00,1778969837.453,99.86,85.598,125.789,68.05,120.435,155.643,77.38,35.92,35.39,35.35
2026-05-16T22:17:22+00:00,1778969842.454,99.86,85.608,125.789,68.06,120.443,155.643,77.38,35.85,35.38,35.35
2026-05-16T22:17:27+00:00,1778969847.455,99.87,85.711,125.789,68.14,120.451,155.643,77.39,35.70,35.36,35.35
2026-05-16T22:17:32+00:00,1778969852.456,99.85,85.699,125.789,68.13,120.459,155.643,77.39,35.72,35.37,35.35
2026-05-16T22:17:37+00:00,1778969857.458,99.87,85.698,125.789,68.13,120.472,155.643,77.40,35.35,35.29,35.33
2026-05-16T22:17:42+00:00,1778969862.459,99.87,85.703,125.789,68.13,120.488,155.643,77.41,35.48,35.32,35.33
2026-05-16T22:17:47+00:00,1778969867.460,99.86,85.703,125.789,68.13,120.505,155.643,77.42,35.44,35.32,35.33
2026-05-16T22:17:52+00:00,1778969872.462,99.86,85.687,125.789,68.12,120.517,155.643,77.43,35.65,35.36,35.35
2026-05-16T22:17:57+00:00,1778969877.463,99.85,85.687,125.789,68.12,120.527,155.643,77.44,35.35,35.31,35.33
2026-05-16T22:18:02+00:00,1778969882.465,99.87,85.682,125.789,68.12,120.536,155.643,77.44,35.49,35.33,35.34
2026-05-16T22:18:07+00:00,1778969887.466,99.88,85.675,125.789,68.11,120.546,155.643,77.45,35.29,35.30,35.33
2026-05-16T22:18:12+00:00,1778969892.468,99.86,85.681,125.789,68.11,120.554,155.643,77.46,36.14,35.47,35.38
2026-05-16T22:18:17+00:00,1778969897.469,99.87,85.689,125.789,68.12,120.561,155.643,77.46,35.89,35.43,35.37
2026-05-16T22:18:22+00:00,1778969902.470,99.86,85.695,125.789,68.13,120.569,155.643,77.47,35.58,35.37,35.35
2026-05-16T22:18:27+00:00,1778969907.472,99.86,85.703,125.789,68.13,120.576,155.643,77.47,35.37,35.33,35.34
2026-05-16T22:18:32+00:00,1778969912.473,99.85,85.708,125.789,68.14,120.583,155.643,77.47,35.18,35.30,35.33
2026-05-16T22:18:37+00:00,1778969917.475,99.84,85.721,125.789,68.15,120.589,155.643,77.48,35.01,35.26,35.31
2026-05-16T22:18:42+00:00,1778969922.477,99.85,85.726,125.789,68.15,120.596,155.643,77.48,34.77,35.20,35.30
2026-05-16T22:18:47+00:00,1778969927.479,99.86,85.735,125.789,68.16,120.604,155.643,77.49,35.19,35.28,35.32
2026-05-16T22:18:52+00:00,1778969932.480,99.86,85.745,125.789,68.17,120.609,155.643,77.49,35.01,35.25,35.31
2026-05-16T22:18:57+00:00,1778969937.482,99.86,85.754,125.789,68.17,120.617,155.643,77.50,34.77,35.19,35.29
2026-05-16T22:19:02+00:00,1778969942.484,99.86,85.759,125.789,68.18,120.625,155.643,77.50,35.43,35.32,35.33
2026-05-16T22:19:07+00:00,1778969947.486,99.86,85.865,125.789,68.26,120.632,155.643,77.51,36.44,35.53,35.40
2026-05-16T22:19:12+00:00,1778969952.488,99.86,85.866,125.789,68.26,120.642,155.643,77.51,36.08,35.47,35.38
2026-05-16T22:19:17+00:00,1778969957.489,99.81,85.893,125.789,68.28,120.655,155.643,77.52,35.75,35.41,35.36
2026-05-16T22:19:22+00:00,1778969962.491,99.86,85.889,125.789,68.28,120.673,155.643,77.53,35.53,35.37,35.35
2026-05-16T22:19:27+00:00,1778969967.493,99.84,85.877,125.789,68.27,120.691,155.643,77.54,35.33,35.33,35.34
2026-05-16T22:19:32+00:00,1778969972.495,99.86,85.845,125.789,68.25,120.703,155.643,77.55,35.22,35.31,35.33
2026-05-16T22:19:37+00:00,1778969977.496,99.86,85.840,125.789,68.24,120.713,155.643,77.56,34.96,35.26,35.31
2026-05-16T22:19:42+00:00,1778969982.499,99.86,85.842,125.789,68.24,120.723,155.643,77.56,34.73,35.20,35.29
2026-05-16T22:19:47+00:00,1778969987.500,99.86,85.840,125.789,68.24,120.733,155.643,77.57,35.07,35.27,35.31
2026-05-16T22:19:52+00:00,1778969992.502,99.86,85.854,125.789,68.25,120.742,155.643,77.58,34.90,35.23,35.30
2026-05-16T22:19:57+00:00,1778969997.503,99.85,85.860,125.789,68.26,120.749,155.643,77.58,34.75,35.19,35.29
2026-05-16T22:20:02+00:00,1778970002.505,99.86,85.865,125.789,68.26,120.755,155.643,77.58,34.61,35.15,35.28
2026-05-16T22:20:07+00:00,1778970007.506,99.87,85.873,125.789,68.27,120.763,155.643,77.59,34.48,35.12,35.26
2026-05-16T22:20:12+00:00,1778970012.508,99.86,85.882,125.789,68.27,120.772,155.643,77.60,35.08,35.23,35.30
2026-05-16T22:20:17+00:00,1778970017.509,99.87,85.890,125.789,68.28,120.778,155.643,77.60,34.84,35.18,35.28
2026-05-16T22:20:22+00:00,1778970022.510,99.88,85.899,125.789,68.29,120.786,155.643,77.60,34.61,35.13,35.26
2026-05-16T22:20:27+00:00,1778970027.512,99.86,85.909,125.789,68.30,120.792,155.643,77.61,34.80,35.16,35.27
2026-05-16T22:20:32+00:00,1778970032.513,99.87,85.916,125.789,68.30,120.797,155.643,77.61,34.66,35.12,35.26
2026-05-16T22:20:37+00:00,1778970037.514,99.86,85.927,125.789,68.31,120.804,155.643,77.62,34.44,35.07,35.24
2026-05-16T22:20:42+00:00,1778970042.515,99.85,85.942,125.789,68.32,120.811,155.643,77.62,34.65,35.10,35.25
2026-05-16T22:20:47+00:00,1778970047.517,99.84,86.052,125.789,68.41,120.819,155.643,77.63,34.84,35.13,35.26
2026-05-16T22:20:52+00:00,1778970052.519,99.83,86.045,125.789,68.40,120.828,155.643,77.63,35.41,35.25,35.30
2026-05-16T22:20:57+00:00,1778970057.520,99.89,86.052,125.789,68.41,120.839,155.643,77.64,35.22,35.21,35.29
2026-05-16T22:21:02+00:00,1778970062.522,99.87,86.055,125.789,68.41,120.854,155.643,77.65,35.04,35.17,35.27
2026-05-16T22:21:07+00:00,1778970067.523,99.88,86.057,125.789,68.41,120.871,155.643,77.66,34.88,35.14,35.26
2026-05-16T22:21:12+00:00,1778970072.525,99.87,86.028,125.789,68.39,120.883,155.643,77.67,34.97,35.15,35.27
2026-05-16T22:21:17+00:00,1778970077.526,99.87,86.033,125.789,68.39,120.892,155.643,77.67,35.13,35.18,35.28
2026-05-16T22:21:22+00:00,1778970082.527,99.86,86.038,125.789,68.40,120.901,155.643,77.68,34.96,35.14,35.26
2026-05-16T22:21:27+00:00,1778970087.529,99.87,86.023,125.789,68.39,120.910,155.643,77.68,34.96,35.14,35.26
2026-05-16T22:21:32+00:00,1778970092.530,99.86,86.027,125.789,68.39,120.918,155.643,77.69,34.72,35.09,35.24
2026-05-16T22:21:37+00:00,1778970097.532,99.87,86.033,125.789,68.39,120.927,155.643,77.70,35.39,35.22,35.29
2026-05-16T22:21:42+00:00,1778970102.533,99.84,86.042,125.789,68.40,120.933,155.643,77.70,35.12,35.17,35.27
2026-05-16T22:21:47+00:00,1778970107.534,99.87,86.053,125.789,68.41,120.940,155.643,77.70,34.95,35.13,35.26
2026-05-16T22:21:52+00:00,1778970112.536,99.87,86.062,125.789,68.42,120.946,155.643,77.71,34.87,35.11,35.25
2026-05-16T22:21:57+00:00,1778970117.537,99.81,86.083,125.789,68.43,120.952,155.643,77.71,35.52,35.24,35.29
2026-05-16T22:22:02+00:00,1778970122.539,99.87,86.083,125.789,68.43,120.958,155.643,77.72,36.12,35.37,35.33
2026-05-16T22:22:07+00:00,1778970127.540,99.84,86.085,125.789,68.44,120.965,155.643,77.72,35.95,35.35,35.33
2026-05-16T22:22:12+00:00,1778970132.541,99.85,86.097,125.789,68.45,120.972,155.643,77.72,35.71,35.31,35.31
2026-05-16T22:22:17+00:00,1778970137.543,99.86,86.101,125.789,68.45,120.978,155.643,77.73,35.74,35.32,35.32
2026-05-16T22:22:22+00:00,1778970142.544,99.86,86.106,125.789,68.45,120.986,155.643,77.73,35.84,35.35,35.33
2026-05-16T22:22:27+00:00,1778970147.545,99.86,86.117,125.789,68.46,120.993,155.643,77.74,35.69,35.33,35.32
2026-05-16T22:22:32+00:00,1778970152.547,99.81,86.219,125.789,68.54,121.001,155.643,77.74,36.60,35.52,35.38
2026-05-16T22:22:37+00:00,1778970157.548,99.84,86.219,125.789,68.54,121.013,155.643,77.75,36.23,35.46,35.36
2026-05-16T22:22:42+00:00,1778970162.549,99.83,86.201,125.789,68.53,121.027,155.643,77.76,35.97,35.42,35.35
2026-05-16T22:22:47+00:00,1778970167.551,99.87,86.200,125.789,68.53,121.044,155.643,77.77,35.97,35.43,35.35
2026-05-16T22:22:52+00:00,1778970172.552,99.86,86.193,125.789,68.52,121.062,155.643,77.78,35.73,35.39,35.34
2026-05-16T22:22:57+00:00,1778970177.553,99.86,86.177,125.789,68.51,121.071,155.643,77.79,35.43,35.33,35.32
2026-05-16T22:23:02+00:00,1778970182.555,99.87,86.182,125.789,68.51,121.080,155.643,77.79,35.24,35.30,35.31
2026-05-16T22:23:07+00:00,1778970187.556,99.86,86.178,125.789,68.51,121.089,155.643,77.80,35.70,35.39,35.34
2026-05-16T22:23:12+00:00,1778970192.558,99.86,86.173,125.789,68.51,121.098,155.643,77.80,35.48,35.35,35.33
2026-05-16T22:23:17+00:00,1778970197.559,99.87,86.179,125.789,68.51,121.106,155.643,77.81,35.21,35.29,35.31
2026-05-16T22:23:22+00:00,1778970202.561,99.89,86.179,125.789,68.51,121.114,155.643,77.82,34.95,35.24,35.29
2026-05-16T22:23:27+00:00,1778970207.562,99.88,86.186,125.789,68.52,121.121,155.643,77.82,35.27,35.30,35.31
2026-05-16T22:23:32+00:00,1778970212.563,99.86,86.194,125.789,68.52,121.127,155.643,77.82,35.09,35.26,35.30
2026-05-16T22:23:37+00:00,1778970217.565,99.86,86.201,125.789,68.53,121.134,155.643,77.83,35.72,35.39,35.34
2026-05-16T22:23:42+00:00,1778970222.566,99.86,86.213,125.789,68.54,121.141,155.643,77.83,35.67,35.39,35.34
2026-05-16T22:23:47+00:00,1778970227.567,99.87,86.216,125.789,68.54,121.149,155.643,77.84,35.61,35.38,35.34
2026-05-16T22:23:52+00:00,1778970232.569,99.87,86.230,125.789,68.55,121.154,155.643,77.84,35.40,35.34,35.32
2026-05-16T22:23:57+00:00,1778970237.570,99.86,86.239,125.789,68.56,121.159,155.643,77.84,35.13,35.28,35.31
2026-05-16T22:24:02+00:00,1778970242.572,99.87,86.245,125.789,68.56,121.164,155.643,77.85,34.96,35.25,35.29
2026-05-16T22:24:07+00:00,1778970247.573,99.86,86.256,125.789,68.57,121.172,155.643,77.85,34.80,35.21,35.28
2026-05-16T22:24:12+00:00,1778970252.574,99.86,86.361,125.789,68.66,121.180,155.643,77.86,35.22,35.29,35.31
2026-05-16T22:24:17+00:00,1778970257.576,99.87,86.344,125.789,68.64,121.190,155.643,77.86,35.28,35.30,35.31
2026-05-16T22:24:22+00:00,1778970262.577,99.89,86.348,125.789,68.65,121.202,155.643,77.87,35.90,35.43,35.35
2026-05-16T22:24:27+00:00,1778970267.579,99.86,86.345,125.789,68.64,121.218,155.643,77.88,36.47,35.55,35.39
2026-05-16T22:24:32+00:00,1778970272.580,99.86,86.341,125.789,68.64,121.235,155.643,77.89,36.91,35.66,35.43
2026-05-16T22:24:37+00:00,1778970277.581,99.87,86.308,125.789,68.61,121.246,155.643,77.90,36.60,35.62,35.42
2026-05-16T22:24:42+00:00,1778970282.583,99.86,86.311,125.789,68.62,121.255,155.643,77.91,36.23,35.56,35.40
2026-05-16T22:24:47+00:00,1778970287.584,99.86,86.311,125.789,68.62,121.265,155.643,77.91,36.13,35.55,35.39
2026-05-16T22:24:52+00:00,1778970292.585,99.86,86.312,125.789,68.62,121.274,155.643,77.92,35.80,35.49,35.38
2026-05-16T22:24:57+00:00,1778970297.587,99.89,86.317,125.789,68.62,121.282,155.643,77.92,35.50,35.43,35.36
2026-05-16T22:25:02+00:00,1778970302.588,99.89,86.322,125.789,68.62,121.287,155.643,77.93,35.22,35.37,35.34
2026-05-16T22:25:07+00:00,1778970307.589,99.86,86.328,125.789,68.63,121.294,155.643,77.93,35.76,35.48,35.38
2026-05-16T22:25:12+00:00,1778970312.591,99.87,86.331,125.789,68.63,121.301,155.643,77.94,35.54,35.44,35.36
2026-05-16T22:25:17+00:00,1778970317.592,99.87,86.338,125.789,68.64,121.308,155.643,77.94,35.33,35.40,35.35
2026-05-16T22:25:22+00:00,1778970322.594,99.87,86.381,125.789,68.67,121.316,155.643,77.95,35.31,35.39,35.35
2026-05-16T22:25:27+00:00,1778970327.595,99.86,86.384,125.789,68.67,121.323,155.643,77.95,35.52,35.44,35.36
2026-05-16T22:25:32+00:00,1778970332.596,99.85,86.389,125.789,68.68,121.331,155.643,77.95,35.24,35.38,35.34
2026-05-16T22:25:37+00:00,1778970337.598,99.86,86.392,125.789,68.68,121.337,155.643,77.96,34.98,35.32,35.33
2026-05-16T22:25:42+00:00,1778970342.599,99.86,86.398,125.789,68.68,121.345,155.643,77.96,34.82,35.29,35.31
2026-05-16T22:25:47+00:00,1778970347.600,99.86,86.402,125.789,68.69,121.352,155.643,77.97,34.60,35.23,35.30
2026-05-16T22:25:52+00:00,1778970352.602,99.86,86.515,125.789,68.78,121.361,155.643,77.97,34.39,35.18,35.28
2026-05-16T22:25:57+00:00,1778970357.603,99.83,86.507,125.789,68.77,121.373,155.643,77.98,34.92,35.27,35.31
2026-05-16T22:26:02+00:00,1778970362.604,99.84,86.513,125.789,68.78,121.387,155.643,77.99,34.84,35.25,35.30
2026-05-16T22:26:07+00:00,1778970367.606,99.84,86.510,125.789,68.77,121.406,155.643,78.00,35.26,35.33,35.33
2026-05-16T22:26:12+00:00,1778970372.607,99.85,86.492,125.789,68.76,121.423,155.643,78.01,35.00,35.28,35.31
2026-05-16T22:26:17+00:00,1778970377.608,99.86,86.478,125.789,68.75,121.434,155.643,78.02,34.84,35.24,35.30
2026-05-16T22:26:22+00:00,1778970382.610,99.85,86.478,125.789,68.75,121.445,155.643,78.03,34.61,35.18,35.28
2026-05-16T22:26:27+00:00,1778970387.611,99.87,86.464,125.789,68.74,121.455,155.643,78.03,34.40,35.13,35.26
2026-05-16T22:26:32+00:00,1778970392.612,99.84,86.465,125.789,68.74,121.464,155.643,78.04,34.29,35.09,35.25
2026-05-16T22:26:37+00:00,1778970397.614,99.81,86.471,125.789,68.74,121.473,155.643,78.05,34.58,35.14,35.26
2026-05-16T22:26:42+00:00,1778970402.615,99.87,86.477,125.789,68.75,121.479,155.643,78.05,34.78,35.17,35.27
2026-05-16T22:26:47+00:00,1778970407.617,99.86,86.479,125.789,68.75,121.486,155.643,78.05,34.64,35.14,35.26
2026-05-16T22:26:52+00:00,1778970412.618,99.86,86.487,125.789,68.76,121.494,155.643,78.06,34.42,35.09,35.24
2026-05-16T22:26:57+00:00,1778970417.619,99.86,86.490,125.789,68.76,121.502,155.643,78.06,34.31,35.05,35.23
2026-05-16T22:27:02+00:00,1778970422.621,99.88,86.497,125.789,68.76,121.509,155.643,78.07,34.29,35.03,35.22
2026-05-16T22:27:07+00:00,1778970427.622,99.86,86.507,125.789,68.77,121.516,155.643,78.07,35.14,35.20,35.28
2026-05-16T22:27:12+00:00,1778970432.623,99.85,86.513,125.789,68.78,121.522,155.643,78.08,35.13,35.20,35.27
2026-05-16T22:27:17+00:00,1778970437.625,99.84,86.518,125.789,68.78,121.527,155.643,78.08,35.44,35.26,35.29
2026-05-16T22:27:22+00:00,1778970442.626,99.87,86.523,125.789,68.78,121.535,155.643,78.09,35.25,35.22,35.28
2026-05-16T22:27:27+00:00,1778970447.627,99.85,86.644,125.789,68.88,121.543,155.643,78.09,35.23,35.22,35.28
2026-05-16T22:27:32+00:00,1778970452.629,99.84,86.626,125.789,68.87,121.552,155.643,78.10,35.13,35.20,35.27
2026-05-16T22:27:37+00:00,1778970457.630,99.86,86.635,125.789,68.87,121.566,155.643,78.11,35.84,35.34,35.32
2026-05-16T22:27:42+00:00,1778970462.631,99.86,86.632,125.789,68.87,121.585,155.643,78.12,35.53,35.29,35.30
2026-05-16T22:27:47+00:00,1778970467.633,99.87,86.620,125.789,68.86,121.601,155.643,78.13,35.33,35.25,35.29
2026-05-16T22:27:52+00:00,1778970472.634,99.86,86.610,125.789,68.85,121.612,155.643,78.14,35.06,35.20,35.27
2026-05-16T22:27:57+00:00,1778970477.636,99.79,86.605,125.789,68.85,121.622,155.643,78.14,35.38,35.26,35.29
2026-05-16T22:28:02+00:00,1778970482.637,99.87,86.588,125.789,68.84,121.630,155.643,78.15,35.35,35.25,35.29
2026-05-16T22:28:07+00:00,1778970487.638,99.86,86.589,125.789,68.84,121.640,155.643,78.15,35.32,35.25,35.29
2026-05-16T22:28:12+00:00,1778970492.640,99.87,86.597,125.789,68.84,121.648,155.643,78.16,35.05,35.20,35.27
2026-05-16T22:28:17+00:00,1778970497.641,99.86,86.606,125.789,68.85,121.655,155.643,78.16,35.13,35.21,35.27
2026-05-16T22:28:22+00:00,1778970502.643,99.87,86.620,125.789,68.86,121.662,155.643,78.17,34.88,35.16,35.26
2026-05-16T22:28:27+00:00,1778970507.644,99.87,86.622,125.789,68.86,121.669,155.643,78.17,34.65,35.10,35.24
2026-05-16T22:28:32+00:00,1778970512.645,99.85,86.626,125.789,68.87,121.676,155.643,78.18,34.43,35.05,35.22
2026-05-16T22:28:37+00:00,1778970517.647,99.86,86.636,125.789,68.87,121.683,155.643,78.18,34.24,35.00,35.20
2026-05-16T22:28:42+00:00,1778970522.648,99.86,86.641,125.789,68.88,121.690,155.643,78.19,34.06,34.95,35.19
2026-05-16T22:28:47+00:00,1778970527.649,99.86,86.649,125.789,68.88,121.698,155.643,78.19,34.78,35.08,35.23
2026-05-16T22:28:52+00:00,1778970532.651,99.86,86.662,125.789,68.90,121.704,155.643,78.19,35.03,35.13,35.24
2026-05-16T22:28:57+00:00,1778970537.652,99.86,86.673,125.789,68.90,121.711,155.643,78.20,35.67,35.26,35.28
2026-05-16T22:29:02+00:00,1778970542.653,99.87,86.794,125.789,69.00,121.719,155.643,78.20,35.46,35.23,35.27
2026-05-16T22:29:07+00:00,1778970547.655,99.87,86.776,125.789,68.99,121.727,155.643,78.21,36.14,35.37,35.32
2026-05-16T22:29:12+00:00,1778970552.656,99.83,86.824,125.789,69.02,121.739,155.643,78.22,35.89,35.33,35.31
2026-05-16T22:29:17+00:00,1778970557.657,99.84,86.809,125.789,69.01,121.755,155.643,78.23,35.66,35.29,35.29
2026-05-16T22:29:22+00:00,1778970562.658,99.86,86.804,125.789,69.01,121.777,155.643,78.24,36.09,35.39,35.32
2026-05-16T22:29:27+00:00,1778970567.660,99.86,86.795,125.789,69.00,121.790,155.643,78.25,35.84,35.35,35.31
2026-05-16T22:29:32+00:00,1778970572.661,99.87,86.771,125.789,68.98,121.799,155.643,78.26,35.61,35.31,35.30
2026-05-16T22:29:37+00:00,1778970577.662,99.86,86.766,125.789,68.98,121.809,155.643,78.26,35.80,35.35,35.31
2026-05-16T22:29:42+00:00,1778970582.664,99.87,86.765,125.789,68.98,121.817,155.643,78.27,35.58,35.31,35.30
2026-05-16T22:29:47+00:00,1778970587.665,99.86,86.762,125.789,68.97,121.826,155.643,78.27,36.01,35.41,35.33
2026-05-16T22:29:52+00:00,1778970592.666,99.86,86.775,125.789,68.99,121.835,155.643,78.28,35.77,35.37,35.32
2026-05-16T22:29:57+00:00,1778970597.668,99.86,86.781,125.789,68.99,121.842,155.643,78.28,35.63,35.35,35.31
2026-05-16T22:30:02+00:00,1778970602.669,99.87,86.782,125.789,68.99,121.849,155.643,78.29,35.34,35.29,35.29
2026-05-16T22:30:07+00:00,1778970607.670,99.87,86.784,125.789,68.99,121.858,155.643,78.29,36.19,35.47,35.35
2026-05-16T22:30:12+00:00,1778970612.672,99.85,86.791,125.789,69.00,121.865,155.643,78.30,36.74,35.59,35.39
2026-05-16T22:30:17+00:00,1778970617.673,99.87,86.795,125.789,69.00,121.873,155.643,78.30,36.84,35.63,35.41
2026-05-16T22:30:22+00:00,1778970622.674,99.85,86.805,125.789,69.01,121.879,155.643,78.31,36.45,35.57,35.39
2026-05-16T22:30:27+00:00,1778970627.676,99.87,86.809,125.789,69.01,121.885,155.643,78.31,36.25,35.55,35.38
2026-05-16T22:30:32+00:00,1778970632.677,99.85,86.817,125.789,69.02,121.893,155.643,78.32,35.91,35.49,35.36
2026-05-16T22:30:37+00:00,1778970637.678,99.85,86.825,125.789,69.02,121.901,155.643,78.32,35.60,35.43,35.34
2026-05-16T22:30:42+00:00,1778970642.680,99.86,86.918,125.789,69.10,121.909,155.643,78.33,36.35,35.59,35.40
2026-05-16T22:30:47+00:00,1778970647.681,99.87,86.910,125.789,69.09,121.922,155.643,78.33,36.00,35.53,35.38
2026-05-16T22:30:52+00:00,1778970652.683,99.87,86.908,125.789,69.09,121.938,155.643,78.34,35.84,35.50,35.37
2026-05-16T22:30:57+00:00,1778970657.684,99.86,86.905,125.789,69.09,121.954,155.643,78.35,35.54,35.45,35.35
2026-05-16T22:31:02+00:00,1778970662.685,99.88,86.890,125.789,69.08,121.966,155.643,78.36,35.33,35.40,35.34
2026-05-16T22:31:07+00:00,1778970667.687,99.86,86.881,125.789,69.07,121.977,155.643,78.37,36.11,35.56,35.39
2026-05-16T22:31:12+00:00,1778970672.688,99.85,86.882,125.789,69.07,121.986,155.643,78.38,35.86,35.52,35.38
2026-05-16T22:31:17+00:00,1778970677.689,99.84,86.888,125.789,69.07,121.995,155.643,78.38,36.03,35.56,35.39
2026-05-16T22:31:22+00:00,1778970682.691,99.87,86.895,125.789,69.08,122.004,155.643,78.39,35.79,35.52,35.38
2026-05-16T22:31:27+00:00,1778970687.692,99.86,86.904,125.789,69.09,122.010,155.643,78.39,35.56,35.48,35.37
2026-05-16T22:31:32+00:00,1778970692.694,99.86,86.908,125.789,69.09,122.017,155.643,78.40,35.28,35.42,35.35
2026-05-16T22:31:37+00:00,1778970697.695,99.86,86.919,125.789,69.10,122.026,155.643,78.40,35.02,35.36,35.33
2026-05-16T22:31:42+00:00,1778970702.696,99.86,86.931,125.789,69.11,122.034,155.643,78.41,34.69,35.29,35.31
2026-05-16T22:31:47+00:00,1778970707.698,99.86,86.938,125.789,69.11,122.042,155.643,78.41,34.56,35.25,35.29
2026-05-16T22:31:52+00:00,1778970712.699,99.84,86.950,125.789,69.12,122.050,155.643,78.42,34.43,35.21,35.28
2026-05-16T22:31:57+00:00,1778970717.700,99.86,86.953,125.789,69.13,122.057,155.643,78.42,34.56,35.23,35.28
2026-05-16T22:32:02+00:00,1778970722.702,99.86,86.957,125.789,69.13,122.064,155.643,78.43,35.47,35.41,35.34
2026-05-16T22:32:07+00:00,1778970727.703,99.86,86.966,125.789,69.14,122.071,155.643,78.43,35.28,35.37,35.33
2026-05-16T22:32:12+00:00,1778970732.704,99.87,87.091,125.789,69.24,122.079,155.643,78.44,35.01,35.31,35.31
2026-05-16T22:32:17+00:00,1778970737.706,99.86,87.074,125.789,69.22,122.089,155.643,78.44,35.09,35.32,35.31
2026-05-16T22:32:22+00:00,1778970742.707,99.82,87.094,125.789,69.24,122.102,155.643,78.45,34.60,35.22,35.28
2026-05-16T22:32:27+00:00,1778970747.708,99.85,87.095,125.789,69.24,122.119,155.643,78.46,34.80,35.25,35.29
2026-05-16T22:32:32+00:00,1778970752.710,99.87,87.091,125.789,69.24,122.139,155.643,78.47,34.65,35.21,35.28
2026-05-16T22:32:37+00:00,1778970757.711,99.87,87.058,125.789,69.21,122.152,155.643,78.48,35.24,35.32,35.31
2026-05-16T22:32:42+00:00,1778970762.712,99.87,87.056,125.789,69.21,122.163,155.643,78.49,35.06,35.28,35.30
2026-05-16T22:32:47+00:00,1778970767.714,99.86,87.051,125.789,69.20,122.174,155.643,78.50,34.82,35.23,35.28
2026-05-16T22:32:52+00:00,1778970772.715,99.86,87.050,125.789,69.20,122.184,155.643,78.50,34.91,35.24,35.29
2026-05-16T22:32:57+00:00,1778970777.717,99.86,87.059,125.789,69.21,122.193,155.643,78.51,34.76,35.20,35.27
2026-05-16T22:33:02+00:00,1778970782.718,99.87,87.058,125.789,69.21,122.200,155.643,78.51,34.78,35.20,35.27
2026-05-16T22:33:07+00:00,1778970787.719,99.87,87.072,125.789,69.22,122.206,155.643,78.52,34.63,35.16,35.26
2026-05-16T22:33:12+00:00,1778970792.721,99.86,87.086,125.789,69.23,122.214,155.643,78.52,34.58,35.14,35.25
2026-05-16T22:33:17+00:00,1778970797.722,99.86,87.091,125.789,69.24,122.222,155.643,78.53,34.38,35.09,35.24
2026-05-16T22:33:22+00:00,1778970802.723,99.87,87.101,125.789,69.24,122.231,155.643,78.53,34.75,35.16,35.26
2026-05-16T22:33:27+00:00,1778970807.725,99.86,87.112,125.789,69.25,122.237,155.643,78.54,34.61,35.12,35.24
2026-05-16T22:33:32+00:00,1778970812.726,99.87,87.115,125.789,69.26,122.243,155.643,78.54,34.64,35.12,35.24
2026-05-16T22:33:37+00:00,1778970817.727,99.86,87.123,125.789,69.26,122.249,155.643,78.54,35.07,35.20,35.27
2026-05-16T22:33:42+00:00,1778970822.729,99.87,87.132,125.789,69.27,122.257,155.643,78.55,35.30,35.25,35.28
2026-05-16T22:33:47+00:00,1778970827.730,99.84,87.242,125.789,69.36,122.265,155.643,78.55,35.60,35.31,35.30
2026-05-16T22:33:52+00:00,1778970832.731,99.79,87.233,125.789,69.35,122.273,155.643,78.56,35.39,35.27,35.29
2026-05-16T22:33:57+00:00,1778970837.733,99.87,87.235,125.789,69.35,122.287,155.643,78.57,35.60,35.32,35.31
2026-05-16T22:34:02+00:00,1778970842.734,99.86,87.238,125.789,69.35,122.305,155.643,78.58,35.63,35.33,35.31
2026-05-16T22:34:07+00:00,1778970847.736,99.87,87.230,125.789,69.35,122.323,155.643,78.59,35.42,35.29,35.30
2026-05-16T22:34:12+00:00,1778970852.737,99.86,87.222,125.789,69.34,122.335,155.643,78.60,35.15,35.23,35.28
2026-05-16T22:34:17+00:00,1778970857.738,99.86,87.230,125.789,69.35,122.345,155.643,78.61,35.05,35.21,35.27
2026-05-16T22:34:22+00:00,1778970862.740,99.86,87.223,125.789,69.34,122.355,155.643,78.61,34.81,35.16,35.25
2026-05-16T22:34:27+00:00,1778970867.741,99.86,87.220,125.789,69.34,122.365,155.643,78.62,34.58,35.11,35.24
2026-05-16T22:34:32+00:00,1778970872.742,99.86,87.228,125.789,69.34,122.374,155.643,78.63,34.54,35.09,35.23
2026-05-16T22:34:37+00:00,1778970877.744,99.88,87.233,125.789,69.35,122.382,155.643,78.63,34.49,35.07,35.22
2026-05-16T22:34:42+00:00,1778970882.745,99.86,87.243,125.789,69.36,122.390,155.643,78.64,34.62,35.09,35.23
2026-05-16T22:34:47+00:00,1778970887.747,99.86,87.251,125.789,69.36,122.397,155.643,78.64,34.81,35.12,35.24
2026-05-16T22:34:52+00:00,1778970892.748,99.87,87.258,125.789,69.37,122.404,155.643,78.64,35.06,35.17,35.25
2026-05-16T22:34:57+00:00,1778970897.749,99.87,87.260,125.789,69.37,122.410,155.643,78.65,35.62,35.28,35.29
2026-05-16T22:35:02+00:00,1778970902.751,99.88,87.267,125.789,69.38,122.418,155.643,78.65,35.73,35.31,35.30
2026-05-16T22:35:07+00:00,1778970907.752,99.87,87.276,125.789,69.38,122.424,155.643,78.66,35.51,35.27,35.28
2026-05-16T22:35:12+00:00,1778970912.754,99.86,87.284,125.789,69.39,122.430,155.643,78.66,36.43,35.46,35.35
2026-05-16T22:35:17+00:00,1778970917.755,99.86,87.290,125.789,69.39,122.438,155.643,78.67,36.00,35.39,35.32
2026-05-16T22:35:22+00:00,1778970922.757,99.87,87.391,125.789,69.47,122.445,155.643,78.67,35.68,35.33,35.31
2026-05-16T22:35:27+00:00,1778970927.758,99.87,87.386,125.789,69.47,122.454,155.643,78.68,35.30,35.26,35.28
2026-05-16T22:35:32+00:00,1778970932.760,99.82,87.401,125.789,69.48,122.465,155.643,78.68,35.28,35.26,35.28
2026-05-16T22:35:37+00:00,1778970937.761,99.87,87.410,125.789,69.49,122.479,155.643,78.69,35.01,35.20,35.26
2026-05-16T22:35:42+00:00,1778970942.762,99.89,87.405,125.789,69.49,122.494,155.643,78.70,34.85,35.17,35.25
2026-05-16T22:35:47+00:00,1778970947.764,99.90,87.399,125.789,69.48,122.508,155.643,78.71,34.62,35.11,35.23
2026-05-16T22:35:52+00:00,1778970952.765,99.89,87.387,125.789,69.47,122.517,155.643,78.72,35.05,35.19,35.26
2026-05-16T22:35:57+00:00,1778970957.767,99.86,87.383,125.789,69.47,122.527,155.643,78.72,35.13,35.21,35.26
2026-05-16T22:36:02+00:00,1778970962.768,99.87,87.379,125.789,69.46,122.535,155.643,78.73,35.12,35.20,35.26
2026-05-16T22:36:07+00:00,1778970967.770,99.87,87.374,125.789,69.46,122.544,155.643,78.73,34.95,35.17,35.25
2026-05-16T22:36:12+00:00,1778970972.771,99.86,87.379,125.789,69.46,122.552,155.643,78.74,34.87,35.15,35.24
2026-05-16T22:36:17+00:00,1778970977.773,99.86,87.390,125.789,69.47,122.560,155.643,78.74,35.36,35.25,35.27
2026-05-16T22:36:22+00:00,1778970982.774,99.86,87.398,125.789,69.48,122.567,155.643,78.75,35.58,35.29,35.29
2026-05-16T22:36:27+00:00,1778970987.776,99.87,87.406,125.789,69.49,122.575,155.643,78.75,35.45,35.27,35.28
2026-05-16T22:36:32+00:00,1778970992.777,99.86,87.411,125.789,69.49,122.584,155.643,78.76,36.21,35.43,35.33
2026-05-16T22:36:37+00:00,1778970997.779,99.87,87.420,125.789,69.50,122.591,155.643,78.76,36.04,35.41,35.33
2026-05-16T22:36:42+00:00,1778971002.780,99.87,87.428,125.789,69.50,122.598,155.643,78.77,35.71,35.35,35.31
2026-05-16T22:36:47+00:00,1778971007.782,99.87,87.434,125.789,69.51,122.604,155.643,78.77,35.66,35.35,35.31
2026-05-16T22:36:52+00:00,1778971012.783,99.86,87.443,125.789,69.52,122.609,155.643,78.78,35.36,35.29,35.29
2026-05-16T22:36:57+00:00,1778971017.785,99.86,87.454,125.789,69.52,122.616,155.643,78.78,35.09,35.23,35.27
2026-05-16T22:37:02+00:00,1778971022.786,99.88,87.457,125.789,69.53,122.624,155.643,78.79,34.85,35.18,35.25
2026-05-16T22:37:07+00:00,1778971027.788,99.87,87.536,125.789,69.59,122.632,155.643,78.79,35.34,35.28,35.28
2026-05-16T22:37:12+00:00,1778971032.789,99.87,87.545,125.789,69.60,122.642,155.643,78.80,35.07,35.22,35.27
2026-05-16T22:37:17+00:00,1778971037.790,99.87,87.556,125.789,69.61,122.655,155.643,78.81,34.82,35.17,35.25
2026-05-16T22:37:22+00:00,1778971042.792,99.86,87.567,125.789,69.61,122.672,155.643,78.82,34.76,35.15,35.24
2026-05-16T22:37:27+00:00,1778971047.793,99.87,87.569,125.789,69.62,122.687,155.643,78.83,34.54,35.10,35.22
2026-05-16T22:37:32+00:00,1778971052.795,99.86,87.568,125.789,69.61,122.697,155.643,78.83,35.05,35.20,35.25
2026-05-16T22:37:37+00:00,1778971057.796,99.87,87.573,125.789,69.62,122.706,155.643,78.84,34.81,35.14,35.24
2026-05-16T22:37:42+00:00,1778971062.798,99.88,87.582,125.789,69.63,122.714,155.643,78.84,34.58,35.09,35.22
2026-05-16T22:37:47+00:00,1778971067.799,99.86,87.583,125.789,69.63,122.722,155.643,78.85,34.54,35.07,35.21
2026-05-16T22:37:52+00:00,1778971072.800,99.86,87.594,125.789,69.64,122.730,155.643,78.85,34.33,35.02,35.20
2026-05-16T22:37:57+00:00,1778971077.802,99.86,87.600,125.789,69.64,122.737,155.643,78.86,34.31,35.00,35.19
2026-05-16T22:38:02+00:00,1778971082.803,99.89,87.603,125.789,69.64,122.744,155.643,78.86,34.12,34.95,35.17
2026-05-16T22:38:07+00:00,1778971087.805,99.86,87.614,125.789,69.65,122.751,155.643,78.87,33.95,34.90,35.15
2026-05-16T22:38:12+00:00,1778971092.806,99.86,87.628,125.789,69.66,122.758,155.643,78.87,33.88,34.87,35.14
2026-05-16T22:38:17+00:00,1778971097.808,99.87,87.639,125.789,69.67,122.767,155.643,78.88,33.97,34.87,35.14
2026-05-16T22:38:22+00:00,1778971102.809,99.89,87.645,125.789,69.68,122.774,155.643,78.88,33.89,34.84,35.13
2026-05-16T22:38:27+00:00,1778971107.811,99.87,87.657,125.789,69.69,122.781,155.643,78.89,34.06,34.86,35.13
2026-05-16T22:38:32+00:00,1778971112.812,99.86,87.666,125.789,69.69,122.786,155.643,78.89,34.05,34.85,35.13
2026-05-16T22:38:37+00:00,1778971117.813,99.87,87.674,125.789,69.70,122.793,155.643,78.89,33.97,34.82,35.12
2026-05-16T22:38:42+00:00,1778971122.815,99.89,87.771,125.789,69.78,122.801,155.643,78.90,33.81,34.77,35.10
2026-05-16T22:38:47+00:00,1778971127.817,99.86,87.766,125.789,69.77,122.810,155.643,78.91,33.99,34.79,35.10
2026-05-16T22:38:52+00:00,1778971132.818,99.84,87.737,125.789,69.75,122.822,155.643,78.91,33.83,34.74,35.09
2026-05-16T22:38:57+00:00,1778971137.819,99.85,87.742,125.789,69.75,122.838,155.643,78.92,34.56,34.88,35.13
2026-05-16T22:39:02+00:00,1778971142.821,99.88,87.742,125.789,69.75,122.854,155.643,78.93,34.60,34.88,35.13
2026-05-16T22:39:07+00:00,1778971147.822,99.84,87.725,125.789,69.74,122.869,155.643,78.94,34.39,34.84,35.11
2026-05-16T22:39:12+00:00,1778971152.823,99.87,87.713,125.789,69.73,122.879,155.643,78.95,34.36,34.82,35.11
2026-05-16T22:39:17+00:00,1778971157.825,99.86,87.721,125.789,69.74,122.889,155.643,78.96,34.41,34.82,35.10
2026-05-16T22:39:22+00:00,1778971162.826,99.86,87.714,125.789,69.73,122.899,155.643,78.96,34.94,34.93,35.14
2026-05-16T22:39:27+00:00,1778971167.827,99.87,87.717,125.789,69.73,122.908,155.643,78.97,34.94,34.93,35.14
2026-05-16T22:39:32+00:00,1778971172.829,99.82,87.714,125.789,69.73,122.916,155.643,78.97,34.71,34.88,35.12
2026-05-16T22:39:37+00:00,1778971177.830,99.86,87.721,125.789,69.74,122.922,155.643,78.98,34.49,34.83,35.10
2026-05-16T22:39:42+00:00,1778971182.832,99.86,87.724,125.789,69.74,122.928,155.643,78.98,34.93,34.92,35.13
2026-05-16T22:39:47+00:00,1778971187.833,99.87,87.733,125.789,69.75,122.935,155.643,78.99,34.70,34.87,35.11
2026-05-16T22:39:52+00:00,1778971192.835,99.87,87.738,125.789,69.75,122.942,155.643,78.99,34.48,34.82,35.09
2026-05-16T22:39:57+00:00,1778971197.836,99.88,87.748,125.789,69.76,122.949,155.643,78.99,34.36,34.79,35.08
2026-05-16T22:40:02+00:00,1778971202.837,99.87,87.752,125.789,69.76,122.955,155.643,79.00,34.33,34.78,35.08
2026-05-16T22:40:07+00:00,1778971207.839,99.87,87.761,125.789,69.77,122.960,155.643,79.00,34.55,34.81,35.09
2026-05-16T22:40:12+00:00,1778971212.840,99.87,87.768,125.789,69.77,122.966,155.643,79.01,34.90,34.88,35.11
2026-05-16T22:40:17+00:00,1778971217.841,99.87,87.779,125.789,69.78,122.972,155.643,79.01,34.83,34.87,35.10
2026-05-16T22:40:22+00:00,1778971222.843,99.88,87.898,125.789,69.88,122.979,155.643,79.01,34.60,34.82,35.08
2026-05-16T22:40:27+00:00,1778971227.844,99.82,87.891,125.789,69.87,122.987,155.643,79.02,34.39,34.77,35.07
2026-05-16T22:40:32+00:00,1778971232.845,99.87,87.889,125.789,69.87,123.000,155.643,79.03,34.44,34.78,35.07
2026-05-16T22:40:37+00:00,1778971237.847,99.86,87.888,125.789,69.87,123.016,155.643,79.04,34.25,34.73,35.05
2026-05-16T22:40:42+00:00,1778971242.848,99.87,87.883,125.789,69.87,123.035,155.643,79.05,34.15,34.70,35.04
2026-05-16T22:40:47+00:00,1778971247.850,99.87,87.856,125.789,69.84,123.047,155.643,79.06,34.06,34.68,35.03
2026-05-16T22:40:52+00:00,1778971252.851,99.87,87.855,125.789,69.84,123.057,155.643,79.06,34.13,34.68,35.03
2026-05-16T22:40:57+00:00,1778971257.853,99.88,87.860,125.789,69.85,123.066,155.643,79.07,34.60,34.77,35.05
2026-05-16T22:41:02+00:00,1778971262.854,99.87,87.849,125.789,69.84,123.076,155.643,79.08,34.47,34.74,35.04
2026-05-16T22:41:07+00:00,1778971267.856,99.85,87.861,125.789,69.85,123.085,155.643,79.08,35.24,34.89,35.09
2026-05-16T22:41:12+00:00,1778971272.857,99.86,87.871,125.789,69.86,123.093,155.643,79.09,35.70,35.00,35.12
2026-05-16T22:41:17+00:00,1778971277.858,99.87,87.872,125.789,69.86,123.100,155.643,79.09,35.64,35.00,35.12
2026-05-16T22:41:22+00:00,1778971282.860,99.87,87.879,125.789,69.86,123.108,155.643,79.10,35.91,35.06,35.14
2026-05-16T22:41:27+00:00,1778971287.861,99.86,87.889,125.789,69.87,123.115,155.643,79.10,35.60,35.01,35.13
2026-05-16T22:41:32+00:00,1778971292.863,99.87,87.900,125.789,69.88,123.122,155.643,79.11,35.63,35.03,35.13
2026-05-16T22:41:37+00:00,1778971297.864,99.87,87.907,125.789,69.89,123.129,155.643,79.11,35.50,35.01,35.12
2026-05-16T22:41:42+00:00,1778971302.866,99.87,87.912,125.789,69.89,123.137,155.643,79.12,35.22,34.96,35.11
2026-05-16T22:41:47+00:00,1778971307.867,99.88,87.925,125.789,69.90,123.143,155.643,79.12,34.96,34.91,35.09
2026-05-16T22:41:52+00:00,1778971312.869,99.87,87.940,125.789,69.91,123.149,155.643,79.12,34.88,34.90,35.08
2026-05-16T22:41:57+00:00,1778971317.870,99.87,87.945,125.789,69.91,123.156,155.643,79.13,34.65,34.85,35.07
2026-05-16T22:42:02+00:00,1778971322.871,99.86,88.048,125.789,70.00,123.164,155.643,79.13,34.68,34.85,35.07
2026-05-16T22:42:07+00:00,1778971327.873,99.84,88.048,125.789,70.00,123.173,155.643,79.14,34.87,34.89,35.08
2026-05-16T22:42:12+00:00,1778971332.874,99.84,88.065,125.789,70.01,123.186,155.643,79.15,35.60,35.04,35.13
2026-05-16T22:42:17+00:00,1778971337.876,99.85,88.064,125.789,70.01,123.204,155.643,79.16,35.31,34.99,35.11
2026-05-16T22:42:22+00:00,1778971342.877,99.86,88.057,125.789,70.00,123.222,155.643,79.17,35.04,34.94,35.09
2026-05-16T22:42:27+00:00,1778971347.878,99.86,88.038,125.789,69.99,123.234,155.643,79.18,34.88,34.91,35.08
2026-05-16T22:42:32+00:00,1778971352.880,99.86,88.030,125.789,69.98,123.244,155.643,79.18,34.81,34.89,35.08
2026-05-16T22:42:37+00:00,1778971357.881,99.87,88.023,125.789,69.98,123.253,155.643,79.19,34.83,34.89,35.07
2026-05-16T22:42:42+00:00,1778971362.883,99.85,88.024,125.789,69.98,123.262,155.643,79.20,34.60,34.84,35.06
2026-05-16T22:42:47+00:00,1778971367.884,99.86,88.032,125.789,69.98,123.272,155.643,79.20,35.43,35.01,35.11
2026-05-16T22:42:52+00:00,1778971372.885,99.86,88.035,125.789,69.99,123.279,155.643,79.21,36.28,35.20,35.17
2026-05-16T22:42:57+00:00,1778971377.887,99.86,88.042,125.789,69.99,123.285,155.643,79.21,36.10,35.18,35.16
2026-05-16T22:43:02+00:00,1778971382.888,99.86,88.048,125.789,70.00,123.291,155.643,79.21,35.85,35.14,35.15
2026-05-16T22:43:07+00:00,1778971387.890,99.86,88.055,125.789,70.00,123.298,155.643,79.22,36.50,35.29,35.20
2026-05-16T22:43:12+00:00,1778971392.891,99.85,88.063,125.789,70.01,123.305,155.643,79.22,36.54,35.32,35.21
2026-05-16T22:43:17+00:00,1778971397.893,99.86,88.067,125.789,70.01,123.312,155.643,79.23,36.66,35.36,35.22
2026-05-16T22:43:22+00:00,1778971402.894,99.88,88.074,125.789,70.02,123.318,155.643,79.23,36.36,35.32,35.21
2026-05-16T22:43:27+00:00,1778971407.895,99.86,88.083,125.789,70.03,123.324,155.643,79.24,36.18,35.30,35.21
2026-05-16T22:43:32+00:00,1778971412.897,99.86,88.097,125.789,70.04,123.331,155.643,79.24,35.92,35.26,35.19
2026-05-16T22:43:37+00:00,1778971417.898,99.86,88.103,125.789,70.04,123.338,155.643,79.24,35.93,35.27,35.20
2026-05-16T22:43:42+00:00,1778971422.899,99.84,88.208,125.789,70.12,123.345,155.643,79.25,36.01,35.30,35.21
2026-05-16T22:43:47+00:00,1778971427.901,99.87,88.187,125.789,70.11,123.356,155.643,79.26,35.69,35.25,35.19
2026-05-16T22:43:52+00:00,1778971432.902,99.87,88.188,125.789,70.11,123.369,155.643,79.26,35.56,35.23,35.18
2026-05-16T22:43:57+00:00,1778971437.903,99.84,88.189,125.789,70.11,123.386,155.643,79.28,35.27,35.17,35.17
2026-05-16T22:44:02+00:00,1778971442.905,99.88,88.172,125.789,70.10,123.400,155.643,79.28,35.01,35.12,35.15
2026-05-16T22:44:07+00:00,1778971447.906,99.87,88.145,125.789,70.07,123.410,155.643,79.29,35.65,35.25,35.19
2026-05-16T22:44:12+00:00,1778971452.907,99.86,88.149,125.789,70.08,123.419,155.643,79.30,35.36,35.20,35.17
2026-05-16T22:44:17+00:00,1778971457.909,99.86,88.149,125.789,70.08,123.428,155.643,79.30,35.09,35.14,35.16
2026-05-16T22:44:22+00:00,1778971462.910,99.86,88.158,125.789,70.08,123.436,155.643,79.31,35.00,35.12,35.15
2026-05-16T22:44:27+00:00,1778971467.911,99.87,88.162,125.789,70.09,123.443,155.643,79.31,34.76,35.07,35.13
2026-05-16T22:44:32+00:00,1778971472.913,99.86,88.172,125.789,70.10,123.450,155.643,79.32,34.46,35.00,35.11
2026-05-16T22:44:37+00:00,1778971477.914,99.87,88.173,125.789,70.10,123.457,155.643,79.32,34.42,34.99,35.10
2026-05-16T22:44:42+00:00,1778971482.915,99.86,88.174,125.789,70.10,123.463,155.643,79.32,34.47,34.99,35.10
2026-05-16T22:44:47+00:00,1778971487.917,99.86,88.186,125.789,70.11,123.470,155.643,79.33,34.75,35.04,35.12
2026-05-16T22:44:52+00:00,1778971492.918,99.85,88.194,125.789,70.11,123.478,155.643,79.33,34.69,35.02,35.11
2026-05-16T22:44:57+00:00,1778971497.920,99.87,88.199,125.789,70.12,123.487,155.643,79.34,34.47,34.97,35.10
2026-05-16T22:45:02+00:00,1778971502.921,99.87,88.209,125.789,70.12,123.494,155.643,79.34,34.36,34.94,35.08
2026-05-16T22:45:07+00:00,1778971507.922,99.88,88.215,125.789,70.13,123.500,155.643,79.35,34.25,34.90,35.07
2026-05-16T22:45:12+00:00,1778971512.924,99.86,88.219,125.789,70.13,123.508,155.643,79.35,34.79,35.01,35.10
2026-05-16T22:45:17+00:00,1778971517.925,99.81,88.331,125.789,70.22,123.516,155.643,79.36,35.37,35.12,35.14
2026-05-16T22:45:22+00:00,1778971522.927,99.87,88.319,125.789,70.21,123.527,155.643,79.37,35.34,35.12,35.14
2026-05-16T22:45:27+00:00,1778971527.928,99.82,88.331,125.789,70.22,123.543,155.643,79.38,35.07,35.07,35.12
2026-05-16T22:45:32+00:00,1778971532.929,99.86,88.321,125.789,70.21,123.562,155.643,79.39,35.86,35.23,35.18
2026-05-16T22:45:37+00:00,1778971537.931,99.86,88.312,125.789,70.21,123.578,155.643,79.40,36.28,35.33,35.21
2026-05-16T22:45:42+00:00,1778971542.932,99.87,88.287,125.789,70.19,123.589,155.643,79.41,35.93,35.27,35.19
2026-05-16T22:45:47+00:00,1778971547.933,99.86,88.289,125.789,70.19,123.599,155.643,79.41,35.70,35.23,35.18
2026-05-16T22:45:52+00:00,1778971552.935,99.85,88.286,125.789,70.19,123.609,155.643,79.42,35.48,35.20,35.17
2026-05-16T22:45:57+00:00,1778971557.936,99.87,88.294,125.789,70.19,123.619,155.643,79.42,35.28,35.16,35.16
2026-05-16T22:46:02+00:00,1778971562.937,99.87,88.309,125.789,70.20,123.628,155.643,79.43,35.82,35.27,35.19
2026-05-16T22:46:07+00:00,1778971567.939,99.87,88.317,125.789,70.21,123.635,155.643,79.44,35.59,35.24,35.18
2026-05-16T22:46:12+00:00,1778971572.940,99.86,88.327,125.789,70.22,123.641,155.643,79.44,35.47,35.22,35.17
2026-05-16T22:46:17+00:00,1778971577.942,99.86,88.338,125.789,70.23,123.649,155.643,79.44,35.19,35.16,35.16
2026-05-16T22:46:22+00:00,1778971582.943,99.87,88.337,125.789,70.23,123.657,155.643,79.45,35.09,35.14,35.15
2026-05-16T22:46:27+00:00,1778971587.944,99.86,88.341,125.789,70.23,123.665,155.643,79.45,34.85,35.09,35.13
2026-05-16T22:46:32+00:00,1778971592.945,99.85,88.353,125.789,70.24,123.672,155.643,79.46,34.54,35.02,35.11
2026-05-16T22:46:37+00:00,1778971597.947,99.87,88.356,125.789,70.24,123.679,155.643,79.46,34.89,35.09,35.13
2026-05-16T22:46:42+00:00,1778971602.948,99.87,88.363,125.789,70.25,123.687,155.643,79.47,35.22,35.15,35.15
2026-05-16T22:46:47+00:00,1778971607.949,99.87,88.370,125.789,70.25,123.696,155.643,79.47,34.97,35.10,35.14
2026-05-16T22:46:52+00:00,1778971612.951,99.83,88.486,125.789,70.35,123.704,155.643,79.48,34.81,35.07,35.12
2026-05-16T22:46:57+00:00,1778971617.952,99.85,88.473,125.789,70.33,123.714,155.643,79.49,34.82,35.06,35.12
2026-05-16T22:47:02+00:00,1778971622.953,99.87,88.472,125.789,70.33,123.729,155.643,79.50,35.00,35.10,35.13
2026-05-16T22:47:07+00:00,1778971627.955,99.87,88.467,125.789,70.33,123.749,155.643,79.51,34.84,35.06,35.12
2026-05-16T22:47:12+00:00,1778971632.956,99.87,88.440,125.789,70.31,123.764,155.643,79.52,34.69,35.03,35.11
2026-05-16T22:47:17+00:00,1778971637.958,99.86,88.438,125.789,70.31,123.774,155.643,79.52,34.47,34.98,35.09
2026-05-16T22:47:22+00:00,1778971642.959,99.85,88.450,125.789,70.32,123.784,155.643,79.53,34.60,34.99,35.10
2026-05-16T22:47:27+00:00,1778971647.960,99.82,88.435,125.789,70.30,123.793,155.643,79.54,34.63,34.99,35.10
2026-05-16T22:47:32+00:00,1778971652.962,99.86,88.437,125.789,70.31,123.802,155.643,79.54,34.82,35.03,35.11
2026-05-16T22:47:37+00:00,1778971657.963,99.86,88.440,125.789,70.31,123.810,155.643,79.55,35.23,35.11,35.13
2026-05-16T22:47:42+00:00,1778971662.964,99.87,88.448,125.789,70.31,123.817,155.643,79.55,34.98,35.06,35.12
2026-05-16T22:47:47+00:00,1778971667.966,99.87,88.455,125.789,70.32,123.825,155.643,79.56,34.74,35.01,35.10
2026-05-16T22:47:52+00:00,1778971672.967,99.85,88.463,125.789,70.33,123.832,155.643,79.56,34.52,34.96,35.08
2026-05-16T22:47:57+00:00,1778971677.968,99.86,88.475,125.789,70.34,123.839,155.643,79.57,34.40,34.92,35.07
2026-05-16T22:48:02+00:00,1778971682.970,99.86,88.483,125.789,70.34,123.845,155.643,79.57,34.52,34.94,35.08
2026-05-16T22:48:07+00:00,1778971687.971,99.86,88.489,125.789,70.35,123.853,155.643,79.58,34.88,35.01,35.10
2026-05-16T22:48:12+00:00,1778971692.972,99.86,88.496,125.789,70.35,123.859,155.643,79.58,35.05,35.04,35.11
2026-05-16T22:48:17+00:00,1778971697.974,99.88,88.504,125.789,70.36,123.867,155.643,79.58,35.05,35.04,35.11
2026-05-16T22:48:22+00:00,1778971702.975,99.88,88.524,125.789,70.38,123.874,155.643,79.59,34.72,34.97,35.08
2026-05-16T22:48:27+00:00,1778971707.977,99.87,88.636,125.789,70.46,123.882,155.643,79.59,34.51,34.93,35.07
2026-05-16T22:48:32+00:00,1778971712.978,99.87,88.634,125.789,70.46,123.894,155.643,79.60,34.95,35.01,35.10
2026-05-16T22:48:37+00:00,1778971717.979,99.86,88.637,125.789,70.47,123.908,155.643,79.61,34.71,34.96,35.08
2026-05-16T22:48:42+00:00,1778971722.981,99.86,88.640,125.789,70.47,123.928,155.643,79.62,34.57,34.93,35.07
2026-05-16T22:48:47+00:00,1778971727.982,99.87,88.620,125.789,70.45,123.944,155.643,79.63,34.37,34.88,35.05
2026-05-16T22:48:52+00:00,1778971732.983,99.86,88.608,125.789,70.44,123.954,155.643,79.64,34.34,34.86,35.04
2026-05-16T22:48:57+00:00,1778971737.985,99.87,88.623,125.789,70.45,123.963,155.643,79.65,34.15,34.82,35.03
2026-05-16T22:49:02+00:00,1778971742.986,99.87,88.618,125.789,70.45,123.972,155.643,79.65,34.06,34.79,35.02
2026-05-16T22:49:07+00:00,1778971747.987,99.86,88.624,125.789,70.45,123.981,155.643,79.66,33.89,34.74,35.00
2026-05-16T22:49:12+00:00,1778971752.988,99.86,88.628,125.789,70.46,123.990,155.643,79.66,33.74,34.69,34.98
2026-05-16T22:49:17+00:00,1778971757.990,99.86,88.631,125.789,70.46,123.997,155.643,79.67,33.68,34.66,34.97
2026-05-16T22:49:22+00:00,1778971762.991,99.86,88.643,125.789,70.47,124.005,155.643,79.67,33.87,34.69,34.98
2026-05-16T22:49:27+00:00,1778971767.992,99.86,88.649,125.789,70.47,124.014,155.643,79.68,33.80,34.66,34.97
2026-05-16T22:49:32+00:00,1778971772.994,99.87,88.661,125.789,70.48,124.021,155.643,79.68,33.81,34.65,34.96
2026-05-16T22:49:37+00:00,1778971777.995,99.86,88.670,125.789,70.49,124.029,155.643,79.69,34.07,34.69,34.97
2026-05-16T22:49:42+00:00,1778971782.997,99.87,88.676,125.789,70.50,124.035,155.643,79.69,34.30,34.72,34.99
2026-05-16T22:49:47+00:00,1778971787.998,99.86,88.680,125.789,70.50,124.040,155.643,79.70,34.52,34.76,35.00
2026-05-16T22:49:52+00:00,1778971792.999,99.87,88.688,125.789,70.51,124.047,155.643,79.70,34.40,34.73,34.99
2026-05-16T22:49:58+00:00,1778971798.001,99.88,88.692,125.789,70.51,124.054,155.643,79.70,34.45,34.74,34.99
2026-05-16T22:50:03+00:00,1778971803.002,99.85,88.755,125.789,70.56,124.061,155.643,79.71,35.21,34.89,35.04
2026-05-16T22:50:08+00:00,1778971808.003,99.87,88.762,125.789,70.56,124.072,155.643,79.72,35.92,35.04,35.08
2026-05-16T22:50:13+00:00,1778971813.005,99.88,88.787,125.789,70.58,124.086,155.643,79.72,36.24,35.13,35.11
2026-05-16T22:50:18+00:00,1778971818.006,99.85,88.797,125.789,70.59,124.102,155.643,79.74,35.90,35.07,35.09
2026-05-16T22:50:23+00:00,1778971823.008,99.87,88.806,125.789,70.60,124.118,155.643,79.75,35.75,35.06,35.09
2026-05-16T22:50:28+00:00,1778971828.009,99.86,88.783,125.789,70.58,124.128,155.643,79.75,35.53,35.02,35.08
2026-05-16T22:50:33+00:00,1778971833.010,99.86,88.799,125.789,70.59,124.137,155.643,79.76,35.25,34.97,35.06
2026-05-16T22:50:38+00:00,1778971838.012,99.86,88.802,125.789,70.60,124.147,155.643,79.76,34.99,34.92,35.04
2026-05-16T22:50:43+00:00,1778971843.013,99.85,88.809,125.789,70.60,124.156,155.643,79.77,35.87,35.11,35.10
2026-05-16T22:50:48+00:00,1778971848.014,99.85,88.824,125.789,70.61,124.162,155.643,79.77,35.80,35.10,35.10
2026-05-16T22:50:53+00:00,1778971853.016,99.86,88.832,125.789,70.62,124.168,155.643,79.78,35.57,35.07,35.09
2026-05-16T22:50:58+00:00,1778971858.017,99.86,88.844,125.789,70.63,124.175,155.643,79.78,35.45,35.05,35.08
2026-05-16T22:51:03+00:00,1778971863.018,99.86,88.845,125.789,70.63,124.182,155.643,79.79,35.41,35.05,35.08
2026-05-16T22:51:08+00:00,1778971868.020,99.84,88.857,125.789,70.64,124.190,155.643,79.79,35.22,35.02,35.07
2026-05-16T22:51:13+00:00,1778971873.021,99.87,88.861,125.789,70.64,124.198,155.643,79.80,35.76,35.13,35.11
2026-05-16T22:51:18+00:00,1778971878.022,99.86,88.867,125.789,70.65,124.206,155.643,79.80,35.46,35.08,35.09
2026-05-16T22:51:23+00:00,1778971883.024,99.87,88.874,125.789,70.65,124.213,155.643,79.81,35.42,35.08,35.09
2026-05-16T22:51:28+00:00,1778971888.025,99.86,88.886,125.789,70.66,124.219,155.643,79.81,35.23,35.04,35.08
2026-05-16T22:51:33+00:00,1778971893.026,99.86,88.891,125.789,70.67,124.227,155.643,79.82,36.17,35.24,35.14
2026-05-16T22:51:38+00:00,1778971898.028,99.87,89.001,125.789,70.75,124.234,155.643,79.82,36.56,35.34,35.18
2026-05-16T22:51:43+00:00,1778971903.029,99.88,88.994,125.789,70.75,124.244,155.643,79.83,36.27,35.30,35.16
2026-05-16T22:51:48+00:00,1778971908.031,99.81,88.964,125.789,70.73,124.257,155.643,79.84,35.93,35.24,35.15
2026-05-16T22:51:53+00:00,1778971913.032,99.87,88.962,125.789,70.72,124.275,155.643,79.85,35.70,35.21,35.14
2026-05-16T22:51:58+00:00,1778971918.034,99.86,88.954,125.789,70.72,124.292,155.643,79.86,35.40,35.15,35.12
2026-05-16T22:52:03+00:00,1778971923.035,99.87,88.938,125.789,70.70,124.304,155.643,79.86,35.13,35.10,35.10
2026-05-16T22:52:08+00:00,1778971928.036,99.86,88.932,125.789,70.70,124.314,155.643,79.87,35.60,35.20,35.13
2026-05-16T22:52:13+00:00,1778971933.038,99.88,88.935,125.789,70.70,124.324,155.643,79.88,35.71,35.23,35.14
2026-05-16T22:52:18+00:00,1778971938.039,99.87,88.932,125.789,70.70,124.334,155.643,79.88,35.41,35.17,35.13
2026-05-16T22:52:23+00:00,1778971943.040,99.87,88.938,125.789,70.70,124.344,155.643,79.89,35.22,35.14,35.11
2026-05-16T22:52:28+00:00,1778971948.042,99.86,88.940,125.789,70.71,124.351,155.643,79.90,35.20,35.14,35.11
2026-05-16T22:52:33+00:00,1778971953.043,99.85,88.957,125.789,70.72,124.357,155.643,79.90,35.18,35.13,35.11
2026-05-16T22:52:38+00:00,1778971958.044,99.85,88.961,125.789,70.72,124.365,155.643,79.90,35.57,35.21,35.14
2026-05-16T22:52:43+00:00,1778971963.046,99.87,88.970,125.789,70.73,124.373,155.643,79.91,35.77,35.26,35.15
2026-05-16T22:52:48+00:00,1778971968.047,99.87,88.973,125.789,70.73,124.381,155.643,79.91,35.70,35.26,35.15
2026-05-16T22:52:53+00:00,1778971973.049,99.86,88.979,125.789,70.74,124.387,155.643,79.92,35.89,35.30,35.17
2026-05-16T22:52:58+00:00,1778971978.050,99.87,88.982,125.789,70.74,124.393,155.643,79.92,35.82,35.30,35.17
2026-05-16T22:53:03+00:00,1778971983.051,99.88,88.988,125.789,70.74,124.398,155.643,79.93,35.51,35.24,35.15
2026-05-16T22:53:08+00:00,1778971988.053,99.87,88.993,125.789,70.75,124.405,155.643,79.93,34.99,35.14,35.12
2026-05-16T22:53:13+00:00,1778971993.054,99.87,89.003,125.789,70.76,124.412,155.643,79.93,35.71,35.29,35.17
2026-05-16T22:53:18+00:00,1778971998.055,99.87,89.107,125.789,70.84,124.420,155.643,79.94,35.41,35.23,35.15
2026-05-16T22:53:23+00:00,1778972003.057,99.87,89.098,125.789,70.83,124.430,155.643,79.95,35.38,35.23,35.15
2026-05-16T22:53:28+00:00,1778972008.058,99.88,89.106,125.789,70.84,124.444,155.643,79.95,35.75,35.31,35.17
2026-05-16T22:53:33+00:00,1778972013.059,99.86,89.100,125.789,70.83,124.463,155.643,79.97,35.45,35.25,35.16
2026-05-16T22:53:38+00:00,1778972018.061,99.86,89.079,125.789,70.82,124.479,155.643,79.98,35.17,35.20,35.14
2026-05-16T22:53:43+00:00,1778972023.062,99.84,89.070,125.789,70.81,124.490,155.643,79.98,34.92,35.14,35.12
2026-05-16T22:53:48+00:00,1778972028.063,99.86,89.076,125.789,70.81,124.500,155.643,79.99,34.69,35.09,35.11
2026-05-16T22:53:53+00:00,1778972033.065,99.87,89.067,125.789,70.81,124.509,155.643,80.00,35.35,35.22,35.15
2026-05-16T22:53:58+00:00,1778972038.066,99.86,89.072,125.789,70.81,124.518,155.643,80.00,35.24,35.20,35.14
2026-05-16T22:54:03+00:00,1778972043.067,99.87,89.078,125.789,70.82,124.525,155.643,80.01,35.70,35.30,35.17
2026-05-16T22:54:08+00:00,1778972048.069,99.86,89.086,125.789,70.82,124.531,155.643,80.01,36.13,35.39,35.20
2026-05-16T22:54:13+00:00,1778972053.070,99.87,89.091,125.789,70.83,124.537,155.643,80.02,36.44,35.47,35.23
2026-05-16T22:54:18+00:00,1778972058.072,99.87,89.096,125.789,70.83,124.545,155.643,80.02,36.48,35.50,35.24
2026-05-16T22:54:23+00:00,1778972063.073,99.86,89.106,125.789,70.84,124.552,155.643,80.02,36.20,35.45,35.23
2026-05-16T22:54:28+00:00,1778972068.074,99.86,89.113,125.789,70.84,124.560,155.643,80.03,35.95,35.41,35.22
2026-05-16T22:54:33+00:00,1778972073.076,99.85,89.121,125.789,70.85,124.566,155.643,80.03,35.63,35.36,35.20
2026-05-16T22:54:38+00:00,1778972078.077,99.87,89.131,125.789,70.86,124.573,155.643,80.04,35.98,35.43,35.22
2026-05-16T22:54:43+00:00,1778972083.078,99.87,89.142,125.789,70.87,124.578,155.643,80.04,36.62,35.58,35.27
2026-05-16T22:54:48+00:00,1778972088.080,99.87,89.150,125.789,70.87,124.584,155.643,80.05,36.65,35.60,35.28
2026-05-16T22:54:53+00:00,1778972093.081,99.86,89.156,125.789,70.88,124.593,155.643,80.05,37.16,35.72,35.32
2026-05-16T22:54:58+00:00,1778972098.082,99.84,89.252,125.789,70.95,124.602,155.643,80.06,37.47,35.81,35.35
2026-05-16T22:55:03+00:00,1778972103.084,99.87,89.264,125.789,70.96,124.613,155.643,80.06,37.03,35.75,35.34
2026-05-16T22:55:08+00:00,1778972108.085,99.83,89.306,125.789,71.00,124.627,155.643,80.07,37.03,35.77,35.35
2026-05-16T22:55:13+00:00,1778972113.086,99.86,89.304,125.789,71.00,124.647,155.643,80.09,36.79,35.74,35.34
2026-05-16T22:55:18+00:00,1778972118.088,99.87,89.327,125.789,71.01,124.663,155.643,80.10,36.48,35.69,35.33
2026-05-16T22:55:23+00:00,1778972123.089,99.87,89.309,125.789,71.00,124.673,155.643,80.10,36.12,35.63,35.31
2026-05-16T22:55:28+00:00,1778972128.090,99.86,89.307,125.789,71.00,124.683,155.643,80.11,35.71,35.55,35.28
2026-05-16T22:55:33+00:00,1778972133.092,99.85,89.291,125.789,70.99,124.692,155.643,80.11,35.50,35.51,35.27
2026-05-16T22:55:38+00:00,1778972138.093,99.86,89.299,125.789,70.99,124.700,155.643,80.12,35.30,35.47,35.26
2026-05-16T22:55:43+00:00,1778972143.095,99.86,89.305,125.789,71.00,124.709,155.643,80.12,35.11,35.43,35.25
2026-05-16T22:55:48+00:00,1778972148.096,99.85,89.307,125.789,71.00,124.715,155.643,80.13,34.86,35.37,35.23
2026-05-16T22:55:53+00:00,1778972153.097,99.86,89.310,125.789,71.00,124.720,155.643,80.13,34.63,35.32,35.21
2026-05-16T22:55:58+00:00,1778972158.099,99.86,89.316,125.789,71.00,124.728,155.643,80.14,34.42,35.26,35.19
2026-05-16T22:56:03+00:00,1778972163.100,99.87,89.322,125.789,71.01,124.736,155.643,80.14,34.31,35.22,35.18
2026-05-16T22:56:08+00:00,1778972168.101,99.87,89.339,125.789,71.02,124.745,155.643,80.15,34.20,35.19,35.17
2026-05-16T22:56:13+00:00,1778972173.103,99.85,89.346,125.789,71.03,124.752,155.643,80.15,34.03,35.13,35.15
2026-05-16T22:56:18+00:00,1778972178.104,99.87,89.350,125.789,71.03,124.759,155.643,80.16,33.86,35.08,35.14
2026-05-16T22:56:23+00:00,1778972183.105,99.86,89.356,125.789,71.04,124.764,155.643,80.16,34.75,35.25,35.19
2026-05-16T22:56:28+00:00,1778972188.107,99.86,89.364,125.789,71.04,124.771,155.643,80.17,35.34,35.36,35.23
2026-05-16T22:56:33+00:00,1778972193.108,99.88,89.365,125.789,71.04,124.778,155.643,80.17,35.23,35.33,35.22
2026-05-16T22:56:38+00:00,1778972198.110,99.86,89.456,125.789,71.12,124.785,155.643,80.17,35.05,35.30,35.21
2026-05-16T22:56:43+00:00,1778972203.111,99.86,89.436,125.789,71.10,124.797,155.643,80.18,35.04,35.29,35.20
2026-05-16T22:56:48+00:00,1778972208.112,99.88,89.434,125.789,71.10,124.812,155.643,80.19,34.96,35.27,35.20
2026-05-16T22:56:53+00:00,1778972213.114,99.87,89.432,125.789,71.10,124.831,155.643,80.20,34.72,35.21,35.18
2026-05-16T22:56:58+00:00,1778972218.115,99.89,89.411,125.789,71.08,124.845,155.643,80.21,35.47,35.36,35.23
2026-05-16T22:57:03+00:00,1778972223.117,99.88,89.406,125.789,71.08,124.855,155.643,80.22,35.67,35.40,35.24
2026-05-16T22:57:08+00:00,1778972228.118,99.86,89.411,125.789,71.08,124.864,155.643,80.22,36.18,35.51,35.28
2026-05-16T22:57:13+00:00,1778972233.119,99.87,89.412,125.789,71.08,124.873,155.643,80.23,36.00,35.49,35.27
2026-05-16T22:57:18+00:00,1778972238.121,99.87,89.416,125.789,71.08,124.882,155.643,80.24,35.84,35.46,35.27
2026-05-16T22:57:23+00:00,1778972243.122,99.86,89.419,125.789,71.09,124.890,155.643,80.24,35.61,35.42,35.25
2026-05-16T22:57:28+00:00,1778972248.123,99.87,89.429,125.789,71.09,124.897,155.643,80.25,35.40,35.38,35.24
2026-05-16T22:57:33+00:00,1778972253.125,99.88,89.434,125.789,71.10,124.905,155.643,80.25,36.49,35.61,35.32
2026-05-16T22:57:38+00:00,1778972258.126,99.87,89.443,125.789,71.11,124.912,155.643,80.26,36.77,35.68,35.34
2026-05-16T22:57:43+00:00,1778972263.127,99.87,89.454,125.789,71.11,124.919,155.643,80.26,36.39,35.62,35.32
2026-05-16T22:57:48+00:00,1778972268.129,99.87,89.459,125.789,71.12,124.928,155.643,80.27,36.68,35.69,35.35
2026-05-16T22:57:53+00:00,1778972273.130,99.87,89.463,125.789,71.12,124.936,155.643,80.27,37.19,35.81,35.39
2026-05-16T22:57:58+00:00,1778972278.131,99.87,89.477,125.789,71.13,124.942,155.643,80.28,36.85,35.77,35.38
2026-05-16T22:58:03+00:00,1778972283.133,99.87,89.488,125.789,71.14,124.948,155.643,80.28,36.78,35.77,35.38
2026-05-16T22:58:08+00:00,1778972288.134,99.86,89.499,125.789,71.15,124.955,155.643,80.28,37.36,35.91,35.43
2026-05-16T22:58:13+00:00,1778972293.136,99.86,89.598,125.789,71.23,124.962,155.643,80.29,37.01,35.86,35.41
2026-05-16T22:58:18+00:00,1778972298.137,99.87,89.603,125.789,71.23,124.973,155.643,80.29,37.09,35.90,35.43
2026-05-16T22:58:23+00:00,1778972303.138,99.84,89.630,125.789,71.25,124.987,155.643,80.30,36.68,35.83,35.41
2026-05-16T22:58:28+00:00,1778972308.140,99.87,89.626,125.789,71.25,125.004,155.643,80.31,36.47,35.80,35.40
2026-05-16T22:58:33+00:00,1778972313.141,99.87,89.627,125.789,71.25,125.021,155.643,80.33,36.83,35.89,35.43
2026-05-16T22:58:38+00:00,1778972318.142,99.85,89.607,125.789,71.24,125.034,155.643,80.33,37.17,35.97,35.46
2026-05-16T22:58:43+00:00,1778972323.144,99.86,89.602,125.789,71.23,125.045,155.643,80.34,36.83,35.92,35.45
2026-05-16T22:58:48+00:00,1778972328.145,99.89,89.596,125.789,71.23,125.056,155.643,80.35,36.44,35.86,35.43
2026-05-16T22:58:53+00:00,1778972333.146,99.87,89.594,125.789,71.23,125.065,155.643,80.35,36.81,35.94,35.46
2026-05-16T22:58:58+00:00,1778972338.148,99.87,89.601,125.789,71.23,125.074,155.643,80.36,36.99,35.99,35.48
2026-05-16T22:59:03+00:00,1778972343.149,99.87,89.602,125.789,71.23,125.081,155.643,80.36,36.67,35.94,35.46
2026-05-16T22:59:08+00:00,1778972348.150,99.86,89.608,125.789,71.24,125.087,155.643,80.37,36.29,35.88,35.45
2026-05-16T22:59:13+00:00,1778972353.152,99.87,89.616,125.789,71.24,125.096,155.643,80.37,36.03,35.83,35.43
2026-05-16T22:59:18+00:00,1778972358.153,99.87,89.623,125.789,71.25,125.103,155.643,80.38,35.79,35.78,35.42
2026-05-16T22:59:23+00:00,1778972363.154,99.87,89.633,125.789,71.26,125.110,155.643,80.38,35.48,35.72,35.40
2026-05-16T22:59:28+00:00,1778972368.156,99.89,89.638,125.789,71.26,125.117,155.643,80.39,35.20,35.66,35.38
2026-05-16T22:59:33+00:00,1778972373.157,99.86,89.649,125.789,71.27,125.123,155.643,80.39,35.19,35.64,35.38
2026-05-16T22:59:38+00:00,1778972378.158,99.86,89.655,125.789,71.27,125.129,155.643,80.40,35.17,35.63,35.38
2026-05-16T22:59:43+00:00,1778972383.160,99.86,89.666,125.789,71.28,125.137,155.643,80.40,35.56,35.71,35.40
2026-05-16T22:59:48+00:00,1778972388.161,99.87,89.766,125.789,71.36,125.144,155.643,80.41,35.35,35.66,35.39
2026-05-16T22:59:53+00:00,1778972393.163,99.84,89.763,125.789,71.36,125.153,155.643,80.41,35.16,35.62,35.38
2026-05-16T22:59:58+00:00,1778972398.164,99.89,89.769,125.789,71.36,125.165,155.643,80.42,34.99,35.57,35.36
2026-05-16T23:00:03+00:00,1778972403.165,99.88,89.769,125.789,71.37,125.182,155.643,80.43,34.83,35.53,35.35
2026-05-16T23:00:08+00:00,1778972408.167,99.88,89.771,125.789,71.37,125.200,155.643,80.44,34.68,35.49,35.34
2026-05-16T23:00:13+00:00,1778972413.168,99.88,89.749,125.789,71.35,125.213,155.643,80.45,34.63,35.46,35.33
2026-05-16T23:00:18+00:00,1778972418.169,99.86,89.740,125.789,71.34,125.223,155.643,80.46,34.50,35.42,35.32
2026-05-16T23:00:23+00:00,1778972423.171,99.87,89.737,125.789,71.34,125.233,155.643,80.46,34.30,35.37,35.30
2026-05-16T23:00:28+00:00,1778972428.172,99.86,89.722,125.789,71.33,125.243,155.643,80.47,34.68,35.43,35.32
2026-05-16T23:00:33+00:00,1778972433.173,99.86,89.735,125.789,71.34,125.252,155.643,80.47,34.46,35.37,35.30
2026-05-16T23:00:38+00:00,1778972438.175,99.89,89.745,125.789,71.35,125.259,155.643,80.48,34.66,35.40,35.31
2026-05-16T23:00:43+00:00,1778972443.176,99.86,89.753,125.789,71.35,125.267,155.643,80.48,34.85,35.42,35.32
2026-05-16T23:00:48+00:00,1778972448.177,99.86,89.767,125.789,71.36,125.273,155.643,80.49,34.62,35.37,35.30
2026-05-16T23:00:53+00:00,1778972453.178,99.87,89.775,125.789,71.37,125.280,155.643,80.49,34.57,35.34,35.29
2026-05-16T23:00:58+00:00,1778972458.180,99.86,89.784,125.789,71.38,125.286,155.643,80.50,34.45,35.30,35.28
2026-05-16T23:01:03+00:00,1778972463.181,99.86,89.793,125.789,71.38,125.293,155.643,80.50,34.41,35.28,35.27
2026-05-16T23:01:08+00:00,1778972468.183,99.86,89.800,125.789,71.39,125.301,155.643,80.51,34.22,35.23,35.26
2026-05-16T23:01:13+00:00,1778972473.184,99.86,89.816,125.789,71.40,125.307,155.643,80.51,34.04,35.17,35.24
2026-05-16T23:01:18+00:00,1778972478.185,99.86,89.825,125.789,71.41,125.313,155.643,80.51,33.88,35.12,35.22
2026-05-16T23:01:23+00:00,1778972483.187,99.86,89.833,125.789,71.42,125.321,155.643,80.52,33.81,35.08,35.21
2026-05-16T23:01:28+00:00,1778972488.188,99.85,89.900,125.789,71.47,125.329,155.643,80.52,33.66,35.03,35.19
2026-05-16T23:01:33+00:00,1778972493.189,99.86,89.949,125.789,71.51,125.341,155.643,80.53,33.53,34.98,35.17
2026-05-16T23:01:38+00:00,1778972498.191,99.85,89.974,125.789,71.53,125.356,155.643,80.54,33.89,35.03,35.19
2026-05-16T23:01:43+00:00,1778972503.192,99.86,89.991,125.789,71.54,125.377,155.643,80.55,33.73,34.98,35.17
2026-05-16T23:01:48+00:00,1778972508.193,99.87,89.981,125.789,71.53,125.393,155.643,80.56,33.68,34.95,35.16
2026-05-16T23:01:53+00:00,1778972513.194,99.84,89.966,125.789,71.52,125.404,155.643,80.57,33.54,34.90,35.14
2026-05-16T23:01:58+00:00,1778972518.196,99.84,89.969,125.789,71.52,125.413,155.643,80.58,34.30,35.03,35.19
2026-05-16T23:02:03+00:00,1778972523.197,99.86,89.965,125.789,71.52,125.422,155.643,80.58,34.11,34.98,35.17
2026-05-16T23:02:08+00:00,1778972528.199,99.86,89.970,125.789,71.52,125.430,155.643,80.59,34.02,34.95,35.16
2026-05-16T23:02:13+00:00,1778972533.200,99.86,89.974,125.789,71.53,125.438,155.643,80.59,34.10,34.95,35.16
2026-05-16T23:02:18+00:00,1778972538.201,99.84,89.983,125.789,71.54,125.445,155.643,80.60,34.01,34.92,35.14
2026-05-16T23:02:23+00:00,1778972543.203,99.84,89.987,125.789,71.54,125.452,155.643,80.60,33.93,34.89,35.13
2026-05-16T23:02:28+00:00,1778972548.204,99.84,89.994,125.789,71.54,125.460,155.643,80.61,33.78,34.84,35.11
2026-05-16T23:02:33+00:00,1778972553.205,99.85,90.001,125.789,71.55,125.467,155.643,80.61,33.64,34.79,35.10
2026-05-16T23:02:38+00:00,1778972558.207,99.85,90.008,125.789,71.55,125.475,155.643,80.62,33.58,34.76,35.09
2026-05-16T23:02:43+00:00,1778972563.208,99.86,90.018,125.789,71.56,125.482,155.643,80.62,33.46,34.72,35.07
2026-05-16T23:02:48+00:00,1778972568.209,99.84,90.023,125.789,71.57,125.489,155.643,80.63,33.50,34.70,35.06
2026-05-16T23:02:53+00:00,1778972573.211,99.86,90.033,125.789,71.57,125.496,155.643,80.63,33.46,34.67,35.05
2026-05-16T23:02:58+00:00,1778972578.212,99.85,90.042,125.789,71.58,125.503,155.643,80.64,33.58,34.68,35.05
2026-05-16T23:03:03+00:00,1778972583.214,99.84,90.153,125.789,71.67,125.510,155.643,80.64,33.54,34.65,35.04
2026-05-16T23:03:08+00:00,1778972588.215,99.87,90.137,125.789,71.66,125.522,155.643,80.65,33.41,34.61,35.02
2026-05-16T23:03:13+00:00,1778972593.216,99.88,90.142,125.789,71.66,125.537,155.643,80.66,34.02,34.71,35.06
2026-05-16T23:03:18+00:00,1778972598.218,99.86,90.073,125.789,71.61,125.556,155.643,80.67,33.86,34.67,35.04
2026-05-16T23:03:23+00:00,1778972603.219,99.86,90.062,125.789,71.60,125.569,155.643,80.68,34.91,34.87,35.10
2026-05-16T23:03:28+00:00,1778972608.220,99.86,90.047,125.789,71.59,125.579,155.643,80.68,35.24,34.94,35.12
2026-05-16T23:03:33+00:00,1778972613.222,99.86,90.049,125.789,71.59,125.590,155.643,80.69,35.22,34.94,35.12
2026-05-16T23:03:38+00:00,1778972618.223,99.86,90.037,125.789,71.58,125.599,155.643,80.70,35.12,34.93,35.12
2026-05-16T23:03:43+00:00,1778972623.224,99.85,90.049,125.789,71.59,125.608,155.643,80.70,35.75,35.06,35.16
2026-05-16T23:03:48+00:00,1778972628.226,99.86,90.058,125.789,71.59,125.616,155.643,80.71,35.69,35.06,35.16
2026-05-16T23:03:53+00:00,1778972633.227,99.87,90.062,125.789,71.60,125.623,155.643,80.71,35.40,35.01,35.14
2026-05-16T23:03:58+00:00,1778972638.228,99.86,90.074,125.789,71.61,125.629,155.643,80.72,35.28,34.99,35.14
2026-05-16T23:04:03+00:00,1778972643.230,99.86,90.080,125.789,71.61,125.635,155.643,80.72,35.18,34.98,35.13
2026-05-16T23:04:08+00:00,1778972648.231,99.86,90.093,125.789,71.62,125.641,155.643,80.72,35.09,34.96,35.12
2026-05-16T23:04:13+00:00,1778972653.233,99.87,90.096,125.789,71.63,125.649,155.643,80.73,35.16,34.98,35.13
2026-05-16T23:04:18+00:00,1778972658.235,99.86,90.100,125.789,71.63,125.658,155.643,80.73,35.07,34.96,35.12
2026-05-16T23:04:23+00:00,1778972663.237,99.87,90.107,125.789,71.63,125.664,155.643,80.74,34.82,34.91,35.10
2026-05-16T23:04:28+00:00,1778972668.238,99.86,90.118,125.789,71.64,125.671,155.643,80.74,35.32,35.01,35.14
2026-05-16T23:04:33+00:00,1778972673.239,99.86,90.120,125.789,71.64,125.679,155.643,80.75,35.29,35.01,35.14
2026-05-16T23:04:38+00:00,1778972678.241,99.84,90.237,125.789,71.74,125.688,155.643,80.75,34.87,34.93,35.11
2026-05-16T23:04:43+00:00,1778972683.242,99.84,90.246,125.789,71.74,125.700,155.643,80.76,35.20,35.00,35.13
2026-05-16T23:04:48+00:00,1778972688.243,99.83,90.252,125.789,71.75,125.717,155.643,80.77,35.58,35.08,35.15
2026-05-16T23:04:53+00:00,1778972693.245,99.84,90.248,125.789,71.75,125.736,155.643,80.79,35.70,35.11,35.16
2026-05-16T23:04:58+00:00,1778972698.246,99.86,90.223,125.789,71.73,125.751,155.643,80.79,35.64,35.11,35.16
2026-05-16T23:05:03+00:00,1778972703.247,99.86,90.202,125.789,71.71,125.761,155.643,80.80,35.67,35.12,35.17
2026-05-16T23:05:08+00:00,1778972708.249,99.87,90.205,125.789,71.71,125.772,155.643,80.81,35.54,35.11,35.16
2026-05-16T23:05:13+00:00,1778972713.250,99.86,90.200,125.789,71.71,125.782,155.643,80.81,35.33,35.07,35.15
2026-05-16T23:05:18+00:00,1778972718.252,99.86,90.206,125.789,71.71,125.791,155.643,80.82,35.07,35.02,35.13
2026-05-16T23:05:23+00:00,1778972723.253,99.86,90.217,125.789,71.72,125.800,155.643,80.83,35.38,35.09,35.15
2026-05-16T23:05:28+00:00,1778972728.255,99.86,90.225,125.789,71.73,125.806,155.643,80.83,35.51,35.12,35.16
2026-05-16T23:05:33+00:00,1778972733.256,99.84,90.233,125.789,71.73,125.813,155.643,80.83,35.31,35.08,35.15
2026-05-16T23:05:38+00:00,1778972738.257,99.86,90.238,125.789,71.74,125.821,155.643,80.84,35.28,35.08,35.15
2026-05-16T23:05:43+00:00,1778972743.259,99.86,90.246,125.789,71.74,125.828,155.643,80.84,35.10,35.05,35.14
2026-05-16T23:05:48+00:00,1778972748.260,99.86,90.253,125.789,71.75,125.836,155.643,80.85,35.41,35.11,35.16
2026-05-16T23:05:53+00:00,1778972753.261,99.86,90.259,125.789,71.75,125.842,155.643,80.85,35.54,35.14,35.17
2026-05-16T23:05:58+00:00,1778972758.263,99.84,90.266,125.789,71.76,125.849,155.643,80.86,35.34,35.11,35.16
2026-05-16T23:06:03+00:00,1778972763.264,99.87,90.274,125.789,71.77,125.857,155.643,80.86,35.63,35.17,35.18
2026-05-16T23:06:08+00:00,1778972768.266,99.84,90.279,125.789,71.77,125.865,155.643,80.87,35.66,35.19,35.19
2026-05-16T23:06:13+00:00,1778972773.267,99.84,90.384,125.789,71.85,125.874,155.643,80.87,35.37,35.13,35.17
2026-05-16T23:06:18+00:00,1778972778.268,99.86,90.380,125.789,71.85,125.886,155.643,80.88,35.18,35.10,35.16
2026-05-16T23:06:23+00:00,1778972783.270,99.86,90.379,125.789,71.85,125.903,155.643,80.89,35.08,35.08,35.15
2026-05-16T23:06:28+00:00,1778972788.271,99.86,90.378,125.789,71.85,125.923,155.643,80.91,35.80,35.23,35.20
2026-05-16T23:06:33+00:00,1778972793.272,99.86,90.355,125.789,71.83,125.935,155.643,80.91,35.65,35.21,35.19
2026-05-16T23:06:38+00:00,1778972798.274,99.84,90.353,125.789,71.83,125.945,155.643,80.92,35.44,35.17,35.18
2026-05-16T23:06:43+00:00,1778972803.275,99.86,90.416,125.789,71.88,125.955,155.643,80.93,35.24,35.13,35.17
2026-05-16T23:06:48+00:00,1778972808.277,99.85,90.441,125.789,71.90,125.966,155.643,80.93,35.47,35.18,35.18
2026-05-16T23:06:53+00:00,1778972813.278,99.84,90.566,125.789,72.00,125.974,155.643,80.94,35.43,35.18,35.18
2026-05-16T23:06:58+00:00,1778972818.279,99.84,90.711,125.789,72.11,125.981,155.643,80.94,35.15,35.13,35.16
2026-05-16T23:07:03+00:00,1778972823.281,99.85,90.713,125.789,72.12,125.989,155.643,80.95,34.90,35.07,35.15
2026-05-16T23:07:08+00:00,1778972828.282,99.87,90.347,125.789,71.82,125.996,155.643,80.95,34.75,35.04,35.14
2026-05-16T23:07:13+00:00,1778972833.283,99.86,90.362,125.789,71.84,126.003,155.643,80.96,34.77,35.04,35.13
2026-05-16T23:07:18+00:00,1778972838.285,99.86,90.371,125.789,71.84,126.009,155.643,80.96,34.63,35.00,35.12
2026-05-16T23:07:23+00:00,1778972843.286,99.86,90.384,125.789,71.85,126.016,155.643,80.97,34.42,34.95,35.11
2026-05-16T23:07:28+00:00,1778972848.288,99.86,90.393,125.789,71.86,126.023,155.643,80.97,35.34,35.14,35.16
2026-05-16T23:07:33+00:00,1778972853.289,99.85,90.404,125.789,71.87,126.029,155.643,80.97,35.16,35.10,35.15
2026-05-16T23:07:38+00:00,1778972858.290,99.85,90.411,125.789,71.88,126.036,155.643,80.98,35.06,35.08,35.15
2026-05-16T23:07:43+00:00,1778972863.292,99.86,90.421,125.789,71.88,126.045,155.643,80.98,35.06,35.08,35.15
2026-05-16T23:07:48+00:00,1778972868.293,99.84,90.529,125.789,71.97,126.052,155.643,80.99,34.81,35.03,35.13
2026-05-16T23:07:53+00:00,1778972873.294,99.86,90.535,125.789,71.97,126.063,155.643,81.00,34.91,35.05,35.13
2026-05-16T23:07:58+00:00,1778972878.296,99.87,90.555,125.789,71.99,126.078,155.643,81.00,35.24,35.11,35.15
2026-05-16T23:08:03+00:00,1778972883.297,99.86,90.550,125.789,71.99,126.097,155.643,81.02,34.98,35.06,35.14
2026-05-16T23:08:08+00:00,1778972888.298,99.86,90.541,125.789,71.98,126.114,155.643,81.03,34.74,35.01,35.12
2026-05-16T23:08:13+00:00,1778972893.300,99.86,90.522,125.789,71.96,126.125,155.643,81.03,34.76,35.01,35.12
2026-05-16T23:08:18+00:00,1778972898.301,99.86,90.522,125.789,71.96,126.133,155.643,81.04,34.70,34.99,35.11
2026-05-16T23:08:23+00:00,1778972903.302,99.85,90.506,125.789,71.95,126.143,155.643,81.05,34.80,35.01,35.12
2026-05-16T23:08:28+00:00,1778972908.304,99.87,90.512,125.789,71.96,126.152,155.643,81.05,34.58,34.96,35.10
2026-05-16T23:08:33+00:00,1778972913.305,99.87,90.515,125.789,71.96,126.160,155.643,81.06,34.77,34.99,35.11
2026-05-16T23:08:38+00:00,1778972918.307,99.85,90.525,125.789,71.97,126.167,155.643,81.06,34.87,35.01,35.12
2026-05-16T23:08:43+00:00,1778972923.308,99.86,90.530,125.789,71.97,126.174,155.643,81.07,34.80,34.99,35.11
2026-05-16T23:08:48+00:00,1778972928.309,99.86,90.539,125.789,71.98,126.181,155.643,81.07,34.58,34.94,35.09
2026-05-16T23:08:53+00:00,1778972933.311,99.87,90.547,125.789,71.98,126.189,155.643,81.08,34.45,34.91,35.08
2026-05-16T23:08:58+00:00,1778972938.312,99.87,90.554,125.789,71.99,126.197,155.643,81.08,34.41,34.89,35.07
2026-05-16T23:09:03+00:00,1778972943.313,99.87,90.560,125.789,71.99,126.203,155.643,81.09,34.22,34.85,35.06
2026-05-16T23:09:08+00:00,1778972948.315,99.87,90.574,125.789,72.01,126.209,155.643,81.09,34.52,34.90,35.07
2026-05-16T23:09:13+00:00,1778972953.316,99.85,90.584,125.789,72.01,126.216,155.643,81.09,34.32,34.85,35.06
2026-05-16T23:09:18+00:00,1778972958.318,99.86,90.589,125.789,72.02,126.224,155.643,81.10,34.14,34.80,35.04
2026-05-16T23:09:23+00:00,1778972963.319,99.86,90.788,125.789,72.18,126.232,155.643,81.10,34.12,34.79,35.04
2026-05-16T23:09:28+00:00,1778972968.320,99.86,90.817,125.789,72.20,126.241,155.643,81.11,34.35,34.83,35.05
2026-05-16T23:09:33+00:00,1778972973.322,99.83,90.850,125.789,72.22,126.253,155.643,81.12,34.65,34.88,35.06
2026-05-16T23:09:38+00:00,1778972978.323,99.86,90.863,125.789,72.23,126.269,155.643,81.13,34.43,34.83,35.05
2026-05-16T23:09:43+00:00,1778972983.324,99.86,90.875,125.789,72.24,126.286,155.643,81.14,34.48,34.83,35.04
2026-05-16T23:09:48+00:00,1778972988.326,99.89,90.860,125.789,72.23,126.296,155.643,81.15,34.36,34.80,35.03
2026-05-16T23:09:53+00:00,1778972993.327,99.86,90.865,125.789,72.24,126.306,155.643,81.15,34.33,34.79,35.03
2026-05-16T23:09:58+00:00,1778972998.328,99.86,90.872,125.789,72.24,126.315,155.643,81.16,34.14,34.74,35.01
2026-05-16T23:10:03+00:00,1778973003.330,99.87,90.877,125.789,72.25,126.324,155.643,81.16,34.21,34.75,35.01
2026-05-16T23:10:08+00:00,1778973008.331,99.87,90.881,125.789,72.25,126.332,155.643,81.17,34.44,34.79,35.02
2026-05-16T23:10:13+00:00,1778973013.333,99.87,90.888,125.789,72.25,126.338,155.643,81.17,34.88,34.87,35.05
2026-05-16T23:10:18+00:00,1778973018.334,99.86,90.893,125.789,72.26,126.345,155.643,81.18,34.65,34.83,35.03
2026-05-16T23:10:23+00:00,1778973023.335,99.86,90.896,125.789,72.26,126.352,155.643,81.18,34.44,34.78,35.02
2026-05-16T23:10:28+00:00,1778973028.337,99.86,90.900,125.789,72.26,126.358,155.643,81.18,34.24,34.73,35.00
2026-05-16T23:10:33+00:00,1778973033.338,99.87,90.908,125.789,72.27,126.365,155.643,81.19,34.30,34.74,35.00
2026-05-16T23:10:38+00:00,1778973038.339,99.87,90.916,125.789,72.28,126.372,155.643,81.19,34.44,34.76,35.00
2026-05-16T23:10:43+00:00,1778973043.341,99.85,90.934,125.789,72.29,126.380,155.643,81.20,34.33,34.73,34.99
2026-05-16T23:10:48+00:00,1778973048.342,99.86,90.942,125.789,72.30,126.387,155.643,81.20,34.14,34.68,34.98
2026-05-16T23:10:53+00:00,1778973053.344,99.86,90.955,125.789,72.31,126.392,155.643,81.21,34.13,34.67,34.97
2026-05-16T23:10:58+00:00,1778973058.345,99.87,90.962,125.789,72.31,126.399,155.643,81.21,34.04,34.64,34.96
2026-05-16T23:11:03+00:00,1778973063.346,99.86,90.731,125.789,72.13,126.406,155.643,81.22,33.95,34.62,34.95
2026-05-16T23:11:08+00:00,1778973068.348,99.87,90.757,125.789,72.15,126.415,155.643,81.22,34.28,34.67,34.97
2026-05-16T23:11:13+00:00,1778973073.349,99.87,90.789,125.789,72.18,126.429,155.643,81.23,34.18,34.64,34.96
2026-05-16T23:11:18+00:00,1778973078.350,99.85,90.811,125.789,72.19,126.446,155.643,81.24,34.40,34.68,34.97
2026-05-16T23:11:23+00:00,1778973083.352,99.88,90.831,125.789,72.21,126.464,155.643,81.25,34.29,34.66,34.96
2026-05-16T23:11:28+00:00,1778973088.354,99.81,90.816,125.789,72.20,126.476,155.643,81.26,34.11,34.61,34.94
2026-05-16T23:11:33+00:00,1778973093.355,99.85,90.809,125.789,72.19,126.487,155.643,81.27,34.02,34.58,34.93
2026-05-16T23:11:38+00:00,1778973098.356,99.87,90.814,125.789,72.20,126.497,155.643,81.27,34.02,34.57,34.92
2026-05-16T23:11:43+00:00,1778973103.358,99.87,90.817,125.789,72.20,126.507,155.643,81.28,34.25,34.62,34.94
2026-05-16T23:11:48+00:00,1778973108.359,99.87,90.823,125.789,72.20,126.517,155.643,81.29,35.44,34.85,35.01
2026-05-16T23:11:53+00:00,1778973113.360,99.87,90.830,125.789,72.21,126.525,155.643,81.29,35.64,34.91,35.03
2026-05-16T23:11:58+00:00,1778973118.362,99.87,90.837,125.789,72.21,126.531,155.643,81.30,35.35,34.86,35.01
2026-05-16T23:12:03+00:00,1778973123.363,99.87,90.852,125.789,72.23,126.536,155.643,81.30,35.40,34.88,35.02
2026-05-16T23:12:08+00:00,1778973128.364,99.85,90.866,125.789,72.24,126.544,155.643,81.30,35.37,34.88,35.02
2026-05-16T23:12:13+00:00,1778973133.366,99.86,90.872,125.789,72.24,126.551,155.643,81.31,35.26,34.87,35.01
2026-05-16T23:12:18+00:00,1778973138.367,99.87,90.877,125.789,72.25,126.558,155.643,81.31,35.08,34.83,35.00
2026-05-16T23:12:23+00:00,1778973143.369,99.86,90.893,125.789,72.26,126.565,155.643,81.32,35.15,34.85,35.00
2026-05-16T23:12:28+00:00,1778973148.370,99.87,90.897,125.789,72.26,126.571,155.643,81.32,35.22,34.87,35.01
2026-05-16T23:12:33+00:00,1778973153.371,99.86,90.900,125.789,72.26,126.577,155.643,81.33,35.12,34.86,35.00
2026-05-16T23:12:38+00:00,1778973158.373,99.87,90.912,125.789,72.27,126.585,155.643,81.33,35.27,34.89,35.02
2026-05-16T23:12:43+00:00,1778973163.374,99.87,90.994,125.789,72.34,126.592,155.643,81.34,35.17,34.88,35.01
2026-05-16T23:12:48+00:00,1778973168.375,99.87,90.989,125.789,72.34,126.601,155.643,81.34,34.92,34.83,34.99
2026-05-16T23:12:53+00:00,1778973173.377,99.88,90.995,125.789,72.34,126.614,155.643,81.35,34.68,34.78,34.98
2026-05-16T23:12:58+00:00,1778973178.378,99.88,90.994,125.789,72.34,126.633,155.643,81.36,34.55,34.75,34.97
2026-05-16T23:13:03+00:00,1778973183.380,99.86,90.991,125.789,72.34,126.649,155.643,81.37,34.42,34.72,34.95
2026-05-16T23:13:08+00:00,1778973188.381,99.86,90.982,125.789,72.33,126.661,155.643,81.38,34.55,34.75,34.96
2026-05-16T23:13:13+00:00,1778973193.382,99.87,90.986,125.789,72.33,126.671,155.643,81.39,34.59,34.75,34.96
2026-05-16T23:13:18+00:00,1778973198.384,99.84,90.965,125.789,72.32,126.681,155.643,81.39,34.78,34.79,34.97
2026-05-16T23:13:23+00:00,1778973203.385,99.87,90.963,125.789,72.31,126.690,155.643,81.40,35.20,34.87,35.00
2026-05-16T23:13:28+00:00,1778973208.386,99.87,90.965,125.789,72.32,126.698,155.643,81.40,34.94,34.83,34.98
2026-05-16T23:13:33+00:00,1778973213.388,99.87,90.980,125.789,72.33,126.706,155.643,81.41,34.95,34.83,34.98
2026-05-16T23:13:38+00:00,1778973218.389,99.85,90.988,125.789,72.33,126.713,155.643,81.41,34.95,34.83,34.98
2026-05-16T23:13:43+00:00,1778973223.390,99.88,91.002,125.789,72.35,126.720,155.643,81.42,34.79,34.80,34.97
2026-05-16T23:13:48+00:00,1778973228.392,99.85,91.015,125.789,72.36,126.726,155.643,81.42,34.57,34.75,34.96
2026-05-16T23:13:53+00:00,1778973233.393,99.85,91.022,125.789,72.36,126.733,155.643,81.43,34.28,34.69,34.94
2026-05-16T23:13:58+00:00,1778973238.395,99.85,91.029,125.789,72.37,126.739,155.643,81.43,34.10,34.65,34.92
2026-05-16T23:14:03+00:00,1778973243.396,99.86,91.035,125.789,72.37,126.747,155.643,81.43,33.93,34.60,34.90
2026-05-16T23:14:08+00:00,1778973248.397,99.86,91.041,125.789,72.38,126.753,155.643,81.44,34.42,34.69,34.93
2026-05-16T23:14:13+00:00,1778973253.399,99.85,91.052,125.789,72.38,126.758,155.643,81.44,34.39,34.68,34.93
2026-05-16T23:14:18+00:00,1778973258.400,99.86,91.060,125.789,72.39,126.765,155.643,81.45,35.08,34.82,34.97
2026-05-16T23:14:23+00:00,1778973263.401,99.84,91.162,125.789,72.47,126.772,155.643,81.45,34.99,34.81,34.96
2026-05-16T23:14:28+00:00,1778973268.403,99.79,91.156,125.789,72.47,126.781,155.643,81.46,34.91,34.79,34.96
2026-05-16T23:14:33+00:00,1778973273.404,99.85,91.174,125.789,72.48,126.794,155.643,81.47,34.84,34.78,34.95
2026-05-16T23:14:38+00:00,1778973278.405,99.86,91.173,125.789,72.48,126.810,155.643,81.48,34.69,34.75,34.94
2026-05-16T23:14:43+00:00,1778973283.407,99.88,91.165,125.789,72.47,126.830,155.643,81.49,35.51,34.92,35.00
2026-05-16T23:14:48+00:00,1778973288.408,99.87,91.141,125.789,72.46,126.842,155.643,81.50,35.55,34.94,35.00
2026-05-16T23:14:53+00:00,1778973293.410,99.87,91.138,125.789,72.45,126.852,155.643,81.50,35.91,35.02,35.03
2026-05-16T23:14:58+00:00,1778973298.411,99.87,91.147,125.789,72.46,126.861,155.643,81.51,36.16,35.09,35.05
2026-05-16T23:15:03+00:00,1778973303.412,99.86,91.143,125.789,72.46,126.870,155.643,81.51,35.98,35.07,35.05
2026-05-16T23:15:08+00:00,1778973308.414,99.86,91.157,125.789,72.47,126.878,155.643,81.52,35.67,35.02,35.03
2026-05-16T23:15:13+00:00,1778973313.415,99.86,91.164,125.789,72.47,126.886,155.643,81.52,35.93,35.08,35.05
2026-05-16T23:15:18+00:00,1778973318.417,99.80,91.171,125.789,72.48,126.894,155.643,81.53,35.62,35.03,35.03
2026-05-16T23:15:23+00:00,1778973323.418,99.82,91.170,125.789,72.48,126.901,155.643,81.53,35.57,35.03,35.03
2026-05-16T23:15:28+00:00,1778973328.419,99.87,91.177,125.789,72.48,126.908,155.643,81.54,35.92,35.12,35.06
2026-05-16T23:15:33+00:00,1778973333.421,99.85,91.188,125.789,72.49,126.915,155.643,81.54,35.69,35.08,35.05
2026-05-16T23:15:38+00:00,1778973338.422,99.86,91.193,125.789,72.50,126.922,155.643,81.55,36.11,35.18,35.08
2026-05-16T23:15:43+00:00,1778973343.423,99.86,91.201,125.789,72.50,126.929,155.643,81.55,35.62,35.09,35.05
2026-05-16T23:15:48+00:00,1778973348.425,99.86,91.213,125.789,72.51,126.934,155.643,81.56,35.81,35.14,35.07
2026-05-16T23:15:53+00:00,1778973353.426,99.86,91.218,125.789,72.52,126.941,155.643,81.56,35.59,35.10,35.06
2026-05-16T23:15:58+00:00,1778973358.427,99.86,91.225,125.789,72.52,126.948,155.643,81.56,36.34,35.27,35.11
2026-05-16T23:16:03+00:00,1778973363.429,99.86,91.293,125.789,72.58,126.954,155.643,81.57,36.00,35.21,35.10
2026-05-16T23:16:08+00:00,1778973368.430,99.84,91.303,125.789,72.58,126.963,155.643,81.57,36.40,35.31,35.13
2026-05-16T23:16:13+00:00,1778973373.432,99.87,91.310,125.789,72.59,126.977,155.643,81.58,36.12,35.27,35.12
2026-05-16T23:16:18+00:00,1778973378.433,99.85,91.317,125.789,72.60,126.994,155.643,81.59,35.95,35.25,35.11
2026-05-16T23:16:23+00:00,1778973383.434,99.88,91.307,125.789,72.59,127.009,155.643,81.60,35.72,35.21,35.10
2026-05-16T23:16:28+00:00,1778973388.436,99.89,91.285,125.789,72.57,127.020,155.643,81.61,35.42,35.16,35.08
2026-05-16T23:16:33+00:00,1778973393.437,99.87,91.279,125.789,72.57,127.029,155.643,81.62,35.22,35.12,35.07
2026-05-16T23:16:38+00:00,1778973398.438,99.86,91.275,125.789,72.56,127.038,155.643,81.62,35.21,35.12,35.07
2026-05-16T23:16:43+00:00,1778973403.439,99.86,91.280,125.789,72.57,127.047,155.643,81.63,34.39,34.95,35.01
2026-05-16T23:16:48+00:00,1778973408.441,99.86,91.284,125.789,72.57,127.056,155.643,81.63,34.44,34.95,35.01
2026-05-16T23:16:53+00:00,1778973413.442,99.87,91.294,125.789,72.58,127.062,155.643,81.64,34.80,35.02,35.04
2026-05-16T23:16:58+00:00,1778973418.443,99.85,91.302,125.789,72.58,127.069,155.643,81.64,35.38,35.14,35.07
2026-05-16T23:17:03+00:00,1778973423.445,99.87,91.306,125.789,72.59,127.076,155.643,81.65,35.19,35.10,35.06
2026-05-16T23:17:08+00:00,1778973428.446,99.81,91.319,125.789,72.60,127.083,155.643,81.65,35.66,35.20,35.09
2026-05-16T23:17:13+00:00,1778973433.447,99.86,91.321,125.789,72.60,127.091,155.643,81.66,35.60,35.20,35.09
2026-05-16T23:17:18+00:00,1778973438.449,99.87,91.323,125.789,72.60,127.100,155.643,81.66,35.39,35.16,35.08
2026-05-16T23:17:23+00:00,1778973443.450,99.86,91.332,125.789,72.61,127.107,155.643,81.67,35.92,35.27,35.12
2026-05-16T23:17:28+00:00,1778973448.452,99.86,91.341,125.789,72.61,127.113,155.643,81.67,35.69,35.24,35.11
2026-05-16T23:17:33+00:00,1778973453.453,99.86,91.356,125.789,72.63,127.121,155.643,81.67,35.55,35.21,35.10
2026-05-16T23:17:38+00:00,1778973458.454,99.86,91.444,125.789,72.70,127.128,155.643,81.68,35.51,35.21,35.10
2026-05-16T23:17:43+00:00,1778973463.456,99.86,91.459,125.789,72.71,127.139,155.643,81.69,35.23,35.16,35.08
2026-05-16T23:17:48+00:00,1778973468.457,99.81,91.476,125.789,72.72,127.153,155.643,81.70,34.49,35.00,35.03
2026-05-16T23:17:53+00:00,1778973473.459,99.85,91.474,125.789,72.72,127.173,155.643,81.71,34.53,35.00,35.03
2026-05-16T23:17:58+00:00,1778973478.460,99.87,91.465,125.789,72.71,127.190,155.643,81.72,34.41,34.97,35.02
2026-05-16T23:18:03+00:00,1778973483.461,99.87,91.445,125.789,72.70,127.201,155.643,81.73,34.29,34.94,35.01
2026-05-16T23:18:08+00:00,1778973488.463,99.84,91.440,125.789,72.69,127.212,155.643,81.73,34.43,34.96,35.02
2026-05-16T23:18:13+00:00,1778973493.464,99.86,91.444,125.789,72.70,127.222,155.643,81.74,34.80,35.02,35.04
2026-05-16T23:18:18+00:00,1778973498.465,99.86,91.446,125.789,72.70,127.232,155.643,81.75,34.65,34.99,35.03
2026-05-16T23:18:23+00:00,1778973503.467,99.87,91.447,125.789,72.70,127.241,155.643,81.75,34.52,34.96,35.02
2026-05-16T23:18:28+00:00,1778973508.468,99.86,91.457,125.789,72.71,127.248,155.643,81.76,35.20,35.09,35.06
2026-05-16T23:18:33+00:00,1778973513.469,99.86,91.467,125.789,72.71,127.255,155.643,81.76,35.82,35.22,35.10
2026-05-16T23:18:38+00:00,1778973518.471,99.86,91.470,125.789,72.72,127.263,155.643,81.77,36.08,35.28,35.12
2026-05-16T23:18:43+00:00,1778973523.472,99.86,91.470,125.789,72.72,127.271,155.643,81.77,36.07,35.30,35.13
2026-05-16T23:18:48+00:00,1778973528.473,99.86,91.487,125.789,72.73,127.279,155.643,81.78,35.75,35.24,35.11
2026-05-16T23:18:53+00:00,1778973533.475,99.86,91.491,125.789,72.73,127.287,155.643,81.78,35.77,35.25,35.12
2026-05-16T23:18:58+00:00,1778973538.476,99.84,91.492,125.789,72.74,127.293,155.643,81.79,35.47,35.20,35.10
2026-05-16T23:19:03+00:00,1778973543.478,99.87,91.507,125.789,72.75,127.298,155.643,81.79,35.35,35.18,35.09
2026-05-16T23:19:08+00:00,1778973548.479,99.86,91.518,125.789,72.76,127.305,155.643,81.79,35.08,35.13,35.07
2026-05-16T23:19:13+00:00,1778973553.480,99.86,91.582,125.789,72.81,127.312,155.643,81.80,34.83,35.07,35.06
2026-05-16T23:19:18+00:00,1778973558.482,99.84,91.589,125.789,72.81,127.322,155.643,81.80,35.01,35.11,35.07
2026-05-16T23:19:23+00:00,1778973563.483,99.86,91.596,125.789,72.82,127.337,155.643,81.81,34.85,35.07,35.06
2026-05-16T23:19:28+00:00,1778973568.484,99.85,91.598,125.789,72.82,127.356,155.643,81.83,35.02,35.10,35.07
2026-05-16T23:19:33+00:00,1778973573.486,99.87,91.589,125.789,72.81,127.372,155.643,81.84,34.78,35.05,35.05
2026-05-16T23:19:38+00:00,1778973578.487,99.87,91.580,125.789,72.80,127.383,155.643,81.84,34.71,35.03,35.05
2026-05-16T23:19:43+00:00,1778973583.489,99.86,91.582,125.789,72.81,127.393,155.643,81.85,34.66,35.02,35.04
2026-05-16T23:19:48+00:00,1778973588.490,99.86,91.582,125.789,72.81,127.403,155.643,81.86,35.32,35.15,35.08
2026-05-16T23:19:53+00:00,1778973593.491,99.85,91.584,125.789,72.81,127.413,155.643,81.86,35.22,35.13,35.08
2026-05-16T23:19:58+00:00,1778973598.493,99.86,91.587,125.789,72.81,127.420,155.643,81.87,34.96,35.08,35.06
2026-05-16T23:20:03+00:00,1778973603.494,99.86,91.594,125.789,72.82,127.427,155.643,81.87,35.20,35.13,35.08
2026-05-16T23:20:08+00:00,1778973608.496,99.86,91.604,125.789,72.82,127.434,155.643,81.88,35.27,35.14,35.08
2026-05-16T23:20:13+00:00,1778973613.497,99.85,91.616,125.789,72.83,127.441,155.643,81.88,35.17,35.12,35.08
2026-05-16T23:20:18+00:00,1778973618.498,99.86,91.625,125.789,72.84,127.448,155.643,81.88,35.07,35.10,35.07
2026-05-16T23:20:23+00:00,1778973623.500,99.86,91.641,125.789,72.85,127.454,155.643,81.89,34.75,35.03,35.05
2026-05-16T23:20:28+00:00,1778973628.501,99.86,91.649,125.789,72.86,127.461,155.643,81.89,34.61,35.00,35.04
2026-05-16T23:20:33+00:00,1778973633.502,99.86,91.666,125.789,72.87,127.469,155.643,81.90,34.40,34.95,35.02
2026-05-16T23:20:38+00:00,1778973638.504,99.86,91.671,125.789,72.88,127.475,155.643,81.90,34.45,34.95,35.02
2026-05-16T23:20:43+00:00,1778973643.505,99.86,91.685,125.789,72.89,127.483,155.643,81.91,34.33,34.92,35.01
2026-05-16T23:20:48+00:00,1778973648.507,99.84,91.715,125.789,72.91,127.490,155.643,81.91,34.78,35.00,35.04
2026-05-16T23:20:53+00:00,1778973653.508,99.85,91.755,125.789,72.94,127.501,155.643,81.92,35.60,35.17,35.09
2026-05-16T23:20:58+00:00,1778973658.509,99.83,91.824,125.789,73.00,127.514,155.643,81.93,35.39,35.13,35.08
2026-05-16T23:21:03+00:00,1778973663.511,99.84,91.835,125.789,73.01,127.531,155.643,81.94,35.28,35.11,35.07
2026-05-16T23:21:08+00:00,1778973668.512,99.86,91.836,125.789,73.01,127.550,155.643,81.95,35.02,35.06,35.06
2026-05-16T23:21:13+00:00,1778973673.513,99.85,91.826,125.789,73.00,127.562,155.643,81.96,35.82,35.23,35.11
2026-05-16T23:21:18+00:00,1778973678.515,99.85,91.817,125.789,72.99,127.573,155.643,81.97,35.59,35.19,35.10
2026-05-16T23:21:23+00:00,1778973683.516,99.85,91.814,125.789,72.99,127.582,155.643,81.97,35.38,35.15,35.09
2026-05-16T23:21:28+00:00,1778973688.517,99.85,91.810,125.789,72.99,127.592,155.643,81.98,36.07,35.30,35.13
2026-05-16T23:21:33+00:00,1778973693.519,99.84,91.819,125.789,72.99,127.600,155.643,81.98,36.47,35.39,35.17
2026-05-16T23:21:38+00:00,1778973698.520,99.86,91.823,125.789,73.00,127.608,155.643,81.99,36.11,35.34,35.15
2026-05-16T23:21:43+00:00,1778973703.522,99.86,91.827,125.789,73.00,127.615,155.643,81.99,36.34,35.40,35.17
2026-05-16T23:21:48+00:00,1778973708.523,99.86,91.830,125.789,73.00,127.622,155.643,82.00,36.15,35.38,35.16
2026-05-16T23:21:53+00:00,1778973713.524,99.87,91.836,125.789,73.01,127.631,155.643,82.00,36.46,35.45,35.19
2026-05-16T23:21:58+00:00,1778973718.526,99.85,91.842,125.789,73.01,127.638,155.643,82.01,36.59,35.50,35.20
2026-05-16T23:22:03+00:00,1778973723.527,99.86,91.847,125.789,73.02,127.644,155.643,82.01,36.46,35.49,35.20
2026-05-16T23:22:08+00:00,1778973728.528,99.86,91.857,125.789,73.02,127.649,155.643,82.01,35.94,35.40,35.18
2026-05-16T23:22:13+00:00,1778973733.530,99.86,91.867,125.789,73.03,127.655,155.643,82.02,35.62,35.34,35.16
2026-05-16T23:22:18+00:00,1778973738.531,99.86,91.875,125.789,73.04,127.661,155.643,82.02,35.41,35.30,35.15
2026-05-16T23:22:23+00:00,1778973743.533,99.87,91.844,125.789,73.01,127.668,155.643,82.03,35.14,35.25,35.13
2026-05-16T23:22:28+00:00,1778973748.534,99.82,91.875,125.789,73.04,127.676,155.643,82.03,35.13,35.24,35.13
2026-05-16T23:22:33+00:00,1778973753.535,99.87,91.896,125.789,73.06,127.689,155.643,82.04,34.96,35.20,35.12
2026-05-16T23:22:38+00:00,1778973758.537,99.85,91.918,125.789,73.07,127.704,155.643,82.05,34.72,35.15,35.10
2026-05-16T23:22:43+00:00,1778973763.538,99.86,91.937,125.789,73.09,127.722,155.643,82.06,35.14,35.23,35.13
2026-05-16T23:22:48+00:00,1778973768.539,99.87,91.933,125.789,73.09,127.734,155.643,82.07,35.29,35.26,35.14
2026-05-16T23:22:53+00:00,1778973773.541,99.86,91.933,125.789,73.09,127.744,155.643,82.08,35.59,35.32,35.16
2026-05-16T23:22:58+00:00,1778973778.542,99.86,91.933,125.789,73.09,127.754,155.643,82.08,36.26,35.47,35.20
2026-05-16T23:23:03+00:00,1778973783.544,99.84,91.925,125.789,73.08,127.763,155.643,82.09,36.16,35.46,35.20
2026-05-16T23:23:08+00:00,1778973788.545,99.85,91.935,125.789,73.09,127.772,155.643,82.09,35.99,35.43,35.20
2026-05-16T23:23:13+00:00,1778973793.546,99.86,91.938,125.789,73.09,127.779,155.643,82.10,35.67,35.38,35.18
2026-05-16T23:23:18+00:00,1778973798.548,99.86,91.943,125.789,73.09,127.787,155.643,82.10,35.37,35.32,35.16
2026-05-16T23:23:23+00:00,1778973803.549,99.86,91.954,125.789,73.10,127.794,155.643,82.11,35.67,35.38,35.18
2026-05-16T23:23:28+00:00,1778973808.550,99.85,91.960,125.789,73.11,127.801,155.643,82.11,35.53,35.36,35.18
2026-05-16T23:23:33+00:00,1778973813.552,99.86,91.967,125.789,73.11,127.809,155.643,82.12,35.41,35.34,35.17
2026-05-16T23:23:38+00:00,1778973818.553,99.84,91.981,125.789,73.12,127.817,155.643,82.12,35.06,35.26,35.15
2026-05-16T23:23:43+00:00,1778973823.555,99.86,91.995,125.789,73.13,127.825,155.643,82.13,34.89,35.23,35.14
2026-05-16T23:23:48+00:00,1778973828.556,99.84,92.003,125.789,73.14,127.832,155.643,82.13,35.38,35.32,35.17
2026-05-16T23:23:53+00:00,1778973833.557,99.85,92.009,125.789,73.15,127.838,155.643,82.14,35.11,35.27,35.15
2026-05-16T23:23:58+00:00,1778973838.559,99.86,92.018,125.789,73.15,127.845,155.643,82.14,34.86,35.21,35.13
2026-05-16T23:24:03+00:00,1778973843.560,99.86,92.083,125.789,73.20,127.852,155.643,82.14,34.79,35.19,35.13
2026-05-16T23:24:08+00:00,1778973848.561,99.87,92.098,125.789,73.22,127.861,155.643,82.15,34.57,35.14,35.11
2026-05-16T23:24:13+00:00,1778973853.563,99.84,92.127,125.789,73.24,127.874,155.643,82.16,34.36,35.09,35.09
2026-05-16T23:24:18+00:00,1778973858.564,99.83,92.124,125.789,73.24,127.893,155.643,82.17,34.89,35.19,35.12
2026-05-16T23:24:23+00:00,1778973863.565,99.84,92.122,125.789,73.24,127.911,155.643,82.18,34.74,35.15,35.11
2026-05-16T23:24:28+00:00,1778973868.567,99.86,92.094,125.789,73.21,127.924,155.643,82.19,34.60,35.11,35.10
2026-05-16T23:24:33+00:00,1778973873.568,99.86,92.097,125.789,73.22,127.934,155.643,82.20,34.71,35.13,35.11
2026-05-16T23:24:38+00:00,1778973878.569,99.87,92.097,125.789,73.22,127.945,155.643,82.20,34.50,35.08,35.09
2026-05-16T23:24:43+00:00,1778973883.571,99.84,92.098,125.789,73.22,127.953,155.643,82.21,34.86,35.14,35.11
2026-05-16T23:24:48+00:00,1778973888.572,99.84,92.105,125.789,73.22,127.962,155.643,82.22,34.63,35.09,35.09
2026-05-16T23:24:53+00:00,1778973893.574,99.86,92.108,125.789,73.22,127.970,155.643,82.22,35.06,35.17,35.12
2026-05-16T23:24:58+00:00,1778973898.575,99.87,92.113,125.789,73.23,127.976,155.643,82.22,35.29,35.22,35.14
2026-05-16T23:25:03+00:00,1778973903.576,99.87,92.122,125.789,73.24,127.983,155.643,82.23,35.11,35.18,35.12
2026-05-16T23:25:08+00:00,1778973908.577,99.87,92.133,125.789,73.24,127.991,155.643,82.23,35.10,35.18,35.12
2026-05-16T23:25:13+00:00,1778973913.579,99.88,92.144,125.789,73.25,127.999,155.643,82.24,35.01,35.16,35.12
2026-05-16T23:25:18+00:00,1778973918.580,99.85,92.153,125.789,73.26,128.006,155.643,82.24,35.57,35.27,35.15
2026-05-16T23:25:23+00:00,1778973923.581,99.88,92.325,125.789,73.40,128.012,155.643,82.25,35.37,35.23,35.14
2026-05-16T23:25:28+00:00,1778973928.583,99.87,92.329,125.789,73.40,128.017,155.643,82.25,35.10,35.18,35.12
2026-05-16T23:25:33+00:00,1778973933.584,99.86,92.327,125.789,73.40,128.022,155.643,82.25,35.01,35.16,35.12
2026-05-16T23:25:38+00:00,1778973938.586,99.87,92.338,125.789,73.41,128.029,155.643,82.26,34.77,35.11,35.10
2026-05-16T23:25:43+00:00,1778973943.587,99.85,92.363,125.789,73.43,128.037,155.643,82.26,34.63,35.07,35.09
2026-05-16T23:25:48+00:00,1778973948.588,99.89,92.387,125.789,73.45,128.049,155.643,82.27,34.50,35.04,35.08
2026-05-16T23:25:53+00:00,1778973953.590,99.88,92.413,125.789,73.47,128.064,155.643,82.28,34.37,35.00,35.07
2026-05-16T23:25:58+00:00,1778973958.591,99.88,92.428,125.789,73.48,128.082,155.643,82.29,34.83,35.09,35.09
2026-05-16T23:26:03+00:00,1778973963.593,99.87,92.414,125.789,73.47,128.094,155.643,82.30,34.68,35.05,35.08
2026-05-16T23:26:08+00:00,1778973968.594,99.86,92.400,125.789,73.46,128.104,155.643,82.31,34.70,35.05,35.08
2026-05-16T23:26:13+00:00,1778973973.596,99.77,92.401,125.789,73.46,128.115,155.643,82.31,34.57,35.02,35.07
2026-05-16T23:26:18+00:00,1778973978.597,99.87,92.401,125.789,73.46,128.124,155.643,82.32,35.40,35.18,35.12
2026-05-16T23:26:23+00:00,1778973983.598,99.86,92.408,125.789,73.46,128.133,155.643,82.33,35.13,35.13,35.11
2026-05-16T23:26:28+00:00,1778973988.600,99.86,92.411,125.789,73.47,128.141,155.643,82.33,34.96,35.09,35.10
2026-05-16T23:26:33+00:00,1778973993.601,99.87,92.424,125.789,73.48,128.148,155.643,82.34,34.72,35.04,35.08
2026-05-16T23:26:38+00:00,1778973998.602,99.87,92.435,125.789,73.48,128.155,155.643,82.34,34.99,35.09,35.09
2026-05-16T23:26:43+00:00,1778974003.604,99.83,92.433,125.789,73.48,128.162,155.643,82.34,34.51,34.99,35.06
2026-05-16T23:26:48+00:00,1778974008.605,99.89,92.447,125.789,73.49,128.168,155.643,82.35,34.55,34.99,35.06
2026-05-16T23:26:53+00:00,1778974013.607,99.86,92.458,125.789,73.50,128.176,155.643,82.35,34.34,34.94,35.04
2026-05-16T23:26:58+00:00,1778974018.608,99.89,92.459,125.789,73.50,128.184,155.643,82.36,34.47,34.96,35.05
2026-05-16T23:27:03+00:00,1778974023.609,99.86,92.475,125.789,73.52,128.191,155.643,82.36,34.36,34.93,35.04
2026-05-16T23:27:08+00:00,1778974028.611,99.87,92.486,125.789,73.53,128.197,155.643,82.37,34.17,34.88,35.02
2026-05-16T23:27:13+00:00,1778974033.612,99.86,92.496,125.789,73.53,128.204,155.643,82.37,34.23,34.88,35.02
2026-05-16T23:27:18+00:00,1778974038.613,99.82,92.605,125.789,73.62,128.212,155.643,82.38,34.14,34.85,35.01
2026-05-16T23:27:23+00:00,1778974043.614,99.85,92.576,125.789,73.60,128.221,155.643,82.38,34.20,34.85,35.01
2026-05-16T23:27:28+00:00,1778974048.616,99.86,92.595,125.789,73.61,128.233,155.643,82.39,34.11,34.82,35.00
2026-05-16T23:27:33+00:00,1778974053.617,99.79,92.597,125.789,73.61,128.251,155.643,82.40,34.02,34.79,34.99
2026-05-16T23:27:38+00:00,1778974058.618,99.87,92.444,125.789,73.49,128.271,155.643,82.41,35.30,35.04,35.07
2026-05-16T23:27:43+00:00,1778974063.620,99.86,92.422,125.789,73.47,128.283,155.643,82.42,35.19,35.02,35.06
2026-05-16T23:27:48+00:00,1778974068.621,99.88,92.423,125.789,73.48,128.292,155.643,82.43,35.66,35.12,35.09
2026-05-16T23:27:53+00:00,1778974073.623,99.84,92.426,125.789,73.48,128.301,155.643,82.43,35.37,35.07,35.08
2026-05-16T23:27:58+00:00,1778974078.624,99.87,92.414,125.789,73.47,128.311,155.643,82.44,35.10,35.02,35.06
2026-05-16T23:28:03+00:00,1778974083.625,99.87,92.429,125.789,73.48,128.319,155.643,82.44,35.97,35.20,35.12
2026-05-16T23:28:08+00:00,1778974088.627,99.82,92.428,125.789,73.48,128.328,155.643,82.45,35.73,35.17,35.11
2026-05-16T23:28:13+00:00,1778974093.628,99.87,92.450,125.789,73.50,128.336,155.643,82.46,36.31,35.30,35.15
2026-05-16T23:28:18+00:00,1778974098.630,99.86,92.464,125.789,73.51,128.343,155.643,82.46,36.93,35.44,35.20
2026-05-16T23:28:23+00:00,1778974103.631,99.87,92.548,125.789,73.57,128.351,155.643,82.47,36.94,35.47,35.21
2026-05-16T23:28:28+00:00,1778974108.632,99.86,92.554,125.789,73.58,128.358,155.643,82.47,36.78,35.46,35.21
2026-05-16T23:28:33+00:00,1778974113.634,99.87,92.566,125.789,73.59,128.365,155.643,82.47,36.40,35.40,35.19
2026-05-16T23:28:38+00:00,1778974118.635,99.86,92.576,125.789,73.60,128.372,155.643,82.48,36.04,35.35,35.17
2026-05-16T23:28:43+00:00,1778974123.636,99.86,92.585,125.789,73.60,128.378,155.643,82.48,35.96,35.34,35.17
2026-05-16T23:28:48+00:00,1778974128.638,99.86,92.595,125.789,73.61,128.384,155.643,82.49,36.04,35.37,35.18
2026-05-16T23:28:53+00:00,1778974133.639,99.86,92.602,125.789,73.62,128.390,155.643,82.49,35.80,35.33,35.17
2026-05-16T23:28:58+00:00,1778974138.641,99.86,92.677,125.789,73.68,128.397,155.643,82.49,35.66,35.31,35.16
2026-05-16T23:29:03+00:00,1778974143.642,99.85,92.663,125.789,73.67,128.405,155.643,82.50,35.44,35.27,35.15
2026-05-16T23:29:08+00:00,1778974148.643,99.87,92.668,125.789,73.67,128.419,155.643,82.51,35.65,35.31,35.17
2026-05-16T23:29:13+00:00,1778974153.645,99.80,92.681,125.789,73.68,128.434,155.643,82.52,35.60,35.31,35.17
2026-05-16T23:29:18+00:00,1778974158.646,99.84,92.689,125.789,73.69,128.450,155.643,82.53,35.71,35.34,35.18
2026-05-16T23:29:23+00:00,1778974163.648,99.87,92.670,125.789,73.67,128.462,155.643,82.54,35.49,35.30,35.16
2026-05-16T23:29:28+00:00,1778974168.649,99.87,92.667,125.789,73.67,128.471,155.643,82.54,35.45,35.29,35.16
2026-05-16T23:29:33+00:00,1778974173.650,99.86,92.671,125.789,73.67,128.480,155.643,82.55,35.66,35.34,35.18
2026-05-16T23:29:38+00:00,1778974178.652,99.86,92.675,125.789,73.68,128.490,155.643,82.55,36.08,35.43,35.21
2026-05-16T23:29:43+00:00,1778974183.653,99.86,92.688,125.789,73.69,128.498,155.643,82.56,35.84,35.39,35.20
2026-05-16T23:29:48+00:00,1778974188.654,99.86,92.700,125.789,73.70,128.504,155.643,82.56,35.61,35.35,35.19
2026-05-16T23:29:53+00:00,1778974193.656,99.86,92.710,125.789,73.70,128.511,155.643,82.57,35.48,35.33,35.18
2026-05-16T23:29:58+00:00,1778974198.657,99.86,92.702,125.789,73.70,128.517,155.643,82.57,35.92,35.42,35.21
2026-05-16T23:30:03+00:00,1778974203.659,99.87,92.699,125.789,73.69,128.524,155.643,82.58,35.69,35.38,35.20
2026-05-16T23:30:08+00:00,1778974208.660,99.87,92.700,125.789,73.69,128.531,155.643,82.58,36.27,35.51,35.24
2026-05-16T23:30:13+00:00,1778974213.661,99.86,92.698,125.789,73.69,128.539,155.643,82.59,37.29,35.73,35.32
2026-05-16T23:30:18+00:00,1778974218.662,99.87,92.698,125.789,73.69,128.547,155.643,82.59,36.87,35.67,35.30
2026-05-16T23:30:23+00:00,1778974223.664,99.85,92.702,125.789,73.70,128.553,155.643,82.60,36.96,35.71,35.31
2026-05-16T23:30:28+00:00,1778974228.665,99.86,92.707,125.789,73.70,128.560,155.643,82.60,37.36,35.81,35.35
2026-05-16T23:30:33+00:00,1778974233.666,99.86,92.775,125.789,73.76,128.566,155.643,82.60,37.01,35.77,35.34
2026-05-16T23:30:38+00:00,1778974238.668,99.85,92.757,125.789,73.74,128.575,155.643,82.61,37.09,35.80,35.35
2026-05-16T23:30:43+00:00,1778974243.669,99.85,92.843,125.789,73.81,128.588,155.643,82.62,36.93,35.79,35.35
2026-05-16T23:30:48+00:00,1778974248.671,99.86,92.864,125.789,73.83,128.605,155.643,82.63,36.53,35.73,35.33
2026-05-16T23:30:53+00:00,1778974253.672,99.87,92.867,125.789,73.83,128.622,155.643,82.64,36.17,35.67,35.31
2026-05-16T23:30:58+00:00,1778974258.673,99.86,92.830,125.789,73.80,128.636,155.643,82.65,36.39,35.72,35.33
2026-05-16T23:31:03+00:00,1778974263.675,99.86,92.830,125.789,73.80,128.646,155.643,82.66,36.52,35.76,35.35
2026-05-16T23:31:08+00:00,1778974268.676,99.87,92.836,125.789,73.80,128.656,155.643,82.66,37.28,35.93,35.40
2026-05-16T23:31:13+00:00,1778974273.677,99.87,92.837,125.789,73.80,128.666,155.643,82.67,37.42,35.98,35.42
2026-05-16T23:31:18+00:00,1778974278.679,99.86,92.844,125.789,73.81,128.675,155.643,82.67,37.55,36.03,35.44
2026-05-16T23:31:23+00:00,1778974283.680,99.87,92.851,125.789,73.82,128.684,155.643,82.68,37.34,36.01,35.44
2026-05-16T23:31:28+00:00,1778974288.681,99.87,92.857,125.789,73.82,128.691,155.643,82.68,37.56,36.08,35.47
2026-05-16T23:31:33+00:00,1778974293.683,99.86,92.860,125.789,73.82,128.699,155.643,82.69,38.07,36.21,35.51
2026-05-16T23:31:38+00:00,1778974298.684,99.87,92.795,125.789,73.77,128.708,155.643,82.69,37.67,36.16,35.50
2026-05-16T23:31:43+00:00,1778974303.685,99.87,92.806,125.789,73.78,128.714,155.643,82.70,37.21,36.09,35.48
2026-05-16T23:31:48+00:00,1778974308.687,99.86,92.822,125.789,73.79,128.722,155.643,82.70,37.76,36.22,35.52
2026-05-16T23:31:53+00:00,1778974313.688,99.86,92.827,125.789,73.80,128.728,155.643,82.71,37.37,36.17,35.51
2026-05-16T23:31:58+00:00,1778974318.689,99.86,92.832,125.789,73.80,128.735,155.643,82.71,36.94,36.10,35.49
2026-05-16T23:32:03+00:00,1778974323.691,99.87,92.840,125.789,73.81,128.741,155.643,82.72,37.83,36.29,35.56
2026-05-16T23:32:08+00:00,1778974328.692,99.86,92.849,125.789,73.81,128.747,155.643,82.72,37.92,36.34,35.58
2026-05-16T23:32:13+00:00,1778974333.693,99.85,92.927,125.789,73.88,128.754,155.643,82.72,37.53,36.28,35.56
2026-05-16T23:32:18+00:00,1778974338.695,99.82,92.925,125.789,73.87,128.764,155.643,82.73,37.09,36.21,35.54
2026-05-16T23:32:23+00:00,1778974343.696,99.88,92.936,125.789,73.88,128.780,155.643,82.74,37.56,36.33,35.58
2026-05-16T23:32:28+00:00,1778974348.697,99.86,92.940,125.789,73.89,128.799,155.643,82.75,37.11,36.25,35.57
2026-05-16T23:32:33+00:00,1778974353.699,99.87,92.916,125.789,73.87,128.813,155.643,82.76,36.87,36.22,35.56
2026-05-16T23:32:38+00:00,1778974358.700,99.85,92.917,125.789,73.87,128.824,155.643,82.77,36.64,36.18,35.55
2026-05-16T23:32:43+00:00,1778974363.702,99.85,92.917,125.789,73.87,128.833,155.643,82.78,36.10,36.08,35.52
2026-05-16T23:32:48+00:00,1778974368.703,99.85,92.903,125.789,73.86,128.844,155.643,82.78,35.93,36.04,35.51
2026-05-16T23:32:53+00:00,1778974373.704,99.88,92.902,125.789,73.86,128.853,155.643,82.79,36.82,36.22,35.57
2026-05-16T23:32:58+00:00,1778974378.705,99.86,92.910,125.789,73.86,128.859,155.643,82.79,36.43,36.15,35.55
2026-05-16T23:33:03+00:00,1778974383.707,99.84,92.916,125.789,73.87,128.866,155.643,82.80,36.16,36.10,35.54
2026-05-16T23:33:08+00:00,1778974388.708,99.86,92.923,125.789,73.87,128.873,155.643,82.80,35.83,36.03,35.52
2026-05-16T23:33:13+00:00,1778974393.709,99.86,92.929,125.789,73.88,128.879,155.643,82.80,35.52,35.96,35.50
2026-05-16T23:33:18+00:00,1778974398.711,99.85,92.939,125.789,73.88,128.886,155.643,82.81,35.24,35.90,35.48
2026-05-16T23:33:23+00:00,1778974403.712,99.85,92.999,125.789,73.93,128.892,155.643,82.81,34.98,35.83,35.46
2026-05-16T23:33:28+00:00,1778974408.714,99.86,92.977,125.789,73.92,128.899,155.643,82.82,34.82,35.79,35.45
2026-05-16T23:33:33+00:00,1778974413.715,99.85,92.976,125.789,73.91,128.906,155.643,82.82,34.75,35.76,35.44
2026-05-16T23:33:38+00:00,1778974418.716,99.86,92.979,125.789,73.92,128.913,155.643,82.83,34.61,35.71,35.43
2026-05-16T23:33:43+00:00,1778974423.718,99.86,92.987,125.789,73.92,128.921,155.643,82.83,34.48,35.66,35.41
2026-05-16T23:33:48+00:00,1778974428.719,99.85,93.065,125.789,73.99,128.928,155.643,82.84,34.77,35.70,35.43
2026-05-16T23:33:53+00:00,1778974433.720,99.85,93.068,125.789,73.99,128.939,155.643,82.84,34.62,35.66,35.41
2026-05-16T23:33:58+00:00,1778974438.722,99.83,93.090,125.789,74.00,128.953,155.643,82.85,34.41,35.60,35.40
2026-05-16T23:34:03+00:00,1778974443.723,99.84,93.087,125.789,74.00,128.970,155.643,82.86,34.70,35.64,35.41
2026-05-16T23:34:08+00:00,1778974448.725,99.86,93.092,125.789,74.01,128.990,155.643,82.88,35.29,35.74,35.45
2026-05-16T23:34:13+00:00,1778974453.726,99.87,93.064,125.789,73.98,129.001,155.643,82.88,35.58,35.80,35.47
2026-05-16T23:34:18+00:00,1778974458.728,99.85,93.063,125.789,73.98,129.011,155.643,82.89,36.18,35.92,35.51
2026-05-16T23:34:23+00:00,1778974463.729,99.85,93.059,125.789,73.98,129.020,155.643,82.90,35.84,35.85,35.49
2026-05-16T23:34:28+00:00,1778974468.730,99.85,93.060,125.789,73.98,129.030,155.643,82.90,36.18,35.92,35.51
2026-05-16T23:34:33+00:00,1778974473.731,99.87,93.069,125.789,73.99,129.039,155.643,82.91,36.16,35.92,35.51
2026-05-16T23:34:38+00:00,1778974478.733,99.87,93.073,125.789,73.99,129.048,155.643,82.91,35.99,35.89,35.51
2026-05-16T23:34:43+00:00,1778974483.734,99.84,93.146,125.789,74.05,129.055,155.643,82.92,36.55,36.01,35.55
2026-05-16T23:34:48+00:00,1778974488.735,99.84,93.134,125.789,74.04,129.063,155.643,82.92,36.43,35.99,35.54
2026-05-16T23:34:53+00:00,1778974493.737,99.86,93.134,125.789,74.04,129.071,155.643,82.93,36.31,35.98,35.54
2026-05-16T23:34:58+00:00,1778974498.738,99.85,93.141,125.789,74.05,129.077,155.643,82.93,36.05,35.93,35.53
2026-05-16T23:35:03+00:00,1778974503.739,99.85,93.150,125.789,74.05,129.083,155.643,82.94,35.64,35.84,35.50
2026-05-16T23:35:08+00:00,1778974508.741,99.86,93.156,125.789,74.06,129.090,155.643,82.94,35.35,35.78,35.48
2026-05-16T23:35:13+00:00,1778974513.742,99.84,93.169,125.789,74.07,129.096,155.643,82.94,35.08,35.72,35.46
2026-05-16T23:35:18+00:00,1778974518.744,99.86,93.171,125.789,74.07,129.103,155.643,82.95,34.75,35.64,35.44
2026-05-16T23:35:23+00:00,1778974523.745,99.87,93.171,125.789,74.07,129.110,155.643,82.95,34.93,35.66,35.45
2026-05-16T23:35:28+00:00,1778974528.746,99.81,93.251,125.789,74.13,129.118,155.643,82.96,34.86,35.63,35.44
2026-05-16T23:35:33+00:00,1778974533.748,99.84,93.242,125.789,74.13,129.130,155.643,82.97,34.63,35.57,35.42
2026-05-16T23:35:38+00:00,1778974538.749,99.87,93.241,125.789,74.13,129.145,155.643,82.98,34.42,35.51,35.40
2026-05-16T23:35:43+00:00,1778974543.750,99.86,93.240,125.789,74.12,129.163,155.643,82.99,34.30,35.47,35.39
2026-05-16T23:35:48+00:00,1778974548.752,99.85,93.221,125.789,74.11,129.176,155.643,83.00,34.12,35.41,35.37
2026-05-16T23:35:53+00:00,1778974553.753,99.86,93.214,125.789,74.10,129.186,155.643,83.00,33.79,35.32,35.34
2026-05-16T23:35:58+00:00,1778974558.754,99.86,93.212,125.789,74.10,129.196,155.643,83.01,34.69,35.48,35.39
2026-05-16T23:36:03+00:00,1778974563.756,99.86,93.207,125.789,74.10,129.204,155.643,83.01,34.47,35.43,35.38
2026-05-16T23:36:08+00:00,1778974568.757,99.86,93.211,125.789,74.10,129.212,155.643,83.02,35.24,35.57,35.42
2026-05-16T23:36:13+00:00,1778974573.758,99.85,93.223,125.789,74.11,129.220,155.643,83.02,34.98,35.51,35.40
2026-05-16T23:36:18+00:00,1778974578.760,99.87,93.224,125.789,74.11,129.228,155.643,83.03,35.14,35.53,35.41
2026-05-16T23:36:23+00:00,1778974583.761,99.86,93.241,125.789,74.13,129.234,155.643,83.03,35.21,35.54,35.42
2026-05-16T23:36:28+00:00,1778974588.763,99.84,93.245,125.789,74.13,129.240,155.643,83.04,35.11,35.52,35.41
2026-05-16T23:36:33+00:00,1778974593.764,99.85,93.256,125.789,74.14,129.246,155.643,83.04,35.58,35.61,35.44
2026-05-16T23:36:38+00:00,1778974598.765,99.86,93.260,125.789,74.14,129.253,155.643,83.04,35.30,35.55,35.42
2026-05-16T23:36:43+00:00,1778974603.767,99.85,93.269,125.789,74.15,129.260,155.643,83.05,35.11,35.50,35.41
2026-05-16T23:36:48+00:00,1778974608.768,99.87,93.274,125.789,74.15,129.266,155.643,83.05,34.94,35.46,35.39
2026-05-16T23:36:53+00:00,1778974613.769,99.86,93.288,125.789,74.16,129.273,155.643,83.06,35.51,35.57,35.43
2026-05-16T23:36:58+00:00,1778974618.771,99.86,93.296,125.789,74.17,129.280,155.643,83.06,35.23,35.51,35.41
2026-05-16T23:37:03+00:00,1778974623.772,99.84,93.399,125.789,74.25,129.287,155.643,83.07,35.05,35.47,35.40
2026-05-16T23:37:08+00:00,1778974628.773,99.85,93.398,125.789,74.25,129.298,155.643,83.07,34.88,35.43,35.38
2026-05-16T23:37:13+00:00,1778974633.775,99.77,93.429,125.789,74.27,129.312,155.643,83.08,34.65,35.37,35.37
2026-05-16T23:37:18+00:00,1778974638.776,99.85,93.425,125.789,74.27,129.331,155.643,83.09,35.16,35.47,35.40
2026-05-16T23:37:23+00:00,1778974643.777,99.84,93.415,125.789,74.26,129.348,155.643,83.11,35.39,35.51,35.41
2026-05-16T23:37:28+00:00,1778974648.779,99.86,93.400,125.789,74.25,129.359,155.643,83.11,35.60,35.55,35.42
2026-05-16T23:37:33+00:00,1778974653.780,99.85,93.393,125.789,74.25,129.370,155.643,83.12,35.63,35.56,35.43
2026-05-16T23:37:38+00:00,1778974658.781,99.85,93.385,125.789,74.24,129.379,155.643,83.13,35.42,35.51,35.41
2026-05-16T23:37:43+00:00,1778974663.783,99.85,93.385,125.789,74.24,129.388,155.643,83.13,35.95,35.62,35.45
2026-05-16T23:37:48+00:00,1778974668.784,99.86,93.390,125.789,74.24,129.397,155.643,83.14,35.79,35.60,35.44
2026-05-16T23:37:53+00:00,1778974673.786,99.85,93.426,125.789,74.27,129.404,155.643,83.14,35.57,35.55,35.43
2026-05-16T23:37:58+00:00,1778974678.787,99.86,93.429,125.789,74.27,129.410,155.643,83.15,35.44,35.53,35.42
2026-05-16T23:38:03+00:00,1778974683.788,99.86,93.425,125.789,74.27,129.417,155.643,83.15,35.33,35.50,35.41
2026-05-16T23:38:08+00:00,1778974688.790,99.86,93.435,125.789,74.28,129.425,155.643,83.16,35.54,35.54,35.43
2026-05-16T23:38:13+00:00,1778974693.791,99.86,93.439,125.789,74.28,129.433,155.643,83.16,35.34,35.50,35.41
2026-05-16T23:38:18+00:00,1778974698.792,99.84,93.446,125.789,74.29,129.439,155.643,83.16,35.15,35.46,35.40
2026-05-16T23:38:23+00:00,1778974703.794,99.85,93.451,125.789,74.29,129.445,155.643,83.17,35.14,35.45,35.40
2026-05-16T23:38:28+00:00,1778974708.795,99.87,93.451,125.789,74.29,129.452,155.643,83.17,35.29,35.48,35.41
2026-05-16T23:38:33+00:00,1778974713.796,99.85,93.462,125.789,74.30,129.459,155.643,83.18,35.18,35.45,35.40
2026-05-16T23:38:38+00:00,1778974718.798,99.84,93.574,125.789,74.39,129.467,155.643,83.18,35.25,35.46,35.40
2026-05-16T23:38:43+00:00,1778974723.799,99.82,93.567,125.789,74.38,129.475,155.643,83.19,34.99,35.40,35.38
2026-05-16T23:38:48+00:00,1778974728.801,99.86,93.575,125.789,74.39,129.488,155.643,83.20,35.23,35.45,35.40
2026-05-16T23:38:53+00:00,1778974733.802,99.87,93.567,125.789,74.38,129.506,155.643,83.21,35.45,35.49,35.41
2026-05-16T23:38:58+00:00,1778974738.803,99.85,93.559,125.789,74.38,129.526,155.643,83.22,35.50,35.50,35.42
2026-05-16T23:39:03+00:00,1778974743.805,99.86,93.532,125.789,74.36,129.537,155.643,83.23,35.38,35.47,35.41
2026-05-16T23:39:08+00:00,1778974748.806,99.86,93.536,125.789,74.36,129.547,155.643,83.23,35.75,35.55,35.43
2026-05-16T23:39:13+00:00,1778974753.807,99.86,93.533,125.789,74.36,129.557,155.643,83.24,35.69,35.54,35.43
2026-05-16T23:39:18+00:00,1778974758.809,99.85,93.537,125.789,74.36,129.566,155.643,83.25,35.79,35.56,35.44
2026-05-16T23:39:23+00:00,1778974763.810,99.84,93.546,125.789,74.37,129.575,155.643,83.25,35.89,35.59,35.45
2026-05-16T23:39:28+00:00,1778974768.811,99.84,93.580,125.789,74.39,129.582,155.643,83.26,36.46,35.71,35.49
2026-05-16T23:39:33+00:00,1778974773.813,99.85,93.581,125.789,74.40,129.590,155.643,83.26,37.06,35.85,35.54
2026-05-16T23:39:38+00:00,1778974778.814,99.86,93.582,125.789,74.40,129.598,155.643,83.27,37.14,35.88,35.55
2026-05-16T23:39:43+00:00,1778974783.815,99.86,93.588,125.789,74.40,129.604,155.643,83.27,36.89,35.85,35.54
2026-05-16T23:39:48+00:00,1778974788.817,99.86,93.594,125.789,74.41,129.610,155.643,83.27,36.49,35.79,35.52
2026-05-16T23:39:53+00:00,1778974793.818,99.85,93.598,125.789,74.41,129.617,155.643,83.28,37.18,35.94,35.57
2026-05-16T23:39:58+00:00,1778974798.819,99.84,93.609,125.789,74.42,129.624,155.643,83.28,36.76,35.88,35.55
2026-05-16T23:40:03+00:00,1778974803.821,99.85,93.612,125.789,74.42,129.629,155.643,83.29,36.46,35.83,35.54
2026-05-16T23:40:08+00:00,1778974808.822,99.85,93.616,125.789,74.42,129.636,155.643,83.29,36.18,35.78,35.53
2026-05-16T23:40:13+00:00,1778974813.823,99.85,93.725,125.789,74.51,129.644,155.643,83.30,36.25,35.80,35.53
2026-05-16T23:40:18+00:00,1778974818.825,99.86,93.719,125.789,74.51,129.651,155.643,83.30,36.07,35.77,35.53
2026-05-16T23:40:23+00:00,1778974823.826,99.85,93.724,125.789,74.51,129.662,155.643,83.31,35.74,35.71,35.51
2026-05-16T23:40:28+00:00,1778974828.828,99.85,93.726,125.789,74.51,129.677,155.643,83.32,35.60,35.68,35.50
2026-05-16T23:40:33+00:00,1778974833.829,99.85,93.725,125.789,74.51,129.697,155.643,83.33,35.55,35.67,35.50
2026-05-16T23:40:38+00:00,1778974838.831,99.86,93.713,125.789,74.50,129.712,155.643,83.34,35.35,35.62,35.48
2026-05-16T23:40:43+00:00,1778974843.832,99.85,93.699,125.789,74.49,129.722,155.643,83.35,35.32,35.61,35.48
2026-05-16T23:40:48+00:00,1778974848.834,99.84,93.698,125.789,74.49,129.732,155.643,83.35,35.62,35.67,35.50
2026-05-16T23:40:53+00:00,1778974853.835,99.86,93.684,125.789,74.48,129.741,155.643,83.36,35.65,35.67,35.50
2026-05-16T23:40:58+00:00,1778974858.836,99.86,93.685,125.789,74.48,129.750,155.643,83.36,35.43,35.63,35.49
2026-05-16T23:41:03+00:00,1778974863.837,99.87,93.692,125.789,74.48,129.758,155.643,83.37,35.64,35.67,35.50
2026-05-16T23:41:08+00:00,1778974868.839,99.86,93.741,125.789,74.52,129.764,155.643,83.37,35.35,35.61,35.48
2026-05-16T23:41:13+00:00,1778974873.840,99.84,93.746,125.789,74.53,129.770,155.643,83.38,35.24,35.58,35.47
2026-05-16T23:41:18+00:00,1778974878.842,99.86,93.744,125.789,74.53,129.778,155.643,83.38,35.30,35.59,35.48
2026-05-16T23:41:23+00:00,1778974883.843,99.86,93.749,125.789,74.53,129.787,155.643,83.39,35.04,35.53,35.46
2026-05-16T23:41:28+00:00,1778974888.844,99.86,93.760,125.789,74.54,129.794,155.643,83.39,34.79,35.47,35.44
2026-05-16T23:41:33+00:00,1778974893.846,99.85,93.764,125.789,74.54,129.801,155.643,83.40,35.05,35.51,35.45
2026-05-16T23:41:38+00:00,1778974898.847,99.87,93.762,125.789,74.54,129.807,155.643,83.40,34.89,35.47,35.44
2026-05-16T23:41:43+00:00,1778974903.848,99.84,93.771,125.789,74.55,129.812,155.643,83.40,35.13,35.51,35.45
2026-05-16T23:41:48+00:00,1778974908.850,99.86,93.778,125.789,74.55,129.818,155.643,83.41,34.88,35.45,35.43
2026-05-16T23:41:53+00:00,1778974913.851,99.84,93.783,125.789,74.56,129.825,155.643,83.41,34.89,35.45,35.43
2026-05-16T23:41:58+00:00,1778974918.852,99.81,93.880,125.789,74.63,129.832,155.643,83.42,34.82,35.42,35.42
2026-05-16T23:42:03+00:00,1778974923.854,99.87,93.868,125.789,74.62,129.842,155.643,83.42,34.76,35.40,35.42
2026-05-16T23:42:08+00:00,1778974928.855,99.86,93.867,125.789,74.62,129.856,155.643,83.43,35.02,35.44,35.43
2026-05-16T23:42:13+00:00,1778974933.856,99.84,93.867,125.789,74.62,129.874,155.643,83.44,34.93,35.42,35.42
2026-05-16T23:42:18+00:00,1778974938.858,99.84,93.854,125.789,74.61,129.888,155.643,83.45,35.50,35.53,35.46
2026-05-16T23:42:23+00:00,1778974943.859,99.85,93.840,125.789,74.60,129.898,155.643,83.46,35.30,35.48,35.44
2026-05-16T23:42:28+00:00,1778974948.860,99.86,93.843,125.789,74.60,129.907,155.643,83.46,35.76,35.58,35.47
2026-05-16T23:42:33+00:00,1778974953.862,99.87,93.830,125.789,74.59,129.916,155.643,83.47,36.02,35.63,35.49
2026-05-16T23:42:38+00:00,1778974958.863,99.86,93.834,125.789,74.60,129.924,155.643,83.48,35.69,35.57,35.47
2026-05-16T23:42:43+00:00,1778974963.864,99.86,93.840,125.789,74.60,129.931,155.643,83.48,35.56,35.55,35.47
2026-05-16T23:42:48+00:00,1778974968.865,99.86,93.843,125.789,74.60,129.937,155.643,83.48,35.35,35.50,35.45
2026-05-16T23:42:53+00:00,1778974973.867,99.87,93.942,125.789,74.68,129.943,155.643,83.49,35.16,35.46,35.44
2026-05-16T23:42:58+00:00,1778974978.868,99.66,93.916,125.789,74.66,129.948,155.643,83.49,35.47,35.52,35.46
2026-05-16T23:43:03+00:00,1778974983.869,99.86,93.907,125.789,74.65,129.955,155.643,83.50,35.43,35.51,35.46
2026-05-16T23:43:08+00:00,1778974988.871,99.87,93.908,125.789,74.66,129.963,155.643,83.50,35.16,35.45,35.44
2026-05-16T23:43:13+00:00,1778974993.872,99.79,93.915,125.789,74.66,129.970,155.643,83.51,35.15,35.45,35.43
2026-05-16T23:43:18+00:00,1778974998.873,99.85,93.914,125.789,74.66,129.978,155.643,83.51,34.97,35.40,35.42
2026-05-16T23:43:23+00:00,1778975003.875,99.86,93.921,125.789,74.67,129.985,155.643,83.51,34.74,35.35,35.40
2026-05-16T23:43:28+00:00,1778975008.876,99.87,93.929,125.789,74.67,129.991,155.643,83.52,34.52,35.29,35.38
2026-05-16T23:43:33+00:00,1778975013.877,99.81,94.026,125.789,74.75,129.997,155.643,83.52,34.39,35.25,35.37
2026-05-16T23:43:38+00:00,1778975018.879,99.86,94.023,125.789,74.75,130.006,155.643,83.53,34.28,35.22,35.36
2026-05-16T23:43:43+00:00,1778975023.880,99.84,94.035,125.789,74.76,130.018,155.643,83.54,34.18,35.18,35.35
2026-05-16T23:43:48+00:00,1778975028.881,99.78,94.047,125.789,74.77,130.033,155.643,83.55,34.49,35.23,35.36
2026-05-16T23:43:53+00:00,1778975033.883,99.87,94.114,125.789,74.82,130.050,155.643,83.56,34.37,35.19,35.35
2026-05-16T23:43:58+00:00,1778975038.884,99.89,94.074,125.789,74.79,130.065,155.643,83.57,34.18,35.14,35.33
2026-05-16T23:44:03+00:00,1778975043.886,99.87,94.037,125.789,74.76,130.075,155.643,83.57,34.00,35.08,35.31
2026-05-16T23:44:08+00:00,1778975048.887,99.87,94.030,125.789,74.75,130.086,155.643,83.58,34.16,35.10,35.32
2026-05-16T23:44:13+00:00,1778975053.888,99.86,94.026,125.789,74.75,130.095,155.643,83.59,34.23,35.10,35.31
2026-05-16T23:44:18+00:00,1778975058.890,99.84,94.029,125.789,74.75,130.104,155.643,83.59,34.05,35.05,35.30
2026-05-16T23:44:23+00:00,1778975063.891,99.84,94.027,125.789,74.75,130.111,155.643,83.60,34.69,35.16,35.33
2026-05-16T23:44:28+00:00,1778975068.893,99.86,94.032,125.789,74.75,130.118,155.643,83.60,34.47,35.11,35.31
2026-05-16T23:44:33+00:00,1778975073.894,99.84,94.034,125.789,74.76,130.125,155.643,83.60,34.52,35.11,35.31
2026-05-16T23:44:38+00:00,1778975078.895,99.85,94.041,125.789,74.76,130.132,155.643,83.61,34.39,35.07,35.30
2026-05-16T23:44:43+00:00,1778975083.897,99.85,94.048,125.789,74.77,130.139,155.643,83.61,34.28,35.04,35.29
2026-05-16T23:44:48+00:00,1778975088.898,99.86,94.051,125.789,74.77,130.146,155.643,83.62,34.26,35.02,35.28
2026-05-16T23:44:53+00:00,1778975093.899,99.86,94.055,125.789,74.77,130.154,155.643,83.62,34.96,35.15,35.32
2026-05-16T23:44:58+00:00,1778975098.901,99.86,94.060,125.789,74.78,130.160,155.643,83.63,34.96,35.15,35.32
2026-05-16T23:45:03+00:00,1778975103.902,99.87,94.070,125.789,74.78,130.166,155.643,83.63,34.72,35.10,35.30
2026-05-16T23:45:08+00:00,1778975108.904,99.84,94.081,125.789,74.79,130.172,155.643,83.64,34.51,35.04,35.28
2026-05-16T23:45:13+00:00,1778975113.905,99.86,94.086,125.789,74.80,130.178,155.643,83.64,34.79,35.09,35.30
2026-05-16T23:45:18+00:00,1778975118.906,99.84,94.186,125.789,74.88,130.185,155.643,83.64,34.56,35.04,35.28
2026-05-16T23:45:23+00:00,1778975123.908,99.87,94.178,125.789,74.87,130.195,155.643,83.65,34.44,35.01,35.27
2026-05-16T23:45:28+00:00,1778975128.909,99.87,94.188,125.789,74.88,130.208,155.643,83.66,35.12,35.14,35.31
2026-05-16T23:45:33+00:00,1778975133.910,99.86,94.186,125.789,74.88,130.226,155.643,83.67,34.87,35.09,35.29
2026-05-16T23:45:38+00:00,1778975138.912,99.87,94.178,125.789,74.87,130.241,155.643,83.68,34.96,35.10,35.29
2026-05-16T23:45:43+00:00,1778975143.913,99.84,94.161,125.789,74.86,130.253,155.643,83.69,35.13,35.14,35.30
2026-05-16T23:45:48+00:00,1778975148.915,99.84,94.158,125.789,74.85,130.262,155.643,83.69,34.88,35.08,35.29
2026-05-16T23:45:53+00:00,1778975153.916,99.85,94.148,125.789,74.85,130.272,155.643,83.70,35.45,35.20,35.32
2026-05-16T23:45:58+00:00,1778975158.917,99.87,94.288,125.789,74.96,130.281,155.643,83.71,35.17,35.15,35.30
2026-05-16T23:46:03+00:00,1778975163.919,99.88,94.246,125.789,74.92,130.288,155.643,83.71,35.24,35.16,35.31
2026-05-16T23:46:08+00:00,1778975168.920,99.86,94.242,125.789,74.92,130.295,155.643,83.71,35.06,35.12,35.29
2026-05-16T23:46:13+00:00,1778975173.922,99.87,94.237,125.789,74.92,130.301,155.643,83.72,34.81,35.07,35.28
2026-05-16T23:46:18+00:00,1778975178.923,99.87,94.236,125.789,74.92,130.306,155.643,83.72,34.75,35.05,35.27
2026-05-16T23:46:23+00:00,1778975183.924,99.86,94.234,125.789,74.91,130.312,155.643,83.73,35.09,35.12,35.29
2026-05-16T23:46:28+00:00,1778975188.926,99.86,94.230,125.789,74.91,130.319,155.643,83.73,36.20,35.35,35.36
2026-05-16T23:46:33+00:00,1778975193.927,99.83,94.234,125.789,74.91,130.326,155.643,83.73,35.87,35.29,35.35
2026-05-16T23:46:38+00:00,1778975198.928,99.85,94.235,125.789,74.92,130.334,155.643,83.74,35.56,35.24,35.33
2026-05-16T23:46:43+00:00,1778975203.930,99.84,94.235,125.789,74.92,130.341,155.643,83.74,35.35,35.20,35.31
2026-05-16T23:46:48+00:00,1778975208.931,99.86,94.236,125.789,74.92,130.347,155.643,83.75,36.20,35.38,35.37
2026-05-16T23:46:53+00:00,1778975213.933,99.86,94.235,125.789,74.92,130.353,155.643,83.75,35.95,35.34,35.36
2026-05-16T23:46:58+00:00,1778975218.934,99.84,94.314,125.789,74.98,130.360,155.643,83.76,35.71,35.30,35.35
2026-05-16T23:47:03+00:00,1778975223.935,99.86,94.328,125.789,74.99,130.371,155.643,83.76,35.41,35.25,35.33
2026-05-16T23:47:08+00:00,1778975228.937,99.86,94.354,125.789,75.01,130.386,155.643,83.77,35.46,35.26,35.33
2026-05-16T23:47:13+00:00,1778975233.938,99.86,94.350,125.789,75.01,130.405,155.643,83.78,35.34,35.24,35.32
2026-05-16T23:47:18+00:00,1778975238.939,99.86,94.344,125.789,75.00,130.421,155.643,83.80,35.72,35.32,35.35
2026-05-16T23:47:23+00:00,1778975243.941,99.87,94.317,125.789,74.98,130.432,155.643,83.80,35.42,35.26,35.33
2026-05-16T23:47:28+00:00,1778975248.942,99.86,94.322,125.789,74.98,130.441,155.643,83.81,35.31,35.24,35.32
2026-05-16T23:47:33+00:00,1778975253.943,99.85,94.434,125.789,75.07,130.451,155.643,83.81,35.04,35.19,35.31
2026-05-16T23:47:38+00:00,1778975258.945,99.86,94.408,125.789,75.05,130.459,155.643,83.82,34.80,35.13,35.29
2026-05-16T23:47:43+00:00,1778975263.946,99.87,94.412,125.789,75.06,130.467,155.643,83.82,34.57,35.08,35.27
2026-05-16T23:47:48+00:00,1778975268.947,99.86,94.407,125.789,75.05,130.475,155.643,83.83,34.45,35.05,35.26
2026-05-16T23:47:53+00:00,1778975273.949,99.86,94.406,125.789,75.05,130.480,155.643,83.83,34.33,35.01,35.25
2026-05-16T23:47:58+00:00,1778975278.950,99.86,94.408,125.789,75.05,130.487,155.643,83.84,34.38,35.01,35.24
2026-05-16T23:48:03+00:00,1778975283.952,99.87,94.407,125.789,75.05,130.493,155.643,83.84,34.19,34.96,35.23
2026-05-16T23:48:08+00:00,1778975288.953,99.87,94.413,125.789,75.06,130.501,155.643,83.85,34.18,34.95,35.22
2026-05-16T23:48:13+00:00,1778975293.954,99.86,94.413,125.789,75.06,130.509,155.643,83.85,34.16,34.93,35.21
2026-05-16T23:48:18+00:00,1778975298.956,99.86,94.415,125.789,75.06,130.515,155.643,83.86,34.23,34.93,35.21
2026-05-16T23:48:23+00:00,1778975303.957,99.87,94.419,125.789,75.06,130.522,155.643,83.86,34.29,34.93,35.21
2026-05-16T23:48:28+00:00,1778975308.958,99.87,94.421,125.789,75.06,130.529,155.643,83.86,34.27,34.92,35.20
2026-05-16T23:48:33+00:00,1778975313.960,99.84,94.524,125.789,75.14,130.536,155.643,83.87,34.09,34.87,35.19
2026-05-16T23:48:38+00:00,1778975318.961,99.86,94.517,125.789,75.14,130.544,155.643,83.87,33.92,34.82,35.17
2026-05-16T23:48:43+00:00,1778975323.963,99.87,94.516,125.789,75.14,130.557,155.643,83.88,33.85,34.79,35.16
2026-05-16T23:48:48+00:00,1778975328.964,99.87,94.516,125.789,75.14,130.573,155.643,83.89,33.86,34.78,35.15
2026-05-16T23:48:53+00:00,1778975333.965,99.86,94.523,125.789,75.14,130.590,155.643,83.90,34.83,34.96,35.21
2026-05-16T23:48:58+00:00,1778975338.966,99.86,94.493,125.789,75.12,130.603,155.643,83.91,35.16,35.03,35.23
2026-05-16T23:49:03+00:00,1778975343.968,99.88,94.486,125.789,75.12,130.612,155.643,83.92,35.87,35.18,35.28
2026-05-16T23:49:08+00:00,1778975348.969,99.84,94.480,125.789,75.11,130.622,155.643,83.92,35.56,35.13,35.26
2026-05-16T23:49:13+00:00,1778975353.970,99.86,94.486,125.789,75.11,130.631,155.643,83.93,35.36,35.09,35.25
2026-05-16T23:49:18+00:00,1778975358.972,99.86,94.489,125.789,75.12,130.639,155.643,83.94,35.09,35.04,35.23
2026-05-16T23:49:23+00:00,1778975363.973,99.86,94.532,125.789,75.15,130.645,155.643,83.94,34.84,34.99,35.21
2026-05-16T23:49:28+00:00,1778975368.975,99.87,94.514,125.789,75.14,130.651,155.643,83.94,34.93,35.01,35.22
2026-05-16T23:49:33+00:00,1778975373.976,99.87,94.519,125.789,75.14,130.657,155.643,83.95,34.70,34.96,35.20
2026-05-16T23:49:38+00:00,1778975378.977,99.86,94.521,125.789,75.14,130.664,155.643,83.95,34.48,34.91,35.18
2026-05-16T23:49:43+00:00,1778975383.979,99.87,94.519,125.789,75.14,130.671,155.643,83.96,34.28,34.86,35.16
2026-05-16T23:49:48+00:00,1778975388.980,99.87,94.523,125.789,75.14,130.679,155.643,83.96,34.10,34.81,35.15
2026-05-16T23:49:53+00:00,1778975393.981,99.87,94.529,125.789,75.15,130.687,155.643,83.97,33.93,34.76,35.13
2026-05-16T23:49:58+00:00,1778975398.983,99.86,94.537,125.789,75.16,130.693,155.643,83.97,33.86,34.73,35.12
2026-05-16T23:50:03+00:00,1778975403.985,99.87,94.544,125.789,75.16,130.699,155.643,83.97,33.71,34.69,35.10
2026-05-16T23:50:08+00:00,1778975408.986,99.84,94.648,125.789,75.24,130.706,155.643,83.98,33.73,34.68,35.09
2026-05-16T23:50:13+00:00,1778975413.987,99.86,94.646,125.789,75.24,130.714,155.643,83.98,33.83,34.68,35.09
2026-05-16T23:50:18+00:00,1778975418.989,99.84,94.656,125.789,75.25,130.726,155.643,83.99,34.57,34.82,35.14
2026-05-16T23:50:23+00:00,1778975423.990,99.86,94.663,125.789,75.26,130.741,155.643,84.00,34.44,34.79,35.12
2026-05-16T23:50:28+00:00,1778975428.991,99.87,94.653,125.789,75.25,130.761,155.643,84.01,34.33,34.76,35.11
2026-05-16T23:50:33+00:00,1778975433.993,99.87,94.646,125.789,75.24,130.775,155.643,84.02,34.70,34.83,35.13
2026-05-16T23:50:38+00:00,1778975438.994,99.86,94.633,125.789,75.23,130.786,155.643,84.03,34.80,34.85,35.14
2026-05-16T23:50:43+00:00,1778975443.995,99.87,94.634,125.789,75.23,130.796,155.643,84.04,34.58,34.80,35.12
2026-05-16T23:50:48+00:00,1778975448.997,99.83,94.622,125.789,75.22,130.807,155.643,84.04,34.53,34.79,35.11
2026-05-16T23:50:53+00:00,1778975453.998,99.86,94.622,125.789,75.22,130.816,155.643,84.05,35.29,34.94,35.16
2026-05-16T23:50:58+00:00,1778975458.999,99.86,94.630,125.789,75.23,130.824,155.643,84.05,35.43,34.98,35.17
2026-05-16T23:51:04+00:00,1778975464.001,99.86,94.662,125.789,75.25,130.830,155.643,84.06,35.39,34.98,35.17
2026-05-16T23:51:09+00:00,1778975469.002,99.86,94.679,125.789,75.27,130.837,155.643,84.06,35.20,34.94,35.16
2026-05-16T23:51:14+00:00,1778975474.004,99.86,94.676,125.789,75.27,130.845,155.643,84.07,35.03,34.91,35.15
2026-05-16T23:51:19+00:00,1778975479.005,99.87,94.679,125.789,75.27,130.853,155.643,84.07,34.78,34.86,35.13
2026-05-16T23:51:24+00:00,1778975484.007,99.86,94.683,125.789,75.27,130.861,155.643,84.08,34.64,34.83,35.12
2026-05-16T23:51:29+00:00,1778975489.008,99.87,94.687,125.789,75.27,130.867,155.643,84.08,34.43,34.78,35.10
2026-05-16T23:51:34+00:00,1778975494.009,99.86,94.699,125.789,75.28,130.874,155.643,84.09,35.19,34.94,35.15
2026-05-16T23:51:39+00:00,1778975499.011,99.85,94.700,125.789,75.28,130.880,155.643,84.09,35.02,34.91,35.14
2026-05-16T23:51:44+00:00,1778975504.012,99.86,94.706,125.789,75.29,130.886,155.643,84.09,34.86,34.87,35.13
2026-05-16T23:51:49+00:00,1778975509.013,99.84,94.799,125.789,75.36,130.893,155.643,84.10,34.71,34.84,35.12
2026-05-16T23:51:54+00:00,1778975514.015,99.86,94.798,125.789,75.36,130.906,155.643,84.11,34.49,34.80,35.10
2026-05-16T23:51:59+00:00,1778975519.016,99.87,94.804,125.789,75.37,130.922,155.643,84.12,34.37,34.77,35.09
2026-05-16T23:52:04+00:00,1778975524.017,99.87,94.804,125.789,75.37,130.940,155.643,84.13,34.34,34.75,35.08
2026-05-16T23:52:09+00:00,1778975529.019,99.86,94.780,125.789,75.35,130.954,155.643,84.14,34.63,34.81,35.10
2026-05-16T23:52:14+00:00,1778975534.020,99.87,94.771,125.789,75.34,130.965,155.643,84.14,35.06,34.89,35.12
2026-05-16T23:52:19+00:00,1778975539.021,99.86,94.772,125.789,75.34,130.975,155.643,84.15,35.46,34.98,35.15
2026-05-16T23:52:24+00:00,1778975544.023,99.86,94.763,125.789,75.33,130.985,155.643,84.16,35.26,34.94,35.14
2026-05-16T23:52:29+00:00,1778975549.024,99.86,94.774,125.789,75.34,130.994,155.643,84.16,35.16,34.93,35.13
2026-05-16T23:52:34+00:00,1778975554.025,99.86,94.782,125.789,75.35,131.002,155.643,84.17,34.99,34.90,35.12
2026-05-16T23:52:39+00:00,1778975559.027,99.85,94.795,125.789,75.36,131.009,155.643,84.17,34.83,34.86,35.11
2026-05-16T23:52:44+00:00,1778975564.028,99.85,94.794,125.789,75.36,131.014,155.643,84.18,35.00,34.90,35.12
2026-05-16T23:52:49+00:00,1778975569.029,99.86,94.803,125.789,75.37,131.021,155.643,84.18,34.92,34.88,35.11
2026-05-16T23:52:54+00:00,1778975574.031,99.86,94.812,125.789,75.37,131.027,155.643,84.18,34.69,34.84,35.09
2026-05-16T23:52:59+00:00,1778975579.032,99.87,94.816,125.789,75.38,131.034,155.643,84.19,34.47,34.79,35.08
2026-05-16T23:53:04+00:00,1778975584.033,99.86,94.819,125.789,75.38,131.042,155.643,84.19,34.43,34.78,35.07
2026-05-16T23:53:09+00:00,1778975589.035,99.86,94.830,125.789,75.39,131.049,155.643,84.20,34.32,34.75,35.06
2026-05-16T23:53:14+00:00,1778975594.036,99.87,94.836,125.789,75.39,131.056,155.643,84.20,34.77,34.83,35.09
2026-05-16T23:53:19+00:00,1778975599.037,99.86,94.845,125.789,75.40,131.063,155.643,84.21,34.71,34.82,35.08
2026-05-16T23:53:24+00:00,1778975604.039,99.85,94.957,125.789,75.49,131.071,155.643,84.21,34.57,34.79,35.07
2026-05-16T23:53:29+00:00,1778975609.040,99.86,94.951,125.789,75.48,131.084,155.643,84.22,35.17,34.91,35.11
2026-05-16T23:53:34+00:00,1778975614.041,99.84,94.969,125.789,75.50,131.100,155.643,84.23,35.32,34.94,35.12
2026-05-16T23:53:39+00:00,1778975619.043,99.86,94.966,125.789,75.50,131.120,155.643,84.24,35.69,35.03,35.14
2026-05-16T23:53:44+00:00,1778975624.044,99.87,94.944,125.789,75.48,131.136,155.643,84.25,35.40,34.98,35.13
2026-05-16T23:53:49+00:00,1778975629.046,99.85,94.930,125.789,75.47,131.146,155.643,84.26,35.28,34.96,35.12
2026-05-16T23:53:54+00:00,1778975634.047,99.84,94.930,125.789,75.47,131.156,155.643,84.27,35.10,34.93,35.11
2026-05-16T23:53:59+00:00,1778975639.048,99.84,94.925,125.789,75.46,131.165,155.643,84.27,35.09,34.93,35.11
2026-05-16T23:54:04+00:00,1778975644.050,99.87,94.932,125.789,75.47,131.174,155.643,84.28,34.84,34.88,35.09
2026-05-16T23:54:09+00:00,1778975649.051,99.81,94.953,125.789,75.49,131.182,155.643,84.28,35.10,34.93,35.11
2026-05-16T23:54:14+00:00,1778975654.053,99.84,94.956,125.789,75.49,131.190,155.643,84.29,36.05,35.13,35.17
2026-05-16T23:54:19+00:00,1778975659.054,99.86,94.961,125.789,75.49,131.196,155.643,84.29,35.73,35.08,35.15
2026-05-16T23:54:24+00:00,1778975664.055,99.87,94.970,125.789,75.50,131.204,155.643,84.30,35.59,35.06,35.15
2026-05-16T23:54:29+00:00,1778975669.057,99.84,94.977,125.789,75.51,131.212,155.643,84.30,35.62,35.08,35.15
2026-05-16T23:54:34+00:00,1778975674.058,99.84,94.991,125.789,75.52,131.220,155.643,84.31,35.41,35.04,35.14
2026-05-16T23:54:39+00:00,1778975679.059,99.85,94.995,125.789,75.52,131.227,155.643,84.31,35.30,35.03,35.13
2026-05-16T23:54:44+00:00,1778975684.061,99.86,94.995,125.789,75.52,131.233,155.643,84.32,35.03,34.98,35.12
2026-05-16T23:54:49+00:00,1778975689.062,99.87,95.000,125.789,75.52,131.240,155.643,84.32,34.87,34.94,35.11
2026-05-16T23:54:54+00:00,1778975694.064,99.86,95.011,125.789,75.53,131.247,155.643,84.33,34.72,34.91,35.09
2026-05-16T23:54:59+00:00,1778975699.065,99.83,95.101,125.789,75.60,131.254,155.643,84.33,34.50,34.86,35.08
2026-05-16T23:55:04+00:00,1778975704.066,99.85,95.089,125.789,75.59,131.265,155.643,84.34,35.10,34.98,35.11
2026-05-16T23:55:09+00:00,1778975709.068,99.84,95.090,125.789,75.60,131.279,155.643,84.35,34.93,34.95,35.10
2026-05-16T23:55:14+00:00,1778975714.069,99.85,95.090,125.789,75.60,131.297,155.643,84.36,34.78,34.92,35.09
2026-05-16T23:55:19+00:00,1778975719.071,99.84,95.090,125.789,75.59,131.312,155.643,84.37,35.92,35.15,35.17
2026-05-16T23:55:24+00:00,1778975724.072,99.86,95.108,125.789,75.61,131.322,155.643,84.37,35.84,35.15,35.16
2026-05-16T23:55:29+00:00,1778975729.073,99.86,95.098,125.789,75.60,131.332,155.643,84.38,36.42,35.28,35.21
2026-05-16T23:55:34+00:00,1778975734.075,99.86,95.091,125.789,75.60,131.342,155.643,84.39,36.06,35.22,35.19
2026-05-16T23:55:39+00:00,1778975739.076,99.86,95.106,125.789,75.61,131.350,155.643,84.39,35.82,35.19,35.18
2026-05-16T23:55:44+00:00,1778975744.077,99.86,95.116,125.789,75.62,131.358,155.643,84.40,35.83,35.20,35.18
2026-05-16T23:55:49+00:00,1778975749.079,99.85,95.121,125.789,75.62,131.365,155.643,84.40,35.37,35.11,35.15
2026-05-16T23:55:54+00:00,1778975754.080,99.87,95.125,125.789,75.62,131.373,155.643,84.41,35.18,35.08,35.14
2026-05-16T23:55:59+00:00,1778975759.081,99.85,95.131,125.789,75.63,131.379,155.643,84.41,34.92,35.03,35.13
2026-05-16T23:56:04+00:00,1778975764.083,99.86,95.142,125.789,75.64,131.386,155.643,84.42,34.85,35.01,35.12
2026-05-16T23:56:09+00:00,1778975769.084,99.84,95.142,125.789,75.64,131.394,155.643,84.42,34.62,34.96,35.10
2026-05-16T23:56:14+00:00,1778975774.086,99.85,95.149,125.789,75.64,131.401,155.643,84.42,34.57,34.94,35.10
2026-05-16T23:56:19+00:00,1778975779.087,99.85,95.151,125.789,75.64,131.406,155.643,84.43,35.08,35.04,35.13
2026-05-16T23:56:24+00:00,1778975784.088,99.86,95.157,125.789,75.65,131.412,155.643,84.43,35.96,35.23,35.19
2026-05-16T23:56:29+00:00,1778975789.089,99.85,95.165,125.789,75.65,131.419,155.643,84.44,36.20,35.29,35.21
2026-05-16T23:56:34+00:00,1778975794.091,99.85,95.257,125.789,75.73,131.427,155.643,84.44,36.91,35.45,35.26
2026-05-16T23:56:39+00:00,1778975799.092,99.85,95.260,125.789,75.73,131.437,155.643,84.45,36.51,35.39,35.24
2026-05-16T23:56:44+00:00,1778975804.093,99.84,95.279,125.789,75.75,131.453,155.643,84.46,36.15,35.34,35.22
2026-05-16T23:56:49+00:00,1778975809.095,99.82,95.277,125.789,75.74,131.471,155.643,84.47,36.38,35.40,35.24
2026-05-16T23:56:54+00:00,1778975814.096,99.85,95.244,125.789,75.72,131.488,155.643,84.48,36.19,35.37,35.24
2026-05-16T23:56:59+00:00,1778975819.098,99.86,95.220,125.789,75.70,131.499,155.643,84.49,36.09,35.37,35.24
2026-05-16T23:57:04+00:00,1778975824.099,99.86,95.226,125.789,75.70,131.509,155.643,84.49,35.77,35.31,35.22
2026-05-16T23:57:09+00:00,1778975829.100,99.87,95.227,125.789,75.70,131.519,155.643,84.50,36.03,35.37,35.24
2026-05-16T23:57:14+00:00,1778975834.102,99.86,95.226,125.789,75.70,131.529,155.643,84.51,36.02,35.38,35.24
2026-05-16T23:57:19+00:00,1778975839.103,99.86,95.227,125.789,75.70,131.537,155.643,84.51,36.10,35.41,35.25
2026-05-16T23:57:24+00:00,1778975844.104,99.85,95.234,125.789,75.71,131.543,155.643,84.52,36.81,35.57,35.31
2026-05-16T23:57:29+00:00,1778975849.106,99.85,95.242,125.789,75.72,131.549,155.643,84.52,36.51,35.53,35.29
2026-05-16T23:57:34+00:00,1778975854.107,99.85,95.247,125.789,75.72,131.556,155.643,84.52,36.31,35.50,35.29
2026-05-16T23:57:39+00:00,1778975859.108,99.86,95.248,125.789,75.72,131.563,155.643,84.53,36.04,35.46,35.27
2026-05-16T23:57:44+00:00,1778975864.110,99.86,95.256,125.789,75.73,131.572,155.643,84.53,37.16,35.70,35.35
2026-05-16T23:57:49+00:00,1778975869.111,99.85,95.262,125.789,75.73,131.579,155.643,84.54,36.75,35.64,35.33
2026-05-16T23:57:54+00:00,1778975874.113,99.87,95.270,125.789,75.74,131.585,155.643,84.54,36.45,35.60,35.32
2026-05-16T23:57:59+00:00,1778975879.114,99.86,95.281,125.789,75.75,131.591,155.643,84.55,36.57,35.64,35.34
2026-05-16T23:58:04+00:00,1778975884.115,99.86,95.287,125.789,75.75,131.597,155.643,84.55,37.49,35.84,35.40
2026-05-16T23:58:09+00:00,1778975889.117,99.85,95.399,125.789,75.84,131.604,155.643,84.56,37.13,35.79,35.39
2026-05-16T23:58:14+00:00,1778975894.118,99.84,95.387,125.789,75.83,131.613,155.643,84.56,37.28,35.85,35.41
2026-05-16T23:58:19+00:00,1778975899.120,99.88,95.387,125.789,75.83,131.627,155.643,84.57,36.85,35.78,35.39
2026-05-16T23:58:24+00:00,1778975904.121,99.87,95.389,125.789,75.83,131.644,155.643,84.58,36.47,35.72,35.37
2026-05-16T23:58:29+00:00,1778975909.122,99.86,95.390,125.789,75.83,131.662,155.643,84.59,36.43,35.73,35.38
2026-05-16T23:58:34+00:00,1778975914.124,99.86,95.361,125.789,75.81,131.674,155.643,84.60,36.31,35.71,35.37
2026-05-16T23:58:39+00:00,1778975919.125,99.84,95.362,125.789,75.81,131.684,155.643,84.61,35.97,35.65,35.36
2026-05-16T23:58:44+00:00,1778975924.126,99.87,95.359,125.789,75.81,131.694,155.643,84.61,35.73,35.61,35.34
2026-05-16T23:58:49+00:00,1778975929.128,99.86,95.356,125.789,75.81,131.703,155.643,84.62,35.43,35.55,35.33
2026-05-16T23:58:54+00:00,1778975934.129,99.87,95.365,125.789,75.81,131.710,155.643,84.62,35.40,35.54,35.32
2026-05-16T23:58:59+00:00,1778975939.131,99.87,95.387,125.789,75.83,131.716,155.643,84.63,35.20,35.50,35.31
2026-05-16T23:59:04+00:00,1778975944.132,99.87,95.389,125.789,75.83,131.722,155.643,84.63,35.19,35.49,35.31
2026-05-16T23:59:09+00:00,1778975949.133,99.86,95.393,125.789,75.84,131.728,155.643,84.63,35.97,35.64,35.36
2026-05-16T23:59:14+00:00,1778975954.135,99.86,95.403,125.789,75.84,131.734,155.643,84.64,36.06,35.67,35.37
2026-05-16T23:59:19+00:00,1778975959.136,99.86,95.405,125.789,75.85,131.741,155.643,84.64,35.89,35.64,35.36
2026-05-16T23:59:24+00:00,1778975964.138,99.85,95.412,125.789,75.85,131.748,155.643,84.65,36.54,35.78,35.41
2026-05-16T23:59:29+00:00,1778975969.139,99.86,95.419,125.789,75.86,131.755,155.643,84.65,36.18,35.72,35.39
2026-05-16T23:59:34+00:00,1778975974.140,99.84,95.427,125.789,75.86,131.762,155.643,84.66,35.84,35.65,35.37
2026-05-16T23:59:39+00:00,1778975979.142,99.87,95.431,125.789,75.87,131.767,155.643,84.66,35.53,35.59,35.35
2026-05-16T23:59:44+00:00,1778975984.143,99.86,95.436,125.789,75.87,131.774,155.643,84.66,35.33,35.55,35.34
2026-05-16T23:59:49+00:00,1778975989.145,99.84,95.533,125.789,75.95,131.781,155.643,84.67,35.06,35.49,35.32
2026-05-16T23:59:54+00:00,1778975994.146,99.87,95.530,125.789,75.95,131.792,155.643,84.68,34.66,35.40,35.29
2026-05-16T23:59:59+00:00,1778975999.147,99.78,95.558,125.789,75.97,131.804,155.643,84.68,34.53,35.36,35.28
